number,domain,classification
1,google.com,good
2,youtube.com,good
3,facebook.com,good
4,baidu.com,good
5,wikipedia.org,good
6,yahoo.com,good
7,google.co.in,good
8,reddit.com,good
9,qq.com,good
10,amazon.com,good
11,taobao.com,good
12,twitter.com,good
13,tmall.com,good
14,google.co.jp,good
15,live.com,good
16,vk.com,good
17,instagram.com,good
18,sohu.com,good
19,sina.com.cn,good
20,jd.com,good
21,weibo.com,good
22,360.cn,good
23,google.de,good
24,google.co.uk,good
25,linkedin.com,good
26,google.com.br,good
27,list.tmall.com,good
28,google.fr,good
29,google.ru,good
30,yandex.ru,good
31,netflix.com,good
32,google.com.hk,good
33,yahoo.co.jp,good
34,google.it,good
35,t.co,good
36,ebay.com,good
37,google.es,good
38,pornhub.com,adult
39,imgur.com,good
40,bing.com,good
41,msn.com,good
42,onclkds.com,malicious
43,twitch.tv,good
44,google.com.mx,good
45,google.ca,good
46,tumblr.com,good
47,gmw.cn,good
48,alipay.com,good
49,livejasmin.com,adult
50,xvideos.com,adult
51,mail.ru,good
52,microsoft.com,good
53,ok.ru,good
54,aliexpress.com,good
55,wordpress.com,good
56,hao123.com,good
57,stackoverflow.com,good
58,imdb.com,good
59,github.com,good
60,amazon.co.jp,good
61,blogspot.com,good
62,pinterest.com,good
63,csdn.net,good
64,wikia.com,good
65,apple.com,good
66,google.com.tr,good
67,popads.net,malicious
68,youth.cn,good
69,office.com,good
70,bongacams.com,adult
71,paypal.com,good
72,microsoftonline.com,good
73,google.com.tw,good
74,google.com.au,good
75,whatsapp.com,good
76,google.pl,good
77,xhamster.com,adult
78,detail.tmall.com,good
79,diply.com,good
80,google.co.id,good
81,adobe.com,good
82,coccoc.com,good
83,craigslist.org,good
84,nicovideo.jp,good
85,txxx.com,adult
86,dropbox.com,good
87,amazon.de,good
88,google.com.ar,good
89,amazon.in,good
90,googleusercontent.com,good
91,google.com.pk,good
92,booking.com,good
93,thepiratebay.org,illegal
94,google.co.th,good
95,porn555.com,adult
96,pixnet.net,good
97,tianya.cn,good
98,google.com.eg,good
99,china.com,good
100,bbc.co.uk,good
101,soso.com,good
102,google.com.sa,good
103,savefrom.net,good
104,amazon.co.uk,good
105,bbc.com,good
106,fc2.com,adult
107,mozilla.org,good
108,rakuten.co.jp,good
109,uptodown.com,good
110,cnn.com,good
111,so.com,good
112,soundcloud.com,good
113,google.com.ua,good
114,quora.com,good
115,amazonaws.com,good
116,ask.com,good
117,clicksgear.com,malicious
118,xnxx.com,adult
119,google.nl,good
120,nytimes.com,good
121,naver.com,good
122,ettoday.net,good
123,adf.ly,malicious
124,dailymotion.com,good
125,onlinesbi.com,good
126,google.co.za,good
127,steamcommunity.com,good
128,google.co.ve,good
129,salesforce.com,good
130,espn.com,good
131,fbcdn.net,good
132,stackexchange.com,good
133,blogger.com,good
134,chase.com,good
135,google.co.kr,good
136,ebay.de,good
137,vimeo.com,good
138,vice.com,good
139,theguardian.com,good
140,blastingnews.com,good
141,tribunnews.com,good
142,steampowered.com,good
143,chaturbate.com,adult
144,ebay.co.uk,good
145,detik.com,good
146,google.gr,good
147,google.com.vn,good
148,buzzfeed.com,good
149,indeed.com,good
150,dailymail.co.uk,good
151,mediafire.com,good
152,avito.ru,good
153,cnet.com,good
154,google.com.sg,good
155,globo.com,good
156,xinhuanet.com,good
157,openload.co,good
158,spotify.com,good
159,flipkart.com,good
160,ladbible.com,good
161,google.com.ph,good
162,google.com.co,good
163,popcash.net,malicious
164,google.be,good
165,google.se,good
166,deviantart.com,good
167,zhihu.com,good
168,google.cn,good
169,roblox.com,good
170,github.io,good
171,walmart.com,good
172,google.az,good
173,douyu.com,good
174,uol.com.br,good
175,force.com,good
176,slideshare.net,good
177,upornia.com,adult
178,wikihow.com,good
179,yelp.com,good
180,twimg.com,good
181,daikynguyenvn.com,good
182,w3schools.com,good
183,washingtonpost.com,good
184,china.com.cn,good
185,pinimg.com,good
186,godaddy.com,good
187,etsy.com,good
188,rambler.ru,good
189,alibaba.com,good
190,sogou.com,good
191,nih.gov,good
192,google.at,good
193,hclips.com,adult
194,softonic.com,good
195,babytree.com,good
196,redtube.com,adult
197,google.com.ng,good
198,iwanttodeliver.com,good
199,9gag.com,good
200,slack.com,good
201,google.com.pe,good
202,bankofamerica.com,good
203,mercadolivre.com.br,good
204,4chan.org,adult
205,google.ro,good
206,cpm10.com,malicious
207,thestartmagazine.com,good
208,google.cz,good
209,redd.it,good
210,google.ch,good
211,tripadvisor.com,good
212,bet365.com,illegal
213,gfycat.com,good
214,amazon.fr,good
215,performanceadexchange.com,malicious
216,metropcs.mobi,good
217,bp.blogspot.com,good
218,discordapp.com,good
219,google.cl,good
220,wellsfargo.com,good
221,trello.com,good
222,amazon.it,good
223,indiatimes.com,good
224,battle.net,good
225,google.pt,good
226,zillow.com,good
227,1688.com,good
228,google.co.ao,good
229,messenger.com,good
230,thewhizmarketing.com,good
231,google.no,good
232,kinogo.club,malicious
233,kissanime.ru,malicious
234,mama.cn,good
235,gamepedia.com,good
236,youporn.com,adult
237,forbes.com,good
238,people.com.cn,good
239,myway.com,good
240,yts.ag,illegal
241,tokopedia.com,good
242,google.ae,good
243,abs-cbn.com,good
244,youm7.com,good
245,pipeschannels.com,good
246,weather.com,good
247,outbrain.com,good
248,ameblo.jp,good
249,ikea.com,good
250,spotscenered.info,malicious
251,kakaku.com,good
252,trackmedia101.com,malicious
253,mega.nz,good
254,39.net,good
255,bilibili.com,good
256,google.dz,good
257,huffingtonpost.com,good
258,hotmovs.com,adult
259,speedtest.net,good
260,livejournal.com,good
261,reimageplus.com,malicious
262,google.ie,good
263,adexchangeprediction.com,good
264,hotstar.com,good
265,rarbg.to,illegal
266,wetransfer.com,good
267,ign.com,good
268,doubleclick.net,good
269,google.hu,good
270,irctc.co.in,good
271,gomovies.to,malicious
272,foxnews.com,good
273,aol.com,good
274,sharepoint.com,good
275,google.co.il,good
276,archive.org,good
277,airbnb.com,good
278,allegro.pl,good
279,torrentz2.eu,illegal
280,bestbuy.com,good
281,amazon.cn,good
282,ltn.com.tw,good
283,huanqiu.com,good
284,leboncoin.fr,good
285,google.dk,good
286,cnblogs.com,good
287,files.wordpress.com,good
288,bitauto.com,good
289,dingit.tv,good
290,codeonclick.com,good
291,feedly.com,good
292,sumatoad.com,malicious
293,amazon.es,good
294,freepik.com,good
295,shutterstock.com,good
296,wikimedia.org,good
297,google.fi,good
298,huaban.com,good
299,skype.com,good
300,caijing.com.cn,good
301,ebay-kleinanzeigen.de,good
302,businessinsider.com,good
303,k618.cn,good
304,breitbart.com,good
305,liputan6.com,good
306,kinopoisk.ru,good
307,onlinevideoconverter.com,good
308,wordreference.com,good
309,kompas.com,good
310,hdzog.com,adult
311,chinadaily.com.cn,good
312,giphy.com,good
313,sberbank.ru,good
314,blogspot.com.br,good
315,zippyshare.com,good
316,rutracker.org,illegal
317,spankbang.com,adult
318,flickr.com,good
319,blogspot.in,good
320,fmovies.is,illegal
321,genius.com,good
322,subject.tmall.com,good
323,2ch.net,good
324,tfetimes.com,good
325,espncricinfo.com,good
326,mediawhirl.net,good
327,gamefaqs.com,good
328,sourceforge.net,good
329,scribd.com,good
330,telegram.org,good
331,videodownloadconverter.com,good
332,researchgate.net,good
333,gismeteo.ru,good
334,mailchimp.com,good
335,accuweather.com,good
336,xfinity.com,good
337,aliyun.com,good
338,homedepot.com,good
339,sabah.com.tr,good
340,mmofreegames.online,malicious
341,web.de,good
342,eastday.com,good
343,gmx.net,good
344,leagueoflegends.com,good
345,youtube-mp3.org,illegal
346,rumble.com,good
347,asos.com,good
348,varzesh3.com,good
349,daum.net,good
350,google.sk,good
351,1337x.to,illegal
352,office365.com,good
353,naver.jp,good
354,medium.com,good
355,ouo.io,malicious
356,hola.com,good
357,thesaurus.com,good
358,shopify.com,good
359,orange.fr,good
360,media.tumblr.com,good
361,digikala.com,good
362,rt.com,good
363,ndtv.com,good
364,livedoor.com,good
365,oracle.com,good
366,telegraph.co.uk,good
367,wordpress.org,good
368,olx.ua,good
369,zendesk.com,good
370,amazon.ca,good
371,samsung.com,good
372,icloud.com,good
373,redirectvoluum.com,malicious
374,cricbuzz.com,good
375,gearbest.com,good
376,userapi.com,good
377,goodreads.com,good
378,goo.ne.jp,good
379,capitalone.com,good
380,bukalapak.com,good
381,streamable.com,good
382,weebly.com,good
383,taboola.com,good
384,hp.com,good
385,hulu.com,good
386,americanexpress.com,good
387,google.kz,good
388,iqoption.com,illegal
389,target.com,good
390,beeg.com,adult
391,usps.com,good
392,ci123.com,good
393,askcom.me,good
394,kaskus.co.id,good
395,weevah2.top,malicious
396,subscene.com,good
397,atlassian.net,good
398,repubblica.it,good
399,providr.com,good
400,onet.pl,good
401,aparat.com,good
402,ups.com,good
403,newstarads.com,adult
404,youdao.com,good
405,evernote.com,good
406,independent.co.uk,good
407,rednet.cn,good
408,canva.com,good
409,hatena.ne.jp,good
410,rottentomatoes.com,good
411,nownews.com,good
412,hdfcbank.com,good
413,wittyfeed.com,good
414,spiegel.de,good
415,elpais.com,good
416,taleo.net,good
417,bet9ja.com,illegal
418,ibm.com,good
419,yesky.com,good
420,boredpanda.com,good
421,udemy.com,good
422,livedoor.jp,good
423,shink.in,malicious
424,iqiyi.com,good
425,asdfz.pro,malicious
426,duckduckgo.com,good
427,hatenablog.com,good
428,sciencedirect.com,good
429,fiverr.com,good
430,wp.pl,good
431,mlb.com,good
432,mercadolibre.com.ar,good
433,go.com,good
434,gyazo.com,good
435,naij.com,good
436,reverso.net,good
437,ensonhaber.com,good
438,setn.com,good
439,patreon.com,good
440,google.com.kw,good
441,doublepimpssl.com,adult
442,cloudfront.net,good
443,line.me,good
444,jrj.com.cn,good
445,myanimelist.net,good
446,upwork.com,good
447,incometaxindiaefiling.gov.in,good
448,intuit.com,good
449,nametests.com,good
450,mobileofferplace.site,malicious
451,themeforest.net,good
452,piz7ohhujogi.com,malicious
453,oeeee.com,good
454,seasonvar.ru,good
455,dell.com,good
456,bloomberg.com,good
457,cerpen.co.id,good
458,playstation.com,good
459,urbandictionary.com,good
460,behance.net,good
461,fedex.com,good
462,groupon.com,good
463,qiita.com,good
464,exoclick.com,adult
465,box.com,good
466,scribol.com,good
467,doublepimp.com,adult
468,glassdoor.com,good
469,uidai.gov.in,good
470,theverge.com,good
471,marca.com,good
472,coinmarketcap.com,good
473,wix.com,good
474,slickdeals.net,good
475,baike.com,good
476,rediff.com,good
477,google.co.nz,good
478,haber7.com,good
479,ytimg.com,good
480,free.fr,good
481,4dsply.com,good
482,yadi.sk,good
483,patch.com,good
484,ultimate-guitar.com,good
485,163.com,good
486,zoho.com,good
487,onedio.com,good
488,thewhizproducts.com,good
489,pandora.com,good
490,google.bg,good
491,perfecttoolmedia.com,good
492,taringa.net,good
493,sportbible.com,good
494,citi.com,good
495,momoshop.com.tw,good
496,kickstarter.com,good
497,ebay.it,good
498,icicibank.com,good
499,seznam.cz,good
500,biobiochile.cl,good
501,gizmodo.com,good
502,wowhead.com,good
503,manoramaonline.com,good
504,t-online.de,good
505,lifebuzz.com,good
506,lazada.co.id,good
507,cnzz.com,good
508,conservativetribune.com,good
509,wattpad.com,good
510,sahibinden.com,good
511,ebay.com.au,good
512,pixabay.com,good
513,naukri.com,good
514,yandex.ua,good
515,launchpage.org,good
516,umblr.com,good
517,mi.com,good
518,webmd.com,good
519,goal.com,good
520,gamer.com.tw,good
521,gsmarena.com,good
522,tutorialspoint.com,good
523,siteadvisor.com,good
524,billdesk.com,good
525,libero.it,good
526,reuters.com,good
527,list-manage.com,good
528,mercadolibre.com.mx,good
529,poloniex.com,good
530,paytm.com,good
531,olx.pl,good
532,google.lk,good
533,bleacherreport.com,good
534,google.rs,good
535,shaparak.ir,good
536,emol.com,good
537,tube8.com,adult
538,blackboard.com,good
539,pantip.com,good
540,vporn.com,adult
541,pikabu.ru,good
542,expedia.com,good
543,filehippo.com,good
544,friv.com,good
545,usatoday.com,good
546,nur.kz,good
547,chatwork.com,good
548,merdeka.com,good
549,xda-developers.com,good
550,pulseonclick.com,good
551,ptt.cc,good
552,vtv.vn,good
553,humblebundle.com,good
554,instructure.com,good
555,ck101.com,good
556,dictionary.com,good
557,hilltopads.net,good
558,wiktionary.org,good
559,tvbs.com.tw,good
560,nike.com,good
561,porn.com,adult
562,uploaded.net,good
563,lemonde.fr,good
564,liftable.com,good
565,azlyrics.com,good
566,google.by,good
567,att.com,good
568,givemesport.com,good
569,hurriyet.com.tr,good
570,bild.de,good
571,albawabhnews.com,good
572,wsj.com,good
573,asana.com,good
574,tistory.com,good
575,souq.com,good
576,newegg.com,good
577,mit.edu,good
578,kapanlagi.com,good
579,coinbase.com,good
580,wixsite.com,good
581,hubspot.com,good
582,flirt4free.com,adult
583,hm.com,good
584,104.com.tw,good
585,drom.ru,good
586,sabq.org,good
587,pages.tmall.com,good
588,google.com.do,good
589,chip.de,good
590,asus.com,good
591,wiley.com,good
592,elmundo.es,good
593,kijiji.ca,good
594,hespress.com,good
595,inquirer.net,good
596,tabelog.com,good
597,jabong.com,good
598,17ok.com,good
599,lk21.org,good
600,blogspot.mx,good
601,hotels.com,good
602,engadget.com,good
603,gogoanime.io,good
604,banggood.com,good
605,thefreedictionary.com,good
606,okta.com,good
607,4shared.com,good
608,npr.org,good
609,apple-panda.com,good
610,comcast.net,good
611,okdiario.com,good
612,ouedkniss.com,good
613,cambridge.org,good
614,kooora.com,good
615,ria.ru,good
616,dmm.co.jp,adult
617,wunderground.com,good
618,getpocket.com,good
619,youjizz.com,adult
620,discogs.com,good
621,adp.com,good
622,bandcamp.com,good
623,weblio.jp,good
624,as.com,good
625,wish.com,good
626,51sole.com,good
627,animeflv.net,good
628,squarespace.com,good
629,ctitv.com.tw,good
630,gamespot.com,good
631,lolsided.com,good
632,likrete.com,good
633,sex.com,adult
634,olx.com.br,good
635,xe.com,good
636,life.tw,good
637,corriere.it,good
638,techcrunch.com,good
639,verizonwireless.com,good
640,youboy.com,good
641,milliyet.com.tr,good
642,jianshu.com,good
643,terraclicks.com,good
644,jeuxvideo.com,good
645,webex.com,good
646,drtuber.com,adult
647,okcupid.com,good
648,mbc.net,good
649,badoo.com,good
650,convert2mp3.net,good
651,google.hr,good
652,drive2.ru,good
653,meetup.com,good
654,nikkei.com,good
655,discuss.com.hk,good
656,chinaz.com,good
657,mywatchseries.to,illegal
658,lapatilla.com,good
659,quizlet.com,good
660,blpmovies.com,illegal
661,bitbucket.org,good
662,douban.com,good
663,mundo.com,good
664,linkshrink.net,malicious
665,thekitchn.com,good
666,norton.com,good
667,reallifecam.com,adult
668,surveymonkey.com,good
669,springer.com,good
670,google.com.ly,good
671,gamingwonderland.com,good
672,blogfa.com,good
673,mercadolibre.com.ve,good
674,lifehacker.com,good
675,fnkyyrgraizy.com,malicious
676,thevideo.me,good
677,suning.com,good
678,neobux.com,illegal
679,brilio.net,good
680,coursera.org,good
681,lowes.com,good
682,eksisozluk.com,good
683,lefigaro.fr,good
684,liveadexchanger.com,malicious
685,alicdn.com,good
686,ebay.in,good
687,japanpost.jp,good
688,drudgereport.com,good
689,kotaku.com,good
690,lenta.ru,good
691,blog.jp,good
692,ask.fm,good
693,buyma.com,good
694,goo.gl,good
695,myfreecams.com,adult
696,ccm.net,good
697,uptobox.com,good
698,beytoote.com,good
699,cnbc.com,good
700,prezi.com,good
701,motherless.com,adult
702,superuser.com,good
703,chaoshi.tmall.com,good
704,newtabtv.com,good
705,eskimi.com,good
706,google.tn,good
707,namnak.com,good
708,realtor.com,good
709,indoxxi.net,illegal
710,avg.com,good
711,investopedia.com,good
712,ca.gov,good
713,nypost.com,good
714,ntd.tv,good
715,discover.com,good
716,rapidgator.net,malicious
717,mobilemonetize.me,malicious
718,mirror.co.uk,good
719,www.gov.uk,good
720,infusionsoft.com,good
721,kinokrad.co,malicious
722,appledaily.com.tw,good
723,academia.edu,good
724,voc.com.cn,good
725,cdiscount.com,good
726,gomovies.is,malicious
727,lenovo.com,good
728,nba.com,good
729,gmarket.co.kr,good
730,southwest.com,good
731,stockstar.com,good
732,dafont.com,good
733,crunchyroll.com,good
734,macys.com,good
735,moneycontrol.com,good
736,sakura.ne.jp,good
737,subito.it,good
738,g2a.com,good
739,grid.id,good
740,kayak.com,good
741,bodybuilding.com,good
742,googlevideo.com,good
743,urdupoint.com,good
744,fanfiction.net,good
745,camdolls.com,adult
746,udn.com,good
747,bitly.com,good
748,secureserver.net,good
749,divar.ir,good
750,thesun.co.uk,good
751,autodesk.com,good
752,winningdealz.com,good
753,vnexpress.net,good
754,banvenez.com,good
755,fwbntw.com,good
756,trulia.com,good
757,eventbrite.com,good
758,fatosdesconhecidos.com.br,good
759,rbc.ru,good
760,fbsbx.com,good
761,addthis.com,good
762,unity3d.com,good
763,caliente.mx,illegal
764,xtube.com,adult
765,howtogeek.com,good
766,android.com,good
767,gotporn.com,adult
768,snapdeal.com,good
769,streamcloud.eu,malicious
770,wp.com,good
771,ecosia.org,good
772,westernjournalism.com,good
773,investing.com,good
774,cisco.com,good
775,interia.pl,good
776,thebalance.com,good
777,elbalad.news,good
778,elmogaz.com,good
779,commentcamarche.net,good
780,tomshardware.com,good
781,el-nacional.com,good
782,google.com.ec,good
783,fidelity.com,good
784,4pda.ru,good
785,oschina.net,good
786,express.co.uk,good
787,viva.co.id,good
788,duolingo.com,good
789,php.net,good
790,prothom-alo.com,good
791,hamariweb.com,good
792,europa.eu,good
793,jimdo.com,good
794,indianexpress.com,good
795,cpmofferconvert.com,malicious
796,trackingclick.net,malicious
797,telewebion.com,good
798,latimes.com,good
799,how01.com,good
800,techradar.com,good
801,timeanddate.com,good
802,zone-telechargement.ws,illegal
803,voyeurhit.com,adult
804,fanpage.gr,good
805,pchome.com.tw,good
806,okezone.com,good
807,intel.com,good
808,bhphotovideo.com,good
809,gazetaexpress.com,good
810,uber.com,good
811,disqus.com,good
812,google.lt,good
813,kizlarsoruyor.com,good
814,grammarly.com,good
815,kissasian.com,good
816,hootsuite.com,good
817,khanacademy.org,good
818,qoolquiz.com,good
819,zara.com,good
820,pirateproxy.cc,malicious
821,nordstrom.com,good
822,google.iq,good
823,ieee.org,good
824,pof.com,adult
825,ebay.fr,good
826,mobile01.com,good
827,zing.vn,good
828,sockshare.net,malicious
829,lifewire.com,good
830,instructables.com,good
831,wykop.pl,good
832,disq.us,good
833,my-hit.org,malicious
834,chinaso.com,good
835,directrev.com,malicious
836,internetspeedtracker.com,good
837,kinoprofi.org,good
838,deviantart.net,good
839,intoday.in,good
840,blogspot.jp,good
841,jw.org,good
842,vidzi.tv,good
843,gazeta.pl,good
844,protect-your-privacy.net,good
845,thehill.com,good
846,google.com.mm,good
847,fromdoctopdf.com,good
848,delta.com,good
849,hts68934.com,malicious
850,prnt.sc,good
851,olx.in,good
852,faithtap.com,good
853,mobile.de,good
854,yenisafak.com,good
855,gongchang.com,good
856,time.com,good
857,yaplakal.com,good
858,y8.com,good
859,solarmoviez.to,illegal
860,58.com,good
861,allrecipes.com,good
862,sinoptik.ua,good
863,eyny.com,good
864,donga.com,good
865,sapo.pt,good
866,merriam-webster.com,good
867,python.org,good
868,sarkariresult.com,good
869,popmyads.com,good
870,cam4.com,adult
871,52pk.com,good
872,usnews.com,good
873,stanford.edu,good
874,sporx.com,good
875,sh.st,malicious
876,askubuntu.com,good
877,cbsnews.com,good
878,mangafox.me,good
879,eltrack.pro,malicious
880,myntra.com,good
881,cqnews.net,good
882,tebyan.net,good
883,dailypakistan.com.pk,good
884,ukr.net,good
885,issuu.com,good
886,caixa.gov.br,good
887,adnetworkperformance.com,good
888,state.gov,good
889,justdial.com,good
890,sputniknews.com,good
891,myfitnesspal.com,good
892,ticketmaster.com,good
893,bittrex.com,good
894,zoom.us,good
895,wtoip.com,good
896,xbox.com,good
897,google.com.gt,good
898,comicbook.com,good
899,asahi.com,good
900,codepen.io,good
901,makemytrip.com,good
902,tnctrx.com,good
903,metropoles.com,good
904,sugklonistiko.gr,good
905,idnes.cz,good
906,primewire.ag,illegal
907,nature.com,good
908,dianping.com,good
909,nikkeibp.co.jp,good
910,dict.cc,good
911,redfin.com,good
912,costco.com,good
913,nbcnews.com,good
914,agoda.com,good
915,lazada.com.my,good
916,bankmellat.ir,good
917,huawei.com,good
918,allocine.fr,good
919,usaa.com,good
920,admarketplace.net,good
921,strava.com,good
922,world.tmall.com,good
923,prpops.com,malicious
924,qingdaonews.com,good
925,plarium.com,good
926,nocookie.net,good
927,tellonym.de,good
928,idntimes.com,good
929,google.si,good
930,op.gg,good
931,airtel.in,good
932,food.tmall.com,good
933,mashable.com,good
934,ruten.com.tw,good
935,zomato.com,good
936,brazzers.com,adult
937,clipconverter.cc,malicious
938,andhrajyothy.com,good
939,labanquepostale.fr,good
940,chron.com,good
941,zapmeta.ws,good
942,politico.com,good
943,cbc.ca,good
944,gutefrage.net,good
945,href.li,malicious
946,torrentproject.se,illegal
947,visualstudio.com,good
948,uzone.id,good
949,focus.de,good
950,google.tm,good
951,united.com,good
952,segmentfault.com,good
953,welt.de,good
954,zhanqi.tv,good
955,ampxchange.com,good
956,yandex.com.tr,good
957,likemag.com,adult
958,primevideo.com,good
959,torrent9.cc,illegal
960,turbobit.net,malicious
961,chouftv.ma,good
962,freejobalert.com,good
963,gazzetta.it,good
964,perfectgirls.net,adult
965,lazada.com.ph,good
966,tnaflix.com,adult
967,worldstarhiphop.com,good
968,x48fly.com,malicious
969,java.com,good
970,ero-advertising.com,adult
971,liveinternet.ru,good
972,awesomeforyou.club,good
973,dostor.org,good
974,vetogate.com,good
975,digitalprivacyalert.org,good
976,secure-surf.net,good
977,11st.co.kr,good
978,dribbble.com,good
979,webtretho.com,good
980,tomsguide.com,good
981,imagetwist.com,good
982,lun.com,good
983,bookmyshow.com,good
984,ancestry.com,good
985,ea.com,good
986,artstation.com,good
987,livestrong.com,good
988,piriform.com,good
989,nulltheme.net,good
990,wayfair.com,good
991,theatlantic.com,good
992,apache.org,good
993,liveleak.com,good
994,skysports.com,good
995,polygon.com,good
996,cimaclub.com,good
997,td.com,good
998,pcgamer.com,good
999,internetdownloadmanager.com,good
1000,lazada.co.th,good
1001,dmv.org,good
1002,elvenar.com,good
1003,bhaskar.com,good
1004,avira.com,good
1005,vjav.com,adult
1006,photobucket.com,good
1007,ryanair.com,good
1008,datumglobal.com,good
1009,pastebin.com,good
1010,namasha.com,good
1011,friendsheart.com,good
1012,aa.com,good
1013,google.com.af,good
1014,ablogica.com,good
1015,n11.com,good
1016,yjc.ir,good
1017,vesti.ru,good
1018,guancha.cn,good
1019,custhelp.com,good
1020,avast.com,good
1021,hepsiburada.com,good
1022,almasryalyoum.com,good
1023,elfagr.org,good
1024,eol.cn,good
1025,elwatannews.com,good
1026,yandex.kz,good
1027,itmedia.co.jp,good
1028,alwafd.org,good
1029,usbank.com,good
1030,cdninstagram.com,good
1031,dream.co.id,good
1032,creditkarma.com,good
1033,gmanetwork.com,good
1034,teepr.com,good
1035,junbi-tracker.com,malicious
1036,yespornplease.com,adult
1037,ipetgroup.com,good
1038,mileroticos.com,adult
1039,mynavi.jp,good
1040,kknews.cc,good
1041,rightmove.co.uk,good
1042,tmz.com,good
1043,adme.ru,good
1044,familydoctor.com.cn,good
1045,abcnews.go.com,good
1046,icy-veins.com,good
1047,mixplugin.com,good
1048,google.com.my,good
1049,joq.al,good
1050,dcard.tw,good
1051,1tv.ru,good
1052,alodokter.com,good
1053,wuxiaworld.com,good
1054,dawn.com,good
1055,jiameng.com,good
1056,nextdoor.com,good
1057,harvard.edu,good
1058,dumedia.ru,good
1059,deezer.com,good
1060,debate.com.mx,good
1061,repelis.tv,good
1062,sanjesh.org,good
1063,biblegateway.com,good
1064,nasa.gov,good
1065,cbssports.com,good
1066,filmfanatic.com,good
1067,keepvid.com,good
1068,nextlnk13.com,malicious
1069,thewhizmarket.co,malicious
1070,knowyourmeme.com,good
1071,pexels.com,good
1072,chess.com,good
1073,elevenia.co.id,good
1074,news.com.au,good
1075,hh.ru,good
1076,farsnews.com,good
1077,nmisr.com,good
1078,smallpdf.com,good
1079,pcmag.com,good
1080,seesaa.net,good
1081,eporner.com,adult
1082,wired.com,good
1083,fishki.net,good
1084,ted.com,good
1085,india.com,good
1086,mobafire.com,good
1087,gumtree.com,good
1088,translationbuddy.com,good
1089,movie2free.com,malicious
1090,socialblade.com,good
1091,thepennyhoarder.com,good
1092,rutube.ru,good
1093,abril.com.br,good
1094,zhaopin.com,good
1095,oneindia.com,good
1096,nhk.or.jp,good
1097,ebc.net.tw,good
1098,mejortorrent.com,illegal
1099,rarbg.is,illegal
1100,gap.com,good
1101,royalbank.com,good
1102,tim.it,good
1103,blogspot.fr,good
1104,voluumtrk.com,malicious
1105,w3school.com.cn,good
1106,istockphoto.com,good
1107,infobae.com,good
1108,extratorrent.ag,illegal
1109,francetvinfo.fr,good
1110,yodobashi.com,good
1111,mysearch.com,good
1112,att.net,good
1113,auction.co.kr,good
1114,tilestwra.com,good
1115,wetter.com,good
1116,sfr.fr,good
1117,tamilrockers.nu,illegal
1118,wenxuecity.com,good
1119,edx.org,good
1120,kohls.com,good
1121,ifeng.com,good
1122,blogspot.tw,good
1123,readms.net,good
1124,ebay.ca,good
1125,b2b.cn,good
1126,sfgate.com,good
1127,watchfree.to,malicious
1128,ebates.com,good
1129,metro.co.uk,good
1130,argaam.com,good
1131,searchalgo.com,good
1132,jumia.com.ng,good
1133,eroterest.net,adult
1134,twoo.com,good
1135,myanmarload.com,good
1136,aljazeera.net,good
1137,rozetka.com.ua,good
1138,dhgate.com,good
1139,quizzstar.com,good
1140,absoluteclickscom.com,malicious
1141,123rf.com,good
1142,slate.com,good
1143,skyscanner.net,good
1144,hbogo.com,good
1145,gosuslugi.ru,good
1146,filmweb.pl,good
1147,cookpad.com,good
1148,tripadvisor.co.uk,good
1149,cinecalidad.to,good
1150,opensubtitles.org,good
1151,efrable.info,malicious
1152,gittigidiyor.com,good
1153,pelisplus.tv,illegal
1154,onclickads.net,malicious
1155,bomb01.com,malicious
1156,nuvid.com,adult
1157,change.org,good
1158,gazeta.ru,good
1159,fotostrana.ru,good
1160,1fichier.com,good
1161,icims.com,good
1162,pole-emploi.fr,good
1163,ebay.es,good
1164,kinozal.tv,illegal
1165,shopclues.com,good
1166,utorrent.com,malicious
1167,nanoadexchange.com,malicious
1168,bs.to,illegal
1169,basecamp.com,good
1170,miui.com,good
1171,lequipe.fr,good
1172,onclickmax.com,malicious
1173,wowkeren.com,good
1174,axisbank.co.in,good
1175,xing.com,good
1176,sina.com.tw,good
1177,v2ex.com,good
1178,poste.it,good
1179,usenet.nl,good
1180,thehindu.com,good
1181,blogspot.com.ar,good
1182,bintang.com,good
1183,clixsense.com,good
1184,ameba.jp,good
1185,retailmenot.com,good
1186,ficbook.net,good
1187,bola.net,good
1188,eztv.ag,good
1189,makeuseof.com,good
1190,akamaihd.net,good
1191,nairaland.com,good
1192,mynet.com,good
1193,brassring.com,good
1194,people.com,good
1195,milanuncios.com,good
1196,weather.gov,good
1197,kp.ru,good
1198,voirfilms.info,good
1199,deadspin.com,good
1200,echo.msk.ru,good
1201,adbooth.com,good
1202,n282adserv.com,good
1203,lynda.com,good
1204,easypdfcombine.com,good
1205,suara.com,good
1206,meteofrance.com,good
1207,americanas.com.br,good
1208,codecanyon.net,good
1209,gamestop.com,good
1210,brightside.me,good
1211,nsdl.com,good
1212,reclameaqui.com.br,good
1213,abc.net.au,good
1214,npmjs.com,good
1215,4399.com,good
1216,uniqlo.tmall.com,good
1217,gumtree.com.au,good
1218,mysagagame.com,good
1219,vg.no,good
1220,zappos.com,good
1221,zougla.gr,good
1222,novinky.cz,good
1223,banesconline.com,good
1224,furaffinity.net,adult
1225,audible.com,good
1226,blogspot.com.eg,good
1227,alc.co.jp,good
1228,google.com.pr,good
1229,priceline.com,good
1230,zf.fm,good
1231,teamviewer.com,good
1232,readthedocs.io,good
1233,besoccer.com,good
1234,marketwatch.com,good
1235,ivi.ru,good
1236,t-mobile.com,good
1237,blogspot.de,good
1238,indiamart.com,good
1239,amaporn.com,adult
1240,so-net.ne.jp,good
1241,nydailynews.com,good
1242,radiorage.com,good
1243,ppomppu.co.kr,good
1244,smartadtags.com,good
1245,clien.net,good
1246,nate.com,good
1247,brand.tmall.com,good
1248,todayhumor.co.kr,good
1249,topix.com,good
1250,worldofwarcraft.com,good
1251,thumbzilla.com,adult
1252,toutiao.com,good
1253,sankei.com,good
1254,privatbank.ua,good
1255,kongregate.com,good
1256,ssl-images-amazon.com,good
1257,ly.com,good
1258,aarth.com,good
1259,plex.tv,good
1260,fandango.com,good
1261,xunlei.com,good
1262,vanguardngr.com,good
1263,startpage.com,good
1264,thisav.com,adult
1265,wargaming.net,good
1266,vidio.com,good
1267,getbootstrap.com,good
1268,nudevista.com,adult
1269,heise.de,good
1270,uniqlo.com,good
1271,mercari.com,good
1272,google.lv,good
1273,bahn.de,good
1274,yr.no,good
1275,ouo.press,malicious
1276,thoughtco.com,good
1277,constantcontact.com,good
1278,teamliquid.net,good
1279,immobilienscout24.de,good
1280,gotomeeting.com,good
1281,express.pk,good
1282,ssl4anyone5.com,malicious
1283,codecademy.com,good
1284,last.fm,good
1285,nextmedia.com,good
1286,flaticon.com,good
1287,cloudflare.com,good
1288,postbank.de,good
1289,doorblog.jp,good
1290,freebitco.in,illegal
1291,netteller.com,good
1292,yifysubtitles.com,good
1293,youku.com,good
1294,3sk.tv,good
1295,championat.com,good
1296,doodle.com,good
1297,televisionfanatic.com,good
1298,online-convert.com,good
1299,zryydi.com,good
1300,scol.com.cn,good
1301,paytm.in,good
1302,tuko.co.ke,good
1303,sky.com,good
1304,hindustantimes.com,good
1305,imagefap.com,adult
1306,ky59812.com,malicious
1307,nvidia.com,good
1308,narod.ru,good
1309,worldoftanks.ru,good
1310,tradeadexchange.com,good
1311,gstatic.com,good
1312,dw.com,good
1313,ninisite.com,good
1314,efukt.com,adult
1315,altervista.org,good
1316,quikr.com,good
1317,cracked.com,good
1318,6park.com,good
1319,bringmesports.com,good
1320,marriott.com,good
1321,movieweb.com,good
1322,rutor.info,malicious
1323,aksam.com.tr,good
1324,curapelanatureza.com.br,good
1325,ashemaletube.com,adult
1326,blockchain.info,good
1327,suspents.info,malicious
1328,rockstargames.com,good
1329,chosun.com,good
1330,baskino.co,illegal
1331,24video.adult,adult
1332,witchcraftcash.com,malicious
1333,gofundme.com,good
1334,mathworks.com,good
1335,limetorrents.cc,illegal
1336,indianrail.gov.in,good
1337,arstechnica.com,good
1338,metacritic.com,good
1339,login.tmall.com,good
1340,apartmenttherapy.com,good
1341,jqw.com,good
1342,overstock.com,good
1343,gismeteo.ua,good
1344,backlog.jp,good
1345,zol.com.cn,good
1346,mangareader.net,good
1347,zz10485.com,malicious
1348,tubepornclassic.com,adult
1349,wikiwand.com,good
1350,hltv.org,good
1351,houzz.com,good
1352,qualtrics.com,good
1353,eenadu.net,good
1354,zz106855.com,good
1355,mawdoo3.com,good
1356,firefoxchina.cn,good
1357,bab.la,good
1358,linternaute.com,good
1359,mirtesen.ru,good
1360,ilfattoquotidiano.it,good
1361,stream-it.online,good
1362,ycombinator.com,good
1363,pnc.com,good
1364,ky25282.com,good
1365,wiocha.pl,good
1366,ppy.sh,good
1367,healthline.com,good
1368,epwk.com,good
1369,xuite.net,good
1370,biglobe.ne.jp,good
1371,mcafee.com,good
1372,atlassian.com,good
1373,fb.ru,good
1374,hollywoodreporter.com,good
1375,envato.com,good
1376,freelancer.com,good
1377,thevintagenews.com,good
1378,gnula.nu,good
1379,verizon.com,good
1380,vox.com,good
1381,jb51.net,good
1382,clarin.com,good
1383,mediaset.it,good
1384,talk.tw,good
1385,wondershare.com,good
1386,orf.at,good
1387,stumbleupon.com,good
1388,bettersearchtools.com,good
1389,otvfoco.com.br,good
1390,telegram.me,good
1391,arxiv.org,good
1392,berkeley.edu,good
1393,telegraf.com.ua,good
1394,admaimai.com,good
1395,videoyoum7.com,good
1396,crhoy.com,good
1397,20minutes.fr,good
1398,backpage.com,adult
1399,ed.gov,good
1400,digitalocean.com,good
1401,leadzupc.com,good
1402,service-now.com,good
1403,igetsend.ru,malicious
1404,pitchfork.com,good
1405,irs.gov,good
1406,xiaomi.com,good
1407,aniop25.com,malicious
1408,smugmug.com,good
1409,cda.pl,adult
1410,pixhost.org,good
1411,myegy.tv,illegal
1412,emuparadise.me,illegal
1413,popclck.com,malicious
1414,yourporn.sexy,adult
1415,gameforge.com,good
1416,habrahabr.ru,good
1417,abc.es,good
1418,urbanoutfitters.com,good
1419,userscloud.com,malicious
1420,livescore.com,good
1421,tagged.com,good
1422,credit-agricole.fr,good
1423,ajel.sa,good
1424,oneplus.net,good
1425,news18.com,good
1426,bustle.com,good
1427,yeniakit.com.tr,good
1428,finn.no,good
1429,tandfonline.com,good
1430,nationalgeographic.com,good
1431,dagospia.com,good
1432,rp5.ru,good
1433,theweathernetwork.com,good
1434,togetter.com,good
1435,kdnet.net,good
1436,kalerkantho.com,good
1437,v1.cn,good
1438,fanserials.tv,good
1439,blogspot.gr,good
1440,storm.mg,good
1441,iflscience.com,good
1442,commbank.com.au,good
1443,thedailybeast.com,good
1444,cima4u.tv,good
1445,caixabank.es,good
1446,olx.co.id,good
1447,kizi.com,good
1448,neiyi.tmall.com,good
1449,itv.com,good
1450,prom.ua,good
1451,lightinthebox.com,good
1452,ozon.ru,good
1453,mts.ru,good
1454,filmix.me,good
1455,emailaccessonline.com,good
1456,cb01.uno,illegal
1457,ozee.com,good
1458,redirect2719.ws,malicious
1459,google.com.cu,good
1460,bastillepost.com,good
1461,anitube.se,adult
1462,terrambmsads.com,malicious
1463,randomvideo.co,good
1464,crabsecret.tmall.com,good
1465,alargery.com,malicious
1466,abola.pt,good
1467,blibli.com,good
1468,forgeofempires.com,good
1469,google.ba,good
1470,techtudo.com.br,good
1471,editor.wix.com,good
1472,mbank.pl,good
1473,mail.com,good
1474,garmin.com,good
1475,foodnetwork.com,good
1476,lloydsbank.co.uk,good
1477,3c.tmall.com,good
1478,nintendo.com,good
1479,impress.co.jp,good
1480,alsbbora.com,good
1481,eset.com,good
1482,leo.org,good
1483,otto.de,good
1484,fastpic.ru,malicious
1485,51cto.com,good
1486,myhome.tmall.com,good
1487,bancodevenezuela.com,good
1488,minecraft.net,good
1489,fnac.com,good
1490,vseigru.net,good
1491,service.gov.uk,good
1492,bayt.com,good
1493,t.me,good
1494,bol.uol.com.br,good
1495,hostgator.com,good
1496,ranker.com,good
1497,dreamstime.com,good
1498,triumph.tmall.com,good
1499,playground.ru,good
1500,greatandhra.com,good
1501,360doc.com,good
1502,clickfunnels.com,good
1503,re19fla.com,good
1504,aimer.tmall.com,good
1505,renren.com,good
1506,indiegogo.com,good
1507,blog.me,good
1508,dhl.de,good
1509,pornpics.com,adult
1510,gidonline.club,malicious
1511,feger.tmall.com,good
1512,zeit.de,good
1513,avclub.com,good
1514,elconfidencial.com,good
1515,pinterest.de,good
1516,srchprivate.com,malicious
1517,lg.com,good
1518,jsfiddle.net,good
1519,rus.ec,good
1520,lanacion.com.ar,good
1521,forever21.com,good
1522,ekantipur.com,good
1523,aftonbladet.se,good
1524,arcot.com,good
1525,telekom.com,good
1526,googleapis.com,good
1527,tradingview.com,good
1528,sanook.com,good
1529,irecommend.ru,good
1530,animeyt.tv,good
1531,jobrapido.com,good
1532,moz.com,good
1533,joins.com,good
1534,letras.mus.br,good
1535,sozcu.com.tr,good
1536,yao.tmall.com,good
1537,njoyapps.com,good
1538,codeproject.com,good
1539,wildberries.ru,good
1540,monster.com,good
1541,programme-tv.net,good
1542,jalopnik.com,good
1543,githubusercontent.com,good
1544,nvqsjdvgqnyk.com,malicious
1545,pixlr.com,good
1546,tradedoubler.com,good
1547,correios.com.br,good
1548,thingiverse.com,good
1549,starzplay.com,good
1550,smi2.ru,good
1551,virgilio.it,good
1552,yandex.by,good
1553,mayoclinic.org,good
1554,daraz.pk,good
1555,watchseries.do,good
1556,wonderlandads.com,good
1557,concursolutions.com,good
1558,mufg.jp,good
1559,invisionapp.com,good
1560,variety.com,good
1561,dhl.com,good
1562,mediaoffers.click,malicious
1563,index.hu,good
1564,tvn24.pl,good
1565,sephora.com,good
1566,hsbc.co.uk,good
1567,jetbrains.com,good
1568,neogaf.com,good
1569,epochtimes.com,good
1570,digitaltrends.com,good
1571,elsevier.com,good
1572,entrepreneur.com,good
1573,gog.com,good
1574,internetportalne.ws,malicious
1575,pcpartpicker.com,good
1576,20minutos.es,good
1577,blogspot.com.tr,good
1578,farfetch.com,good
1579,9anime.to,illegal
1580,google.com.gh,good
1581,cmovieshd.com,good
1582,yomiuri.co.jp,good
1583,pussl3.com,adult
1584,macrumors.com,good
1585,kuronekoyamato.co.jp,good
1586,1111.com.tw,good
1587,shareasale.com,good
1588,xkcd.com,good
1589,bluehost.com,good
1590,donanimhaber.com,good
1591,voyages-sncf.com,good
1592,qiwi.com,good
1593,i.ua,good
1594,yallakora.com,good
1595,trustpilot.com,good
1596,kakao.com,good
1597,tempo.co,good
1598,indeed.co.in,good
1599,walgreens.com,good
1600,imwhite.ru,good
1601,teletica.com,good
1602,newsnow.co.uk,good
1603,miniclip.com,good
1604,coursehero.com,good
1605,otomoto.pl,good
1606,idealo.de,good
1607,zerohedge.com,good
1608,oceanofgames.com,malicious
1609,lostfilm.tv,good
1610,newstrend.news,good
1611,google.com.sv,good
1612,myworkday.com,good
1613,24h.com.vn,good
1614,jquery.com,good
1615,clevernt.com,good
1616,laposte.fr,good
1617,cmoney.tw,good
1618,mmmoffice.com,good
1619,vmware.com,good
1620,serverfault.com,good
1621,17track.net,good
1622,pelispedia.tv,good
1623,life.ru,good
1624,babycenter.com,good
1625,ilbe.com,good
1626,time2play-online.net,illegal
1627,semrush.com,good
1628,oasgames.com,good
1629,kapook.com,good
1630,shahid4u.com,good
1631,lolesports.com,good
1632,maybank2u.com.my,good
1633,chegg.com,good
1634,malwarebytes.com,good
1635,tabnak.ir,good
1636,nhl.com,good
1637,pornhublive.com,adult
1638,excite.co.jp,good
1639,fetlife.com,adult
1640,informer.com,good
1641,match.com,good
1642,fullhdfilmizlesene.org,good
1643,taoche.com,good
1644,swagbucks.com,good
1645,mangahere.co,good
1646,tnt-online.ru,good
1647,adidas.com,good
1648,sports.ru,good
1649,sportzwiki.com,good
1650,gebadu.com,good
1651,globaltimes.cn,good
1652,zozo.jp,good
1653,unblocked.srl,malicious
1654,lacaixa.es,good
1655,ubuntu.com,good
1656,lavanguardia.com,good
1657,dl-protecte.com,malicious
1658,depositphotos.com,good
1659,tutsplus.com,good
1660,clips4sale.com,adult
1661,sonyentertainmentnetwork.com,good
1662,pornmd.com,adult
1663,unicredit.it,good
1664,square-enix.com,good
1665,mysuperapps.online,malicious
1666,allkpop.com,good
1667,billboard.com,good
1668,nation.co.ke,good
1669,schwab.com,good
1670,nexusmods.com,good
1671,rollingstone.com,good
1672,leparisien.fr,good
1673,google.com.bd,good
1674,coco01.net,good
1675,xhamsterlive.com,adult
1676,maxdealz.com,good
1677,iherb.com,good
1678,panipuri.com,good
1679,blackdoctor.org,good
1680,ft.com,good
1681,woot.com,good
1682,airasia.com,good
1683,bc.vc,malicious
1684,sitepoint.com,good
1685,mydrivers.com,good
1686,autotrader.com,good
1687,mydala.com,good
1688,skroutz.gr,good
1689,jkanime.net,good
1690,cic.gc.ca,good
1691,aastocks.com,good
1692,otzovik.com,good
1693,jizzbunker.com,adult
1694,caf.fr,good
1695,docusign.net,good
1696,androidcentral.com,good
1697,sbnation.com,good
1698,curse.com,good
1699,fontawesome.io,good
1700,xoclkrvstrafms.com,malicious
1701,adturtle.biz,good
1702,lds.org,good
1703,pretty52.com,good
1704,hilton.com,good
1705,seekingalpha.com,good
1706,p30download.com,malicious
1707,yalla-shoot.com,good
1708,nextlnk14.com,malicious
1709,tasnimnews.com,good
1710,noaa.gov,good
1711,mangastream.com,good
1712,drugs.com,good
1713,taimienphi.vn,good
1714,bitcointalk.org,good
1715,spankwire.com,adult
1716,gotowebinar.com,good
1717,blog.ir,good
1718,deref-gmx.net,malicious
1719,inc.com,good
1720,mmo-champion.com,good
1721,newyorker.com,good
1722,geeksforgeeks.org,good
1723,books.com.tw,good
1724,aweber.com,good
1725,staticflickr.com,good
1726,hexun.com,good
1727,dotabuff.com,good
1728,hotnewhiphop.com,good
1729,tinyz.us,good
1730,google.com.lb,good
1731,withgoogle.com,good
1732,bmi.ir,good
1733,vid.me,good
1734,derb.gdn,malicious
1735,bamilo.com,good
1736,redbubble.com,good
1737,adk2x.com,malicious
1738,os.tc,malicious
1739,softpedia.com,good
1740,exdynsrv.com,malicious
1741,spectrum.net,good
1742,afreecatv.com,good
1743,unsplash.com,good
1744,cyro.se,good
1745,chinatimes.com,good
1746,rajasthan.gov.in,good
1747,exblog.jp,good
1748,bzw315.com,good
1749,geocities.jp,good
1750,ceneo.pl,good
1751,01net.com,good
1752,51.la,good
1753,sp.gov.br,good
1754,brazzersnetwork.com,adult
1755,feebee.com.tw,good
1756,google.jo,good
1757,udacity.com,good
1758,rei.com,good
1759,baixaki.com.br,good
1760,nifty.com,good
1761,tripadvisor.it,good
1762,proxyspotting.in,malicious
1763,reverb.com,good
1764,similarweb.com,good
1765,businessweekly.com.tw,good
1766,calch.gdn,malicious
1767,adidas.tmall.com,good
1768,timeout.com,good
1769,popsugar.com,good
1770,free3dadultgames.com,adult
1771,panet.co.il,good
1772,pornolab.net,adult
1773,pochta.ru,good
1774,bt.com,good
1775,pussysaga.com,adult
1776,crunchbase.com,good
1777,webtoons.com,good
1778,126.com,good
1779,hitc.com,good
1780,over-blog.com,good
1781,marumaru.in,good
1782,traffic-media.co,good
1783,bedbathandbeyond.com,good
1784,argos.co.uk,good
1785,runoob.com,good
1786,iwank.tv,adult
1787,engageya.com,good
1788,worldlifestyle.com,good
1789,safefinder.com,good
1790,tunein.com,good
1791,kinja.com,good
1792,minuto30.com,good
1793,isna.ir,good
1794,complex.com,good
1795,rakuten-card.co.jp,good
1796,fileconvertor.org,malicious
1797,gleam.io,good
1798,ucoz.ru,good
1799,stripe.com,good
1800,flashscore.com,good
1801,readmanga.me,good
1802,whitepages.com,good
1803,alarabiya.net,good
1804,nexon.com,good
1805,jcpenney.com,good
1806,umeng.com,good
1807,dpreview.com,good
1808,kenh14.vn,good
1809,vip.tmall.com,good
1810,libertywriters.com,good
1811,deutsche-bank.de,good
1812,foursquare.com,good
1813,plurk.com,good
1814,littlethings.com,good
1815,sears.com,good
1816,nfl.com,good
1817,adultfriendfinder.com,adult
1818,firstpost.com,good
1819,eonline.com,good
1820,eovnx.com,malicious
1821,gorillavid.in,malicious
1822,caffeinamagazine.it,good
1823,nessma.tv,good
1824,pinterest.jp,good
1825,500px.com,good
1826,yandex.com,good
1827,empflix.com,adult
1828,christian-dogma.com,good
1829,kbb.com,good
1830,superaix.com,good
1831,boc.cn,good
1832,google.cm,good
1833,kissmanga.com,good
1834,1und1.de,good
1835,thespruce.com,good
1836,astrologyanswers.com,good
1837,wetteronline.de,good
1838,imagebam.com,good
1839,alexa.com,good
1840,xiami.com,good
1841,staples.com,good
1842,serviporno.com,adult
1843,danawa.com,good
1844,buffer.com,good
1845,pcworld.com,good
1846,vidto.me,malicious
1847,moviecorner.com,good
1848,kompasiana.com,good
1849,provinet.net,good
1850,amazon.com.mx,good
1851,linguee.fr,good
1852,sap.com,good
1853,warhistoryonline.com,good
1854,star.com.tr,good
1855,haa66855mo.club,malicious
1856,thomann.de,good
1857,ilmeteo.it,good
1858,techtarget.com,good
1859,kshowonline.com,good
1860,mundodeportivo.com,good
1861,everydayhealth.com.tw,good
1862,pornhd.com,adult
1863,moi.gov.sa,good
1864,elintransigente.com,good
1865,thepicta.com,good
1866,apkpure.com,good
1867,ew.com,good
1868,google.com.kh,good
1869,tut.by,good
1870,17450.xyz,malicious
1871,mysql.com,good
1872,newtabtvsearch.com,good
1873,cargurus.com,good
1874,cryptocompare.com,good
1875,aljazeera.com,good
1876,valuecommerce.com,good
1877,ynet.co.il,good
1878,pagesjaunes.fr,good
1879,ansa.it,good
1880,easyjet.com,good
1881,windows.net,good
1882,sindonews.com,good
1883,tagesschau.de,good
1884,spanishdict.com,good
1885,archiveofourown.org,good
1886,flightradar24.com,good
1887,lotterypost.com,illegal
1888,bigcinema.to,good
1889,bola.com,good
1890,hitomi.la,adult
1891,sprint.com,good
1892,ana.co.jp,good
1893,viid.me,good
1894,filmitorrent.org,illegal
1895,fivethirtyeight.com,good
1896,nouvelobs.com,good
1897,ucla.edu,good
1898,mega.co.nz,good
1899,barstoolsports.com,good
1900,bsnl.in,good
1901,tvtropes.org,good
1902,google.ee,good
1903,vente-privee.com,good
1904,indeed.co.uk,good
1905,viki.com,good
1906,rappler.com,good
1907,heavy.com,good
1908,lagaceta.com.ar,good
1909,axisbank.com,good
1910,cleartax.in,good
1911,bitmedianetwork.com,good
1912,hsbc.com.hk,good
1913,zcool.com.cn,good
1914,gemius.pl,good
1915,beingindian.com,good
1916,fitbit.com,good
1917,kinox.to,illegal
1918,read01.com,good
1919,duba.com,good
1920,picmonkey.com,good
1921,dominos.com,good
1922,elle.com.tw,good
1923,bb.com.br,good
1924,123movies.co,illegal
1925,blocket.se,good
1926,google.com.uy,good
1927,puu.sh,good
1928,heavy-r.com,adult
1929,kumparan.com,good
1930,haberler.com,good
1931,standardmedia.co.ke,good
1932,apartments.com,good
1933,voot.com,good
1934,ria.com,good
1935,yemek.com,good
1936,tc-clicks.com,malicious
1937,umich.edu,good
1938,synchronycredit.com,good
1939,deref-web-02.de,good
1940,freshdesk.com,good
1941,scotiabank.com,good
1942,qz.com,good
1943,payoneer.com,good
1944,fazenda.gov.br,good
1945,bestadbid.com,good
1946,faz.net,good
1947,iobit.com,good
1948,spiceworks.com,good
1949,coolmath-games.com,good
1950,ubi.com,good
1951,pch.com,good
1952,bbb.org,good
1953,techbang.com,good
1954,privat24.ua,good
1955,jma.go.jp,good
1956,sonyliv.com,good
1957,barnesandnoble.com,good
1958,funnyjunk.com,good
1959,indexmovie.me,good
1960,admarsai.com,good
1961,akoam.com,good
1962,laprensagrafica.com,good
1963,fiuxy.co,malicious
1964,fast-torrent.ru,illegal
1965,mypornoonlain.tv,adult
1966,woman.ru,good
1967,futhead.com,good
1968,unam.mx,good
1969,screenrant.com,good
1970,jjwxc.net,good
1971,sport.es,good
1972,hotpepper.jp,good
1973,blogspot.kr,good
1974,cdstm.cn,good
1975,idealista.com,good
1976,tenki.jp,good
1977,digg.com,good
1978,bolshoyvopros.ru,good
1979,manyvids.com,adult
1980,tsite.jp,good
1981,hotukdeals.com,good
1982,pbs.org,good
1983,daikuan.com,good
1984,iciba.com,good
1985,thegay.com,adult
1986,2gis.ru,good
1987,onlinekhabar.com,good
1988,sheypoor.com,good
1989,javfor.me,adult
1990,dytt8.net,good
1991,gemx.gdn,good
1992,actcorp.in,good
1993,sbisec.co.jp,good
1994,piliapp.com,good
1995,jezebel.com,good
1996,ibtimes.co.uk,good
1997,mamba.ru,good
1998,bravotube.net,good
1999,namecheap.com,good
2000,mehrnews.com,good
2001,zezoomglobal.com,good
2002,slimcdn.com,good
2003,si.com,good
2004,paheal.net,adult
2005,pscp.tv,good
2006,craigslist.ca,good
2007,informationvine.com,good
2008,cool3c.com,good
2009,watsons.tmall.com,good
2010,clubic.com,good
2011,btolat.com,good
2012,cbslocal.com,good
2013,smh.com.au,good
2014,logitech.com,good
2015,adscpm.net,malicious
2016,olx.ro,good
2017,dumpert.nl,good
2018,planetromeo.com,adult
2019,focuusing.com,good
2020,1fardadownload.net,malicious
2021,kukudas.com,good
2022,payu.in,good
2023,itau.com.br,good
2024,study.com,good
2025,turbo.az,good
2026,theporndude.com,adult
2027,elespanol.com,good
2028,multitran.ru,good
2029,torrentkim10.net,illegal
2030,torrentdownloads.me,illegal
2031,wowprogress.com,good
2032,patheos.com,good
2033,mywatchseries.ac,malicious
2034,theknot.com,good
2035,khabaronline.ir,good
2036,stubhub.com,good
2037,blogspot.pe,good
2038,mgid.com,malicious
2039,sueddeutsche.de,good
2040,ny.gov,good
2041,medscape.com,good
2042,yesmovies.to,illegal
2043,sarvgyan.com,good
2044,ma-sh.info,malicious
2045,refinery29.com,good
2046,sbrf.ru,good
2047,dmm.com,adult
2048,forocoches.com,good
2049,dolartoday.com,good
2050,hihi2.com,good
2051,mangvieclam.com,good
2052,1varzesh.com,good
2053,oxforddictionaries.com,good
2054,vrbo.com,good
2055,nyaa.si,malicious
2056,answers.com,good
2057,androidauthority.com,good
2058,wasabisyrup.com,good
2059,vagalume.com.br,good
2060,academic.ru,good
2061,asriran.com,good
2062,angel.co,good
2063,blogspot.ru,good
2064,doramatv.ru,good
2065,rg.ru,good
2066,santander.co.uk,good
2067,here.com,good
2068,filmibeat.com,good
2069,hearthpwn.com,good
2070,ifixit.com,good
2071,thrillist.com,good
2072,phimmoi.net,good
2073,3-sk.tv,adult
2074,ixxx.com,adult
2075,gnavi.co.jp,good
2076,mapquest.com,good
2077,panda.tv,good
2078,namu.wiki,good
2079,crossout.net,good
2080,legacy.com,good
2081,etorrent.co.kr,good
2082,feng.com,good
2083,mihanblog.com,good
2084,ilovepdf.com,good
2085,milblueprint.com,good
2086,veporn.net,adult
2087,mp3goo.co,good
2088,toyokeizai.net,good
2089,chicagotribune.com,good
2090,gumtree.co.za,good
2091,2tcafe.com,good
2092,lastampa.it,good
2093,linguee.de,good
2094,fnb.co.za,good
2095,nrk.no,good
2096,alnaharegypt.com,good
2097,folha.uol.com.br,good
2098,viber.com,good
2099,cornell.edu,good
2100,epfindia.gov.in,good
2101,ghanaweb.com,good
2102,ibtimes.com,good
2103,wefbjdsbvksdbvkv.com,malicious
2104,citibank.co.in,good
2105,moviecarpet.com,good
2106,movierulz.cm,illegal
2107,google.com.bh,good
2108,systembooster.live,malicious
2109,bfmtv.com,good
2110,southcn.com,good
2111,arabi21.com,good
2112,vanguard.com,good
2113,onliner.by,good
2114,alohatube.com,adult
2115,shopee.tw,good
2116,gettyimages.com,good
2117,eluniverso.com,good
2118,syosetu.com,good
2119,ginx.gdn,malicious
2120,psu.edu,good
2121,rakuten.ne.jp,good
2122,ibt.com,good
2123,hypebeast.com,good
2124,jalan.net,good
2125,tvguide.com,good
2126,kerala.gov.in,good
2127,skidrowreloaded.com,malicious
2128,nipic.com,good
2129,xmovies8.ru,illegal
2130,passportindia.gov.in,good
2131,xero.com,good
2132,wunderlist.com,good
2133,thewhizmarketing.technology,good
2134,yellowpages.com,good
2135,moddb.com,good
2136,willhaben.at,good
2137,mercadolibre.com.co,good
2138,tecmundo.com.br,good
2139,nikkansports.com,good
2140,libgen.io,illegal
2141,computerbild.de,good
2142,flightsearchapp.com,good
2143,truecaller.com,good
2144,republika.co.id,good
2145,sketchup.com,good
2146,local-finders.com,good
2147,nitroflare.com,good
2148,steemit.com,good
2149,klikbca.com,good
2150,gamersky.com,good
2151,file-upload.com,good
2152,zopim.com,good
2153,pron.tv,adult
2154,riotgames.com,good
2155,musica.com,good
2156,quizalert.com,good
2157,emirates.com,good
2158,lichess.org,good
2159,cocolog-nifty.com,good
2160,psychologytoday.com,good
2161,cars.com,good
2162,purdue.edu,good
2163,animevost.org,good
2164,passinst.com,good
2165,mercadolibre.com,good
2166,dji.com,good
2167,oup.com,good
2168,food.com,good
2169,servedbytrackingdesk.com,malicious
2170,washington.edu,good
2171,creativemarket.com,good
2172,6pm.com,good
2173,wikibooks.org,good
2174,vppgamingnetwork.com,good
2175,mightytext.net,good
2176,lindaikejisblog.com,good
2177,eroprofile.com,adult
2178,rfi.fr,good
2179,prensalibre.com,good
2180,elblog.com,good
2181,filmywap.com,malicious
2182,cnbeta.com,good
2183,makeleio.gr,good
2184,cbs.com,good
2185,kar.nic.in,good
2186,boardgamegeek.com,good
2187,wyborcza.pl,good
2188,newsweek.com,good
2189,marketgid.com,malicious
2190,trustedreviews.com,good
2191,fanatik.com.tr,good
2192,mvideo.ru,good
2193,bittorrent.com,good
2194,ap.gov.in,good
2195,economist.com,good
2196,himado.in,good
2197,abplive.in,good
2198,windows.com,good
2199,3dmgame.com,good
2200,goldhdtube.com,adult
2201,opera.com,good
2202,marktplaats.nl,good
2203,tfile.cc,malicious
2204,sendspace.com,good
2205,jagran.com,good
2206,akairan.com,adult
2207,36kr.com,good
2208,maplestage.com,good
2209,hateblo.jp,good
2210,cosmopolitan.com,good
2211,pelis24.tv,good
2212,camwhores.tv,adult
2213,joemonster.org,good
2214,lonelyplanet.com,good
2215,tokyo.jp,good
2216,dikaiologitika.gr,good
2217,humption.com,good
2218,docusign.com,good
2219,fifa.com,good
2220,npower.gov.ng,good
2221,yourdictionary.com,good
2222,lifehacker.ru,good
2223,sat.gob.mx,good
2224,dek-d.com,good
2225,hqporner.com,adult
2226,mp3teca.com,good
2227,amd.com,good
2228,icolor.com.cn,good
2229,imgrum.org,good
2230,solidfiles.com,good
2231,uludagsozluk.com,good
2232,ecollege.com,good
2233,elcomercio.com,good
2234,mixi.jp,good
2235,msnbc.com,good
2236,sznews.com,good
2237,geeker.com,good
2238,reference.com,good
2239,css-tricks.com,good
2240,gayboystube.com,adult
2241,emboba.info,malicious
2242,turkiye.gov.tr,good
2243,porntube.com,adult
2244,vivud.com,malicious
2245,mainichi.jp,good
2246,pagalworld.me,illegal
2247,meduza.io,good
2248,gumtree.pl,good
2249,thepiratebay-proxylist.org,illegal
2250,porndoe.com,adult
2251,anidub.com,good
2252,interpark.com,good
2253,mindbodyonline.com,good
2254,zipbogo.net,good
2255,horriblesubs.info,good
2256,r18.com,adult
2257,rbcroyalbank.com,good
2258,google.com.np,good
2259,haberturk.com,good
2260,wwe.com,good
2261,sagepub.com,good
2262,4tube.com,adult
2263,filmaffinity.com,good
2264,typeform.com,good
2265,shadbase.com,adult
2266,liacontent.com,good
2267,light-dark.net,good
2268,biqle.ru,adult
2269,vcommission.com,good
2270,thefappeningblog.com,adult
2271,sunfrog.com,good
2272,hatenablog.jp,good
2273,sbicard.com,good
2274,hs9287.com,good
2275,ibtimes.co.in,good
2276,globalsources.com,good
2277,6128785.com,good
2278,mk.ru,good
2279,all-free-download.com,good
2280,zaful.com,good
2281,jet.com,good
2282,wetter.de,good
2283,pcgamer.site,good
2284,shutterfly.com,good
2285,admarsx.com,malicious
2286,wisc.edu,good
2287,realestate.com.au,good
2288,myasiantv.se,good
2289,uscis.gov,good
2290,infoseek.co.jp,good
2291,omegle.com,good
2292,oload.tv,malicious
2293,hentaihaven.org,adult
2294,barclaycardus.com,good
2295,olx.kz,good
2296,rzd.ru,good
2297,tarafdari.com,good
2298,90min.com,good
2299,anyporn.com,adult
2300,591.com.tw,good
2301,t66y.com,adult
2302,office.net,good
2303,tamin.ir,good
2304,qyer.com,good
2305,avgle.com,adult
2306,myworkdayjobs.com,good
2307,punchng.com,good
2308,kwejk.pl,good
2309,sun-gazing.com,good
2310,mydealz.de,good
2311,alquds.co.uk,good
2312,respecials.com,good
2313,coindesk.com,good
2314,zedo.com,good
2315,autotrader.co.uk,good
2316,secondlife.com,good
2317,jawabkom.com,good
2318,n-tv.de,good
2319,azet.sk,good
2320,cvs.com,good
2321,rtve.es,good
2322,elbotola.com,good
2323,csfd.cz,good
2324,zdf.de,good
2325,myvidster.com,adult
2326,anjuke.com,good
2327,postimg.org,good
2328,gitlab.com,good
2329,alphacoders.com,good
2330,kosovarja.al,good
2331,un.org,good
2332,monografias.com,good
2333,tripadvisor.ru,good
2334,aruba.it,good
2335,jio.com,good
2336,tutu.ru,good
2337,1and1.com,good
2338,victoriassecret.com,good
2339,otakukart.com,good
2340,alluc.ee,good
2341,koreastardaily.com,good
2342,cybozu.com,good
2343,lcl.fr,good
2344,opentable.com,good
2345,o2.pl,good
2346,pathofexile.com,good
2347,columbia.edu,good
2348,moneyforward.com,good
2349,opensooq.com,good
2350,successfactors.com,good
2351,mercantilbanco.com,good
2352,hk01.com,good
2353,literotica.com,adult
2354,ggpht.com,good
2355,eobot.com,good
2356,commerzbank.de,good
2357,iptorrents.com,illegal
2358,viralcpm.com,malicious
2359,rt.ru,good
2360,encuentra24.com,good
2361,kraken.com,good
2362,zoomit.ir,good
2363,eldorado.ru,good
2364,ldblog.jp,good
2365,google.tt,good
2366,gaana.com,good
2367,emag.ro,good
2368,express.com.pk,good
2369,gemius.com,good
2370,fool.com,good
2371,nbcsports.com,good
2372,mathrubhumi.com,good
2373,poptm.com,good
2374,alwakeelnews.com,good
2375,static1.squarespace.com,good
2376,b9dm.com,good
2377,dickssportinggoods.com,good
2378,jstor.org,good
2379,eurogamer.net,good
2380,alimama.com,good
2381,societegenerale.fr,good
2382,wlp-acs.com,good
2383,bbva.es,good
2384,ccavenue.com,good
2385,cnnindonesia.com,good
2386,dagbladet.no,good
2387,cima4up.tv,good
2388,jcrew.com,good
2389,zulily.com,good
2390,fortune.com,good
2391,mangapanda.com,good
2392,searchprivate.org,malicious
2393,made-in-china.com,good
2394,adsmountain.com,malicious
2395,javatpoint.com,good
2396,collegeboard.org,good
2397,agar.io,good
2398,javlibrary.com,adult
2399,dummies.com,good
2400,farfesh.com,good
2401,tripadvisor.in,good
2402,brainyquote.com,good
2403,todoist.com,good
2404,google.ge,good
2405,thomsonreuters.com,good
2406,cc.com,good
2407,tukif.com,adult
2408,17173.com,good
2409,rentalcars.com,good
2410,utarget.ru,good
2411,filelist.ro,good
2412,tesco.com,good
2413,priceminister.com,good
2414,gst.gov.in,good
2415,searchincognito.com,good
2416,qcloud.com,good
2417,shahrekhabar.com,good
2418,videolan.org,good
2419,metric-conversions.org,good
2420,icook.tw,good
2421,7cfmnf.top,malicious
2422,bluestacks.com,good
2423,umn.edu,good
2424,duden.de,good
2425,ilsole24ore.com,good
2426,lentainform.com,good
2427,airbnb.fr,good
2428,cdc.gov,good
2429,provincial.com,good
2430,habx.gdn,good
2431,vistaprint.com,good
2432,tesla.com,good
2433,to8to.com,good
2434,jolic2.com,good
2435,zamunda.net,good
2436,incruit.com,good
2437,focus.cn,good
2438,ucsd.edu,good
2439,thechive.com,good
2440,vulture.com,good
2441,vmall.com,good
2442,egy.best,good
2443,igg-games.com,illegal
2444,users.wix.com,good
2445,soft98.ir,good
2446,k2s.cc,malicious
2447,disney.go.com,good
2448,ubisoft.com,good
2449,hdrezka.ag,illegal
2450,about.com,good
2451,divxtotal.com,malicious
2452,torrents.me,illegal
2453,pureadexchange.com,good
2454,megafon.ru,good
2455,olx.com.pk,good
2456,freeones.com,adult
2457,healthylives.tw,good
2458,nutaku.net,adult
2459,rikunabi.com,good
2460,dangdang.com,good
2461,frstlead.com,malicious
2462,bulbagarden.net,good
2463,streamcomplet.com,malicious
2464,tap.az,good
2465,superadexchange.com,malicious
2466,bolavip.com,good
2467,iheart.com,good
2468,qafqazinfo.az,good
2469,ascii.jp,good
2470,who.int,good
2471,chefkoch.de,good
2472,sky.it,good
2473,huffingtonpost.fr,good
2474,ainder.club,good
2475,samsclub.com,good
2476,britishcouncil.org,good
2477,theringer.com,good
2478,metrolyrics.com,good
2479,4cdn.org,good
2480,emojipedia.org,good
2481,ssc.nic.in,good
2482,hln.be,good
2483,mymovies.it,good
2484,kshow123.net,good
2485,howstuffworks.com,good
2486,watchcartoonsonline.eu,good
2487,adobelogin.com,malicious
2488,cnr.cn,good
2489,planetsuzy.org,adult
2490,tiscali.it,good
2491,dramafever.com,good
2492,boursorama.com,good
2493,colourpop.com,good
2494,content.tmall.com,good
2495,anysex.com,adult
2496,coupons.com,good
2497,blogspot.com.co,good
2498,linguee.com,good
2499,snopes.com,good
2500,obozrevatel.com,good
2501,alibaba-inc.com,good
2502,posthard.com,good
2503,bicentenariobu.com,good
2504,sexix.net,adult
2505,thethao247.vn,good
2506,accenture.com,good
2507,kino-teatr.ru,good
2508,canalrcn.com,good
2509,agenziaentrate.gov.it,good
2510,celebjihad.com,adult
2511,getintopc.com,malicious
2512,wizards.com,good
2513,shine.com,good
2514,rakuten-bank.co.jp,good
2515,dantri.com.vn,good
2516,whois.com,good
2517,tdbank.com,good
2518,ahlmisrnews.com,good
2519,csc.gov.in,good
2520,autoscout24.de,good
2521,korabia.com,good
2522,bartarinha.ir,good
2523,porno365.me,adult
2524,ntdtv.com,good
2525,wn.com,good
2526,firefox.com,good
2527,blizzard.com,good
2528,virginmedia.com,good
2529,sopitas.com,good
2530,watchcartoononline.io,good
2531,sme.sk,good
2532,happyon.jp,good
2533,studfiles.ru,good
2534,ibanking-services.com,good
2535,bloganchoi.com,good
2536,ziprecruiter.com,good
2537,share-videos.se,good
2538,meb.gov.tr,good
2539,mediamarkt.de,good
2540,kaspersky.com,good
2541,fedsit.com,good
2542,plusnetwork.com,good
2543,pixiv.net,good
2544,usmagazine.com,good
2545,getformsonline.com,good
2546,careers360.com,good
2547,ingdirect.es,good
2548,minecraftforum.net,good
2549,unrealengine.com,good
2550,raiplay.it,good
2551,trafficfactory.biz,malicious
2552,khmerload.com,good
2553,directv.com,good
2554,islamweb.net,good
2555,content1req.com,malicious
2556,octopuspop.com,malicious
2557,sakshi.com,good
2558,hjenglish.com,good
2559,imooc.com,good
2560,yammer.com,good
2561,archive.is,good
2562,tuicool.com,good
2563,bancsabadell.com,good
2564,elcomercio.pe,good
2565,ovh.com,good
2566,protothema.gr,good
2567,du.ac.in,good
2568,gewinnsteigern.com,good
2569,bigcartel.com,good
2570,porngames.adult,adult
2571,clicktripz.com,good
2572,intesasanpaolo.com,good
2573,soompi.com,good
2574,sf-express.com,good
2575,thoughtcatalog.com,good
2576,vodafone.de,good
2577,super.cz,good
2578,citilink.ru,good
2579,finalfantasyxiv.com,good
2580,filecrypt.cc,malicious
2581,aptitudemedia.co,good
2582,creditmutuel.fr,good
2583,orbitz.com,good
2584,lolcounter.com,good
2585,bol.com,good
2586,google.com.py,good
2587,goibibo.com,good
2588,biblehub.com,good
2589,mangapark.me,good
2590,muvflix.com,good
2591,newgrounds.com,good
2592,homeaway.com,good
2593,jmw.com.cn,good
2594,cyol.com,good
2595,mheducation.com,good
2596,giantbomb.com,good
2597,tripadvisor.fr,good
2598,ihg.com,good
2599,superdoctopdf.com,good
2600,tumangaonline.com,good
2601,freedownloadmanager.org,good
2602,barclays.co.uk,good
2603,statcounter.com,good
2604,boxofficemojo.com,good
2605,2chan.net,adult
2606,pantsu.cat,adult
2607,caisse-epargne.fr,good
2608,oyunskor.com,good
2609,polyvore.com,good
2610,bd24live.com,good
2611,squareup.com,good
2612,bama.ir,good
2613,wifewine.com,good
2614,xxlargepop.com,good
2615,zooqle.com,good
2616,webmoney.ru,good
2617,ultipro.com,good
2618,edmunds.com,good
2619,onelogin.com,good
2620,juksy.com,good
2621,videohive.net,good
2622,navyfederal.org,good
2623,ulmart.ru,good
2624,inoreader.com,good
2625,papajohns.com,good
2626,futbin.com,good
2627,auto.ru,good
2628,arduino.cc,good
2629,kitco.com,good
2630,tower.im,good
2631,eldiario.es,good
2632,geico.com,good
2633,docker.com,good
2634,huffingtonpost.jp,good
2635,netsuite.com,good
2636,wpbeginner.com,good
2637,ig.com.br,good
2638,alhilalalyoum.com,good
2639,duga.jp,adult
2640,misr5.com,good
2641,searchlock.com,good
2642,tipico.de,illegal
2643,tupaki.com,good
2644,vix.com,good
2645,bpohfs.com,malicious
2646,meituan.com,good
2647,newsmth.net,good
2648,ren.tv,good
2649,battlefield.com,good
2650,livemaster.ru,good
2651,baiduccdn1.com,good
2652,ntv.ru,good
2653,lexpress.fr,good
2654,w3.org,good
2655,niusnews.com,good
2656,sleazyneasy.com,adult
2657,pornsos.com,adult
2658,halifax-online.co.uk,good
2659,ouest-france.fr,good
2660,eluniversal.com.mx,good
2661,dizipub.com,good
2662,incisozluk.com.tr,good
2663,getsportscore.com,good
2664,cgg.gov.in,good
2665,tamilyogi.fm,good
2666,rule34.xxx,adult
2667,bouyguestelecom.fr,good
2668,nicehash.com,good
2669,hirufm.lk,good
2670,larousse.fr,good
2671,mojang.com,good
2672,libertyland.co,illegal
2673,acfun.cn,good
2674,index.hr,good
2675,zoopla.co.uk,good
2676,gelocal.it,good
2677,downloadastro.com,malicious
2678,avnori.com,adult
2679,shein.com,good
2680,samehadaku.net,illegal
2681,terra.com.br,good
2682,planetlagu.site,good
2683,cheapoair.com,good
2684,secureinternetbank.com,malicious
2685,sabay.com.kh,good
2686,indishare.me,good
2687,airbnb.co.uk,good
2688,wowkorea.jp,good
2689,pluralsight.com,good
2690,mvhop.com,good
2691,esporte.uol.com.br,good
2692,vipergirls.to,adult
2693,streaming-unlimited.com,good
2694,lazada.vn,good
2695,picofile.com,good
2696,poki.com,good
2697,nyu.edu,good
2698,sankakucomplex.com,adult
2699,sporcle.com,good
2700,inboxace.com,good
2701,openclassrooms.com,good
2702,bancobrasil.com.br,good
2703,pokerstars.com,illegal
2704,azure.com,good
2705,ebscohost.com,good
2706,fastcompany.com,good
2707,couchsurfing.com,good
2708,consultant.ru,good
2709,jawharafm.net,good
2710,pons.com,good
2711,ipko.pl,good
2712,eater.com,good
2713,elcorteingles.es,good
2714,zytpirwai.net,malicious
2715,minube.com,good
2716,timewarnercable.com,good
2717,mycouchtuner.ag,illegal
2718,hkgolden.com,good
2719,wizzair.com,good
2720,kickass.cd,illegal
2721,ccidnet.com,good
2722,le360.ma,good
2723,gta5-mods.com,good
2724,strawpoll.me,good
2725,indimusic.tv,good
2726,ncore.cc,malicious
2727,sport-express.ru,good
2728,donmai.us,adult
2729,transfermarkt.de,good
2730,nps.gov,good
2731,torrentino.online,malicious
2732,aif.ru,good
2733,bytefence.com,malicious
2734,citibankonline.com,good
2735,mint.com,good
2736,tripadvisor.es,good
2737,cafe24.com,good
2738,foxsports.com,good
2739,slither.io,good
2740,mixcloud.com,good
2741,24smi.info,good
2742,rocketnews24.com,good
2743,seriouseats.com,good
2744,unilad.co.uk,good
2745,nymag.com,good
2746,abv.bg,good
2747,ontvtime.ru,good
2748,quickprivacycheck.com,good
2749,producthunt.com,good
2750,illinois.edu,good
2751,google.com.ni,good
2752,badtameezdil.net,good
2753,sammobile.com,good
2754,tomshardware.co.uk,good
2755,laposte.net,good
2756,msi.com,good
2757,rapidyl.net,good
2758,glassdoor.co.in,good
2759,tabmemfree.appspot.com,good
2760,on.cc,good
2761,dm5.com,good
2762,rusvesna.su,good
2763,hujiang.com,good
2764,kinokong.cc,good
2765,redhat.com,good
2766,zalando.de,good
2767,buzzonclick.com,good
2768,kinogb.me,good
2769,javarchive.com,adult
2770,overdrive.com,good
2771,utexas.edu,good
2772,dailythanthi.com,good
2773,mysmartprice.com,good
2774,qatarairways.com,good
2775,flvto.biz,malicious
2776,careerbuilder.com,good
2777,wolframalpha.com,good
2778,best-muzon.cc,malicious
2779,cloudwaysfront.com,good
2780,bankbazaar.com,good
2781,sedty.com,good
2782,yonhapnews.co.kr,good
2783,247sports.com,good
2784,trademe.co.nz,good
2785,clicknupload.org,malicious
2786,digitalspy.com,good
2787,glosbe.com,good
2788,ksl.com,good
2789,yoox.com,good
2790,dkb.de,good
2791,shop-pro.jp,good
2792,moviegoat.com,good
2793,huomao.com,good
2794,memrise.com,good
2795,advertiserurl.com,good
2796,blic.rs,good
2797,jooble.org,good
2798,dealabs.com,good
2799,dinamalar.com,good
2800,labirint.ru,good
2801,gfpornbox.com,adult
2802,iltalehti.fi,good
2803,imgchili.net,malicious
2804,bestbuy.ca,good
2805,tankionline.com,good
2806,pubted.com,adult
2807,medlineplus.gov,good
2808,mashreghnews.ir,good
2809,bmo.com,good
2810,nordvpn.com,good
2811,skyscrapercity.com,good
2812,wmtransfer.com,good
2813,livedoor.biz,good
2814,360.com,good
2815,one.com,good
2816,kaiserpermanente.org,good
2817,cnnic.cn,good
2818,sport.pl,good
2819,medu.ir,good
2820,olx.com.eg,good
2821,etrade.com,good
2822,pornohub.su,adult
2823,geniusdisplay.com,good
2824,dhs.gov,good
2825,presslogic.com,good
2826,google.hn,good
2827,gigya.com,good
2828,nordstromrack.com,good
2829,bet-at-home.com,illegal
2830,andaluspress.com,good
2831,hbonow.com,good
2832,rabb.it,good
2833,smartsheet.com,good
2834,olx.co.ao,good
2835,suntrust.com,good
2836,quantumcode-system.co,malicious
2837,sportbox.ru,good
2838,blogsky.com,good
2839,tribune.com.pk,good
2840,dmkt-sp.jp,good
2841,stern.de,good
2842,mango.com,good
2843,nnmclub.to,good
2844,google.com.cy,good
2845,advertserve.com,good
2846,imagevenue.com,good
2847,criteo.com,good
2848,coupang.com,good
2849,go2cloud.org,good
2850,vemale.com,good
2851,hamusoku.com,good
2852,playoverwatch.com,good
2853,aviasales.ru,good
2854,jang.com.pk,good
2855,soy502.com,good
2856,putrr3.com,malicious
2857,thesimsresource.com,good
2858,myreadingmanga.info,adult
2859,vidup.me,malicious
2860,nu.nl,good
2861,inven.co.kr,good
2862,ing.nl,good
2863,almubasher.com.sa,good
2864,citrixonline.com,good
2865,noticias.uol.com.br,good
2866,ulta.com,good
2867,nintendo.co.jp,good
2868,extraimage.net,good
2869,elegantthemes.com,good
2870,cnyes.com,good
2871,myfonts.com,good
2872,intercambiosvirtuales.org,good
2873,famousbirthdays.com,good
2874,banquepopulaire.fr,good
2875,typepad.com,good
2876,07073.com,good
2877,short.am,good
2878,porndig.com,adult
2879,toysrus.com,good
2880,ucdavis.edu,good
2881,rakuten.com,good
2882,leroymerlin.fr,good
2883,pptv.com,good
2884,jetblue.com,good
2885,weibo.cn,good
2886,fobshanghai.com,good
2887,softbank.jp,good
2888,wechat.com,good
2889,travelocity.com,good
2890,flightaware.com,good
2891,fssnet.co.in,good
2892,manualslib.com,good
2893,putlocker.ac,malicious
2894,is.fi,good
2895,sulekha.com,good
2896,depfile.com,malicious
2897,wimbledon.com,good
2898,seek.com.au,good
2899,gazzetta.gr,good
2900,etoro.com,good
2901,hdfilmakinasi.com,good
2902,mos.ru,good
2903,lego.com,good
2904,jd.hk,good
2905,olymptrade-promo.com,malicious
2906,ing-diba.de,good
2907,manga-zip.net,malicious
2908,channel4.com,good
2909,movie4k.to,illegal
2910,gq.com,good
2911,datafile.com,good
2912,sony.com,good
2913,fextralife.com,good
2914,mylovestories.in,good
2915,massdrop.com,good
2916,medianetnow.com,good
2917,tcs.com,good
2918,suumo.jp,good
2919,ngacn.cc,good
2920,vogue.com.tw,good
2921,lamoda.ru,good
2922,beeline.ru,good
2923,musixmatch.com,good
2924,tiu.ru,good
2925,dailycaller.com,good
2926,salon.com,good
2927,evite.com,good
2928,chsi.com.cn,good
2929,infowars.com,good
2930,commonhealth.com.tw,good
2931,acs.org,good
2932,buy123.com.tw,good
2933,yle.fi,good
2934,jal.co.jp,good
2935,kicker.de,good
2936,mpnrs.com,good
2937,osym.gov.tr,good
2938,giga.de,good
2939,analdin.com,adult
2940,nhaccuatui.com,good
2941,ets.org,good
2942,3djuegos.com,good
2943,grubhub.com,good
2944,intentmedia.net,good
2945,putrr9.com,malicious
2946,zergnet.com,good
2947,pornxs.com,adult
2948,torrentking.eu,illegal
2949,xgames-04.com,malicious
2950,ae.com,good
2951,fast.com,good
2952,media-fire.org,good
2953,fotolia.com,good
2954,chomikuj.pl,good
2955,consumerreports.org,good
2956,bradesco.com.br,good
2957,geforce.com,good
2958,bancoestado.cl,good
2959,derstandard.at,good
2960,coinmill.com,good
2961,etherscan.io,good
2962,girlsaskguys.com,good
2963,srchsafe.com,good
2964,radikal.ru,good
2965,jandan.net,good
2966,netpnb.com,malicious
2967,diamond.jp,good
2968,olymptrade.com,illegal
2969,pussl10.com,adult
2970,stuff.co.nz,good
2971,shatel.ir,good
2972,wikispaces.com,good
2973,hackerrank.com,good
2974,csod.com,good
2975,razerzone.com,good
2976,eurosport.fr,good
2977,elsalvador.com,good
2978,opressity.com,good
2979,wappalyzer.com,good
2980,musicpleer.audio,good
2981,lacasadelcurioso.com,good
2982,the-star.co.ke,good
2983,ebay.ie,good
2984,curseforge.com,good
2985,blogimg.jp,good
2986,jst.go.jp,good
2987,starwoodhotels.com,good
2988,ovh.net,good
2989,deadline.com,good
2990,fudan.edu.cn,good
2991,allmusic.com,good
2992,jpnn.com,good
2993,city-data.com,good
2994,zdnet.com,good
2995,getresponse.com,good
2996,disp.cc,good
2997,imgsrc.ru,good
2998,sep.gob.mx,good
2999,gruposantander.es,good
3000,hpe.com,good
3001,tubegalore.com,adult
3002,graphicriver.net,good
3003,lastpass.com,good
3004,bookingbuddy.com,good
3005,nnm-club.name,illegal
3006,news24.com,good
3007,farpost.ru,good
3008,tawk.to,good
3009,slidesharecdn.com,good
3010,searchdconvertnow.com,malicious
3011,price.com.hk,good
3012,dongtw.com,good
3013,indiarailinfo.com,good
3014,tweakers.net,good
3015,supercpa1.com,malicious
3016,mp3party.net,good
3017,91jm.com,good
3018,8ue9q7i.com,malicious
3019,newsru.com,good
3020,8muses.com,adult
3021,k2nblog.com,good
3022,vz.ru,good
3023,tass.ru,good
3024,zhibo8.cc,good
3025,flipboard.com,good
3026,corotos.com.do,good
3027,video-one.com,good
3028,moneysavingexpert.com,good
3029,hdfilmcehennemi.com,good
3030,2ch-c.net,good
3031,warning.or.kr,good
3032,check24.de,good
3033,ozbargain.com.au,good
3034,fullprogramlarindir.com,malicious
3035,t-nation.com,good
3036,eleconomista.es,good
3037,90tv.ir,good
3038,centrum24.pl,good
3039,123moviesfreez.com,illegal
3040,globaltestmarket.com,good
3041,daily.co.jp,good
3042,wisebanc.com,good
3043,google.com.et,good
3044,lankasri.com,good
3045,propaganda-eg.com,good
3046,abc.go.com,good
3047,znds.com,good
3048,err.tmall.com,good
3049,experts-exchange.com,good
3050,menclub.hk,good
3051,inps.it,good
3052,shiftdelete.net,good
3053,nvxie.tmall.com,good
3054,smbc-card.com,good
3055,adyou.me,good
3056,siniature.com,good
3057,time.ir,good
3058,vic.gov.au,good
3059,pandora.tv,good
3060,chaskatimes.com,good
3061,delfi.lt,good
3062,teacherspayteachers.com,good
3063,proboards.com,good
3064,theglobeandmail.com,good
3065,sunporno.com,adult
3066,monsterindia.com,good
3067,netshoes.com.br,good
3068,keezmovies.com,adult
3069,webcrawler.com,good
3070,ucoz.ua,good
3071,iceporn.com,adult
3072,channel1vids.com,good
3073,beatport.com,good
3074,alquds.com,good
3075,mudah.my,good
3076,instiz.net,good
3077,aranzulla.it,good
3078,britishairways.com,good
3079,wixstatic.com,good
3080,submarino.com.br,good
3081,2ch.hk,good
3082,kotobank.jp,good
3083,google.am,good
3084,mosaiquefm.net,good
3085,uproxx.com,good
3086,akamaized.net,good
3087,greenhouse.io,good
3088,cna.com.tw,good
3089,entertainment-h-02.com,good
3090,csrunhighlight.com,good
3091,utoronto.ca,good
3092,dr.dk,good
3093,lolnexus.com,good
3094,dailykos.com,good
3095,medicinenet.com,good
3096,darty.com,good
3097,guokr.com,good
3098,dailystar.co.uk,good
3099,xataka.com,good
3100,weheartit.com,good
3101,nonno.hk,good
3102,istruzione.it,good
3103,oricon.co.jp,good
3104,poiskm.net,good
3105,trafficbalancerouting.com,good
3106,theqoo.net,good
3107,manager.co.th,good
3108,dict.cn,good
3109,asp.net,good
3110,iconfinder.com,good
3111,sciencemag.org,good
3112,wemakeprice.com,good
3113,hbr.org,good
3114,world4ufree.ws,illegal
3115,jusbrasil.com.br,good
3116,youtubeinmp3.com,illegal
3117,money.pl,good
3118,gulte.com,good
3119,pornoxo.com,adult
3120,drupal.org,good
3121,www.nhs.uk,good
3122,kisscartoon.io,good
3123,soccerway.com,good
3124,xing.al,good
3125,buy.tmall.com,good
3126,demotywatory.pl,good
3127,domaintools.com,good
3128,olx.pt,good
3129,9xmovies.to,illegal
3130,origin.com,good
3131,samsonite.tmall.com,good
3132,eltiempo.com,good
3133,cplusplus.com,good
3134,ecxtracking.com,good
3135,templatemonster.com,good
3136,alarab.com,good
3137,traveloka.com,good
3138,planetminecraft.com,good
3139,band.us,good
3140,allabout.co.jp,good
3141,vivo.sx,good
3142,adsjudo.com,good
3143,uloz.to,good
3144,officedepot.com,good
3145,jobvite.com,good
3146,dream11.com,illegal
3147,stargames.com,illegal
3148,britannica.com,good
3149,naughtyamerica.com,adult
3150,usc.edu,good
3151,gizmodo.jp,good
3152,mabanque.bnpparibas,good
3153,wpengine.com,good
3154,media-rocks.com,good
3155,nvzhuang.tmall.com,good
3156,hupu.com,good
3157,wikidot.com,good
3158,2kmtcentral.com,good
3159,codeplex.com,good
3160,postpopular.com,good
3161,1001fonts.com,good
3162,cibc.com,good
3163,hackstore.net,malicious
3164,ispacebank.com,malicious
3165,jia.tmall.com,good
3166,mintmanga.com,good
3167,namesakeoscilloscopemarquis.com,good
3168,nanzhuang.tmall.com,good
3169,muabannhanh.com,illegal
3170,t411.al,malicious
3171,x-vulkan.net,good
3172,hyxyr.tmall.com,good
3173,freepik.es,good
3174,bilutv.com,good
3175,heureka.cz,good
3176,uploadboy.com,good
3177,crowdworks.jp,good
3178,cibercuba.com,good
3179,downloadha.com,good
3180,lowyat.net,good
3181,calvinklein.tmall.com,good
3182,streamlabs.com,good
3183,box.net,good
3184,lianjia.com,good
3185,langsha.tmall.com,good
3186,guiaconsumidor.com,good
3187,insistpost.com,good
3188,twentytwowords.com,good
3189,mg.gov.br,good
3190,almaany.com,good
3191,capitalone360.com,good
3192,frtyg.com,good
3193,fossil.tmall.com,good
3194,anz.com,good
3195,up.nic.in,good
3196,shouji.tmall.com,good
3197,usda.gov,good
3198,seesaawiki.jp,good
3199,bankrate.com,good
3200,zarinpal.com,good
3201,baby.tmall.com,good
3202,cifraclub.com.br,good
3203,comdirect.de,good
3204,uci.edu,good
3205,caranddriver.com,good
3206,herb.co,good
3207,gainreel.tmall.com,good
3208,probuilds.net,good
3209,jorudan.co.jp,good
3210,declk.com,malicious
3211,watch.tmall.com,good
3212,kohsantepheapdaily.com.kh,good
3213,car.tmall.com,good
3214,azams.tmall.com,good
3215,nyc.gov,good
3216,miao.tmall.com,good
3217,sarayanews.com,good
3218,binnitu.tmall.com,good
3219,redonetype.com,good
3220,fullhdfilmizledim.org,good
3221,persianblog.ir,good
3222,tnkexchange.com,good
3223,ssisurveys.com,good
3224,disney.com,good
3225,lc0pyfn.com,malicious
3226,quantomcoding.com,good
3227,armorgames.com,good
3228,blogspot.cl,good
3229,maniform.tmall.com,good
3230,serving-sys.com,good
3231,bizjournals.com,good
3232,menshealth.com,good
3233,3movs.com,adult
3234,buzzorange.com,good
3235,nalog.ru,good
3236,ekstrabladet.dk,good
3237,pierrecardinxb.tmall.com,good
3238,voanews.com,good
3239,e1.ru,good
3240,qiannaimei.tmall.com,good
3241,eastpak.tmall.com,good
3242,ntvbd.com,good
3243,freestreet.games,good
3244,pearsoncmg.com,good
3245,simpli.com,good
3246,bag.tmall.com,good
3247,myspace.com,good
3248,nab.com.au,good
3249,google.co.ma,good
3250,wt.tmall.com,good
3251,indiabix.com,good
3252,gtmetrix.com,good
3253,bannedbook.org,good
3254,vrfuckdolls.com,adult
3255,nsw.gov.au,good
3256,famitsu.com,good
3257,dns-shop.ru,good
3258,tororango.com,good
3259,nzherald.co.nz,good
3260,banco.bradesco,good
3261,hellcase.com,illegal
3262,torrentfreak.com,good
3263,megahdporno.net,adult
3264,aclst.com,good
3265,moretify.com,good
3266,betradar.com,illegal
3267,livescience.com,good
3268,ebaumsworld.com,good
3269,vodafone.it,good
3270,tinhte.vn,good
3271,techrepublic.com,good
3272,akb48matomemory.com,good
3273,rawstory.com,good
3274,fitgirl-repacks.site,illegal
3275,btcpop.co,good
3276,ox.ac.uk,good
3277,fbdown.net,good
3278,twitcasting.tv,good
3279,google.co.bw,good
3280,solvusoft.com,good
3281,songkick.com,good
3282,upenn.edu,good
3283,lidl.de,good
3284,spzan.com,good
3285,expansion.com,good
3286,nj.com,good
3287,skyscanner.com,good
3288,stream-direct.co,good
3289,forexfactory.com,good
3290,balkanweb.com,good
3291,git-scm.com,good
3292,aglasem.com,good
3293,hc360.com,good
3294,cheatsheet.com,good
3295,zoznam.sk,good
3296,3158.cn,good
3297,archdaily.com,good
3298,bankersadda.com,good
3299,naijaloaded.com.ng,good
3300,service-public.fr,good
3301,tax.gov.ir,good
3302,nanxie.tmall.com,good
3303,bbt.com,good
3304,appmedia.jp,good
3305,googlegroups.com,good
3306,szn.cz,good
3307,etnet.com.hk,good
3308,jkforum.net,good
3309,finecobank.com,good
3310,threegun.tmall.com,good
3311,eltiempo.es,good
3312,sports.tmall.com,good
3313,listindiario.com,good
3314,viptube.com,adult
3315,shopbop.com,good
3316,zapier.com,good
3317,shaadi.com,good
3318,memurlar.net,good
3319,cmbchina.com,good
3320,zaycev.online,good
3321,computerhope.com,good
3322,goglogo.com,good
3323,gifables.com,good
3324,comenity.net,good
3325,serienstream.to,illegal
3326,hugedomains.com,good
3327,trovaprezzi.it,good
3328,category-channel.com,good
3329,yinyuetai.com,good
3330,today.com,good
3331,intellicast.com,good
3332,imis.tmall.com,good
3333,journaldesfemmes.com,good
3334,vector.co.jp,good
3335,zalukaj.com,good
3336,wenger.tmall.com,good
3337,gurmame.info,good
3338,atmarkit.co.jp,good
3339,upera.co,good
3340,netgear.com,good
3341,royalmail.com,good
3342,beautyexchange.com.hk,good
3343,digginst.com,good
3344,footmercato.net,good
3345,sponichi.co.jp,good
3346,ccb.com,good
3347,juntadeandalucia.es,good
3348,bigmir.net,good
3349,itch.io,good
3350,indiapost.gov.in,good
3351,ufl.edu,good
3352,infojobs.net,good
3353,po-kaki-to.com,good
3354,tamilgun.ooo,adult
3355,irib.ir,good
3356,lufthansa.com,good
3357,ubc.ca,good
3358,thetrainline.com,good
3359,hola.org,good
3360,sport24.gr,good
3361,dai.tmall.com,good
3362,finecomb.com,good
3363,rackcdn.com,good
3364,samplicio.us,good
3365,forumfree.it,good
3366,uc.cn,good
3367,sweetwater.com,good
3368,fingta.com,good
3369,firc.gdn,good
3370,turkiyegazetesi.com.tr,good
3371,blomaga.jp,good
3372,turnitin.com,good
3373,book.tmall.com,good
3374,transferhit.com,good
3375,meishichina.com,good
3376,eclipse.org,good
3377,korrespondent.net,good
3378,tableau.com,good
3379,newchic.com,good
3380,quasargaming.com,good
3381,monotaro.com,good
3382,telekom.de,good
3383,dodear.com,good
3384,adweek.com,good
3385,ddanzi.com,good
3386,hostelworld.com,good
3387,systemrequirementslab.com,good
3388,hangseng.com,good
3389,ti.com,good
3390,syf.com,good
3391,euronews.com,good
3392,wapka.mobi,good
3393,koreaboo.com,good
3394,tro-ma-ktiko.blogspot.gr,good
3395,casasbahia.com.br,good
3396,hatelabo.jp,good
3397,entekhab.ir,good
3398,google.lu,good
3399,teamtreehouse.com,good
3400,warframe.com,good
3401,theadvocate.com,good
3402,hyptas.com,good
3403,e-hentai.org,adult
3404,expressen.se,good
3405,agenciatributaria.gob.es,good
3406,translit.net,good
3407,film2movie.co,good
3408,downloadhelper.net,good
3409,nsw.edu.au,good
3410,phonearena.com,good
3411,lesnumeriques.com,good
3412,btcclicks.com,good
3413,worktile.com,good
3414,cainawang.com,good
3415,espnfc.us,good
3416,loverslab.com,adult
3417,freshersworld.com,good
3418,linktender.net,good
3419,sportsdirect.com,good
3420,nextlnk7.com,malicious
3421,google.cd,good
3422,heydouga.com,adult
3423,nasdaq.com,good
3424,record.pt,good
3425,mover.uz,good
3426,lolking.net,good
3427,jugem.jp,good
3428,pccomponentes.com,good
3429,rackspace.com,good
3430,novelupdates.com,good
3431,ssa.gov,good
3432,720pizle.com,malicious
3433,googleblog.com,good
3434,dlsite.com,adult
3435,sonymobile.com,good
3436,imgflip.com,good
3437,ruliweb.com,good
3438,newmovie-hd.com,illegal
3439,ismedia.jp,good
3440,net-a-porter.com,good
3441,weatherblink.com,good
3442,torrentino.me,illegal
3443,msmtrakk10a.com,malicious
3444,javtorrent.re,adult
3445,attn.com,good
3446,arte.tv,good
3447,gsis.gr,good
3448,looper.com,good
3449,paytmmall.com,good
3450,ahrefs.com,good
3451,babyblog.ru,good
3452,ratemyprofessors.com,good
3453,vanityfair.com,good
3454,idope.se,malicious
3455,sjtu.edu.cn,good
3456,qvc.com,good
3457,izito.co.in,malicious
3458,518.com.tw,illegal
3459,laravel.com,good
3460,tf1.fr,good
3461,bgr.com,good
3462,kijiji.it,good
3463,quebec-bin.com,good
3464,walla.co.il,good
3465,toggl.com,good
3466,tampermonkey.net,good
3467,redbus.in,good
3468,searchgst.com,good
3469,rus.porn,adult
3470,alriyadh.com,good
3471,aktuality.sk,good
3472,anime-sharing.com,good
3473,doctissimo.fr,good
3474,alrakoba.net,good
3475,caraotadigital.net,good
3476,fotor.com,good
3477,20min.ch,good
3478,forumcommunity.net,good
3479,navitime.co.jp,good
3480,hdfilmizle.life,good
3481,upornoflv.tv,adult
3482,teratail.com,good
3483,shooshtime.com,adult
3484,vecteezy.com,good
3485,torrenthaja.com,illegal
3486,hinet.net,good
3487,alipromo.com,malicious
3488,bestperforming.site,malicious
3489,ford.com,good
3490,ov2ochu.bid,malicious
3491,vonvon.me,good
3492,latam.com,good
3493,healthskillet.com,good
3494,iwara.tv,adult
3495,msu.edu,good
3496,ctrip.com,good
3497,vogue.com,good
3498,apytrc.com,malicious
3499,ea3w.com,good
3500,thenextweb.com,good
3501,nbc.com,good
3502,tvboxnow.com,good
3503,cimbclicks.com.my,good
3504,ssense.com,good
3505,steamdb.info,good
3506,anybunny.com,adult
3507,societe.com,good
3508,ilgiornale.it,good
3509,haruka-yumenoato.net,good
3510,vtraheme.porn,adult
3511,pulsk.com,good
3512,macoline.pro,good
3513,bitmotion-tab.com,good
3514,gametop.com,good
3515,redsys.es,good
3516,onlainfilm.ucoz.ua,good
3517,tgbus.com,good
3518,cabelas.com,good
3519,perdos.me,good
3520,marinetraffic.com,good
3521,fuq.com,adult
3522,tipsviral.org,good
3523,creaders.net,good
3524,asu.edu,good
3525,hashflare.io,malicious
3526,deliverymodo.com,good
3527,russia.tv,good
3528,vsco.co,good
3529,coingecko.com,good
3530,jxnews.com.cn,good
3531,turkishairlines.com,good
3532,homepage-web.com,good
3533,baiducontent.com,good
3534,ttmeiju.com,good
3535,linguee.es,good
3536,cmu.edu,good
3537,usp.br,good
3538,johnlewis.com,good
3539,adplex.media,good
3540,raspberrypi.org,good
3541,asianwiki.com,good
3542,upsc.gov.in,good
3543,torrent.cd,illegal
3544,filmesonlinex.biz,malicious
3545,enamad.ir,good
3546,spectrum.com,good
3547,tamilrockers.lv,illegal
3548,51hejia.com,good
3549,sigmaaldrich.com,good
3550,cam.ac.uk,good
3551,lyricstranslate.com,good
3552,tdscpc.gov.in,good
3553,origo.hu,good
3554,mthai.com,good
3555,ally.com,good
3556,faptitans.com,adult
3557,howtosimplified.com,good
3558,fragrantica.com,good
3559,yify-torrent.org,illegal
3560,mysynchrony.com,good
3561,isohunt.to,illegal
3562,mastercard.com.au,good
3563,liberation.fr,good
3564,o2tvseries.com,illegal
3565,cnki.net,good
3566,fantasti.cc,malicious
3567,webofknowledge.com,good
3568,worldbank.org,good
3569,extratorrent.cd,illegal
3570,tn.gov.in,good
3571,esuteru.com,adult
3572,dolox.xyz,malicious
3573,history.com,good
3574,watchonlinemovies.com.pk,good
3575,movizland.com,good
3576,spring.io,good
3577,yinxiang.com,good
3578,zazzle.com,good
3579,javedch.com,good
3580,garanti.com.tr,good
3581,panasonic.jp,good
3582,cointraffic.io,good
3583,viralinindia.net,good
3584,google.co.mz,good
3585,pingdom.com,good
3586,vietnamnet.vn,good
3587,narvar.com,good
3588,ole.com.ar,good
3589,ytmp3.cc,malicious
3590,gujarat.gov.in,good
3591,parimatch.com,illegal
3592,khabarfarsi.com,good
3593,gigazine.net,good
3594,elzmannews.com,good
3595,webinarjam.net,good
3596,trenitalia.com,good
3597,thenewslens.com,good
3598,sony.jp,good
3599,cityheaven.net,adult
3600,lolskill.net,good
3601,distractify.com,good
3602,who.is,good
3603,club-k.net,good
3604,animenewsnetwork.com,good
3605,streamango.com,good
3606,worldcat.org,good
3607,bankia.es,good
3608,collinsdictionary.com,good
3609,fulltab.com,good
3610,probiller.com,good
3611,sina.cn,good
3612,autozone.com,good
3613,abema.tv,good
3614,laiguana.tv,adult
3615,showroom-live.com,good
3616,barlamane.com,good
3617,campograndenews.com.br,good
3618,quidco.com,good
3619,thestar.com,good
3620,phimbathu.com,malicious
3621,irna.ir,good
3622,ikanman.com,good
3623,uwants.com,good
3624,onlinemultfilmy.ru,good
3625,blogos.com,good
3626,tvzvezda.ru,good
3627,testbook.com,good
3628,shimo.im,good
3629,juegos.com,good
3630,privatesearches.info,malicious
3631,goody25.com,good
3632,zamzar.com,good
3633,whatismyipaddress.com,good
3634,ipeen.com.tw,good
3635,ticketmonster.co.kr,good
3636,lloydsbank.com,good
3637,laredoute.fr,good
3638,cleartrip.com,good
3639,livetv.sx,good
3640,metbuat.az,good
3641,surveyrouter.com,good
3642,teespring.com,good
3643,prizegrab.com,good
3644,realitykings.com,adult
3645,clickbank.com,good
3646,emp3s.co,malicious
3647,dnsrsearch.com,malicious
3648,tsn.ca,good
3649,beinsports.com,good
3650,ecuavisa.com,good
3651,mec.gov.br,good
3652,ssconline.nic.in,good
3653,netbarg.com,good
3654,4gamer.net,good
3655,zimbra.free.fr,good
3656,billmscurlrev.com,malicious
3657,adpenguin.biz,malicious
3658,luscious.net,adult
3659,smbc-comics.com,good
3660,torrentday.com,illegal
3661,rae.es,good
3662,hdkinohit.net,good
3663,q.gs,malicious
3664,amarujala.com,good
3665,sparknotes.com,good
3666,telugu360.com,good
3667,bkrs.info,good
3668,gsurl.in,malicious
3669,mundosexanuncio.com,adult
3670,lesechos.fr,good
3671,genesis-mining.com,good
3672,warcraftlogs.com,good
3673,pordede.com,adult
3674,takealot.com,good
3675,delish.com,good
3676,vercomicsporno.com,adult
3677,mentalfloss.com,good
3678,ucoz.com,good
3679,wallpapersafari.com,good
3680,alarabpost.com,good
3681,esquire.com,good
3682,guioteca.com,good
3683,icc-cricket.com,good
3684,youla.io,good
3685,calculator.net,good
3686,tv2.no,good
3687,alternativeto.net,good
3688,cheezburger.com,good
3689,gamestar.de,good
3690,state.tx.us,good
3691,songsterr.com,good
3692,censor.net.ua,good
3693,logmein.com,good
3694,sunnyplayer.com,good
3695,bethesda.net,good
3696,tvmuse.com,good
3697,payscale.com,good
3698,stardoll.com,good
3699,els-cdn.com,good
3700,katestube.com,adult
3701,eslamoda.com,good
3702,companieshouse.gov.uk,good
3703,arcgis.com,good
3704,okaz.com.sa,good
3705,99114.com,good
3706,healthunlocked.com,good
3707,mercola.com,good
3708,salesmai.com,good
3709,miomio.tv,good
3710,seegamese.com,good
3711,ntu.edu.tw,good
3712,guildwars2.com,good
3713,sonhoo.com,good
3714,gamingleague.info,good
3715,definicion.de,good
3716,cox.com,good
3717,faceit.com,good
3718,jutarnji.hr,good
3719,ebayimg.com,good
3720,buscape.com.br,good
3721,gome.com.cn,good
3722,banesco.com,good
3723,endclothing.com,good
3724,regnum.ru,good
3725,adorocinema.com,good
3726,time-to-read.ru,good
3727,kolesa.kz,good
3728,admobitruck.com,good
3729,carview.co.jp,good
3730,zimuzu.tv,good
3731,weathernews.jp,good
3732,lefrecce.it,good
3733,smv.to,good
3734,bistroapi.com,good
3735,lodynet.com,good
3736,ipg-online.com,good
3737,modiseh.com,good
3738,material.io,good
3739,bpi.ir,good
3740,wa.gov,good
3741,kommersant.ru,good
3742,maharashtra.gov.in,good
3743,ss.lv,good
3744,westpac.com.au,good
3745,definition.org,good
3746,rstyle.me,good
3747,qoo10.sg,good
3748,playsport.cc,good
3749,ynet.com,good
3750,gamme.com.tw,good
3751,immobiliare.it,good
3752,ntv.com.tr,good
3753,snapchat.com,good
3754,indiaresults.com,good
3755,360kan.com,good
3756,dx.com,good
3757,taroot-rangi.com,good
3758,rakuten-sec.co.jp,good
3759,royalads.net,good
3760,pr.gov.br,good
3761,cera.online,good
3762,18183.com,good
3763,nokia.com,good
3764,golem.de,good
3765,colorlib.com,good
3766,dnvod.tv,good
3767,jumia.com.eg,good
3768,nationwide.co.uk,good
3769,regions.com,good
3770,pudelek.pl,good
3771,realtor.ca,good
3772,windowscentral.com,good
3773,masr140.com,good
3774,ibt.uk,good
3775,buzzadexchange.com,good
3776,minds.com,good
3777,imvu.com,good
3778,ogone.com,good
3779,seloger.com,good
3780,scielo.br,good
3781,betfair.com,illegal
3782,combo-search.com,malicious
3783,scoop.it,good
3784,frys.com,good
3785,xiu.com,good
3786,lachainemeteo.com,good
3787,natwest.com,good
3788,edmodo.com,good
3789,mizuhobank.co.jp,good
3790,inmotionhosting.com,good
3791,ameritrade.com,good
3792,as2tv.com,good
3793,cas.sk,good
3794,cncn.org.cn,good
3795,pagseguro.uol.com.br,good
3796,garena.com,good
3797,duomai.com,good
3798,successfactors.eu,good
3799,newsit.gr,good
3800,cafebazaar.ir,good
3801,minergate.com,good
3802,www.gob.mx,good
3803,588ku.com,good
3804,fmovies.io,illegal
3805,redflagdeals.com,good
3806,walmart.ca,good
3807,torrent-games.net,illegal
3808,basketball-reference.com,good
3809,appfolio.com,good
3810,fujitsu.com,good
3811,pipedrive.com,good
3812,mercadolivre.com,good
3813,goodgamestudios.com,good
3814,unwire.hk,good
3815,tureng.com,good
3816,pornktube.com,adult
3817,studentdoctor.net,good
3818,jisho.org,good
3819,fontspace.com,good
3820,asos.fr,good
3821,carwale.com,good
3822,runetki.com,adult
3823,litv.tv,good
3824,mr-jatt.com,good
3825,diary.ru,good
3826,packtpub.com,good
3827,e-estekhdam.com,good
3828,sheetnews.net,good
3829,steamgifts.com,good
3830,directadvert.ru,good
3831,macworld.co.uk,good
3832,arbeitsagentur.de,good
3833,game8.jp,good
3834,alfabank.ru,good
3835,bobfilm.club,illegal
3836,champion.gg,good
3837,walmart.com.br,good
3838,nerdwallet.com,good
3839,lifedaily.com,good
3840,golink.to,malicious
3841,ule.com,good
3842,cra-arc.gc.ca,good
3843,vodafone.in,good
3844,appnest.download,malicious
3845,pc6.com,good
3846,sbi.co.in,good
3847,javsex.net,adult
3848,91porn.com,adult
3849,magazineluiza.com.br,good
3850,yatra.com,good
3851,resultuniraj.co.in,good
3852,sexu.com,adult
3853,mercadolibre.cl,good
3854,at.ua,good
3855,chenderroad.com,good
3856,worldfree4u.lol,malicious
3857,wallpaperscraft.com,good
3858,litres.ru,good
3859,1plus1tv.ru,good
3860,starbucks.com,good
3861,baseball-reference.com,good
3862,tripadvisor.ca,good
3863,collegehumor.com,good
3864,subdivx.com,good
3865,airbnb.it,good
3866,slrclub.com,good
3867,mailchi.mp,good
3868,mediamarkt.es,good
3869,blick.ch,good
3870,garaanews.com,good
3871,yeadesktop.com,good
3872,mtv.com,good
3873,viralthread.com,good
3874,a10.com,good
3875,lyst.com,good
3876,prostoporno.club,adult
3877,xossip.com,adult
3878,localbitcoins.com,illegal
3879,superjob.ru,good
3880,straitstimes.com,good
3881,parenting.com.tw,good
3882,iguang.tw,good
3883,zimbio.com,good
3884,baomoi.com,good
3885,userbenchmark.com,good
3886,compucalitv.com,good
3887,qwant.com,good
3888,padlet.com,good
3889,conduit.com,good
3890,sarizeybekhaber.com.tr,good
3891,rs-online.com,good
3892,rb2000.ps,good
3893,brightonclick.com,good
3894,tmall.hk,good
3895,opizo.com,good
3896,ege.edu.ru,good
3897,dtemaharashtra.gov.in,good
3898,exlibrisgroup.com,good
3899,guitarcenter.com,good
3900,just-eat.co.uk,good
3901,forexbinarytrends.com,good
3902,acer.com,good
3903,creativebloq.com,good
3904,saavn.com,good
3905,51auto.com,good
3906,banamex.com,good
3907,vuejs.org,good
3908,loansmonitor.com,good
3909,gamespark.jp,good
3910,rai.it,good
3911,telegraaf.nl,good
3912,jstv.com,good
3913,google.mg,good
3914,lepoint.fr,good
3915,liepin.com,good
3916,365jia.cn,good
3917,highsnobiety.com,good
3918,imgbox.com,good
3919,16personalities.com,good
3920,elkhadra.com,good
3921,sercristao.org,good
3922,noticiaaldia.com,good
3923,kodi.tv,good
3924,opendns.com,good
3925,bigtests.club,malicious
3926,maalaimalar.com,good
3927,topwar.ru,good
3928,phoenixads.co.in,good
3929,bobibanking.com,malicious
3930,nesn.com,good
3931,collabserv.com,good
3932,publico.es,good
3933,santandernet.com.br,good
3934,gdeposylka.ru,good
3935,ticketfly.com,good
3936,gitbooks.io,good
3937,acm.org,good
3938,realtimepolitics.com,good
3939,justporno.tv,adult
3940,lacuerda.net,good
3941,myradioaccess.com,good
3942,earthlink.net,good
3943,99acres.com,good
3944,rockpapershotgun.com,good
3945,cyberciti.biz,good
3946,peyvandha.ir,good
3947,c-sharpcorner.com,good
3948,juara.net,good
3949,escottish.com,good
3950,ingbank.pl,good
3951,justanswer.com,good
3952,cint.com,good
3953,denofgeek.com,good
3954,centurylink.com,good
3955,hdpopcorns.com,malicious
3956,ameli.fr,good
3957,template.net,good
3958,adreactor.com,good
3959,keywordblocks.com,good
3960,hdblog.it,good
3961,bazos.sk,good
3962,business-standard.com,good
3963,segundamano.mx,good
3964,ero-video.net,adult
3965,snowbitt.com,good
3966,geektimes.ru,good
3967,justjared.com,good
3968,oanda.com,good
3969,pornhubpremium.com,adult
3970,usgs.gov,good
3971,fao.org,good
3972,zerodha.com,good
3973,dzone.com,good
3974,telecomitalia.it,good
3975,finviz.com,good
3976,governmentjobs.com,good
3977,uqie4nzy.com,malicious
3978,ae1a1e258b8b016.com,malicious
3979,ixbt.com,good
3980,gsmhosting.com,good
3981,comdotgame.com,good
3982,draxe.com,good
3983,cams.com,adult
3984,biomedcentral.com,good
3985,techwalla.com,good
3986,affiliaxe.com,malicious
3987,inbox.lv,good
3988,diaforetiko.gr,good
3989,pelisplanet.com,good
3990,statefarm.com,good
3991,hi.fo,good
3992,pr0gramm.com,good
3993,chinaunix.net,good
3994,tcgplayer.com,good
3995,mponline.gov.in,good
3996,gov.kz,good
3997,debian.org,good
3998,mangatown.com,good
3999,elperiodico.com,good
4000,rfa.org,good
4001,semanticscholar.org,good
4002,redbull.com,good
4003,megogo.net,good
4004,nextlnk11.com,malicious
4005,imore.com,good
4006,pcstore.com.tw,good
4007,fritz.box,good
4008,rozblog.com,good
4009,movistar.es,good
4010,cumlouder.com,adult
4011,apkmirror.com,good
4012,goshow.tv,good
4013,vubird.com,good
4014,powertds.bid,malicious
4015,snagajob.com,good
4016,masutabe.info,good
4017,tpsl-india.in,good
4018,wine-searcher.com,good
4019,gdax.com,good
4020,moudamepo.com,good
4021,mystart.com,good
4022,princeton.edu,good
4023,plos.org,good
4024,ubuntuforums.org,good
4025,paraloscuriosos.com,good
4026,setlist.fm,good
4027,kurir.rs,good
4028,poshmark.com,good
4029,fanpage.it,good
4030,j.gs,good
4031,dropboxusercontent.com,good
4032,amtrak.com,good
4033,hentai-foundry.com,adult
4034,nieuwsblad.be,good
4035,niksalehi.com,good
4036,jiemian.com,good
4037,wikiquote.org,good
4038,theblaze.com,good
4039,thairath.co.th,good
4040,alamy.com,good
4041,hi5.com,good
4042,melon.com,good
4043,rateyourmusic.com,good
4044,kugou.com,good
4045,battlenet.com.cn,good
4046,bluewin.ch,good
4047,tsr-p.net,good
4048,trivago.com,good
4049,jetstar.com,good
4050,ustream.tv,good
4051,shglegle.com,malicious
4052,skstream.co,good
4053,kym-cdn.com,good
4054,onlinedown.net,good
4055,blog.hu,good
4056,russianfood.com,good
4057,gadgetsnow.com,good
4058,nodejs.org,good
4059,liontravel.com,good
4060,flashx.tv,adult
4061,gocomics.com,good
4062,scientificamerican.com,good
4063,dnb.no,good
4064,liveuamap.com,good
4065,tomtom.com,good
4066,linuxmint.com,good
4067,extremetube.com,adult
4068,jmp.mobi,good
4069,img.yt,good
4070,clicrbs.com.br,good
4071,animefreak.tv,good
4072,ap.org,good
4073,dicio.com.br,good
4074,dorkly.com,good
4075,admetix.com,good
4076,interpals.net,good
4077,proxybay.one,malicious
4078,tidal.com,good
4079,symbolab.com,good
4080,bobaedream.co.kr,good
4081,creofive.com,good
4082,usembassy.gov,good
4083,viator.com,good
4084,10010.com,good
4085,popularmechanics.com,good
4086,oxu.az,good
4087,pizzahut.com,good
4088,boohoo.com,good
4089,tamilwin.com,good
4090,globalnews.ca,good
4091,swedbank.se,good
4092,rotoworld.com,good
4093,akhbarak.net,good
4094,extra.com.br,good
4095,padsdel.com,good
4096,gomaji.com,good
4097,kiwireport.com,good
4098,delfi.lv,good
4099,dcinside.com,good
4100,thewindowsclub.com,good
4101,blesk.cz,good
4102,myplaycity.com,good
4103,ilcorsaronero.info,illegal
4104,ehow.com,good
4105,extreme-down.one,illegal
4106,qudong.com,good
4107,staseraintv.com,good
4108,kataweb.it,good
4109,digialm.com,good
4110,extratorrent.cc,illegal
4111,joyreactor.cc,adult
4112,serebii.net,good
4113,uchicago.edu,good
4114,svyaznoy.ru,good
4115,hibapress.com,good
4116,gopro.com,good
4117,tamu.edu,good
4118,hrazens.com,malicious
4119,addtoany.com,good
4120,hotwire.com,good
4121,netease.com,good
4122,tune.pk,good
4123,kink.com,adult
4124,zum.com,good
4125,vsetop.com,good
4126,tabloidbintang.com,good
4127,9to5mac.com,good
4128,socialnewpages.com,good
4129,allinonedocs.com,good
4130,popmaster.ir,good
4131,symantec.com,good
4132,anandabazar.com,good
4133,worldoftanks.com,good
4134,alza.cz,good
4135,myfedloan.org,good
4136,therichest.com,good
4137,jbzdy.pl,good
4138,alfavita.gr,good
4139,familysearch.org,good
4140,whirlpool.net.au,good
4141,cnnturk.com,good
4142,spirit.com,good
4143,runescape.com,good
4144,infoescola.com,good
4145,computerbase.de,good
4146,nme.com,good
4147,indeed.fr,good
4148,filehorse.com,good
4149,checheng.com,good
4150,miaopai.com,good
4151,kdslife.com,good
4152,docin.com,good
4153,nyugator.info,good
4154,unblockall.xyz,malicious
4155,takeitnow.club,malicious
4156,ilmessaggero.it,good
4157,tlen.pl,good
4158,citationmachine.net,good
4159,hepsibahis482.com,illegal
4160,aftership.com,good
4161,manta.com,good
4162,anthropologie.com,good
4163,dmzj.com,good
4164,standard.co.uk,good
4165,idbibank.co.in,good
4166,suruga-ya.jp,good
4167,pozdravok.ru,good
4168,start.me,good
4169,bostonglobe.com,good
4170,texas.gov,good
4171,mappy.com,good
4172,univision.com,good
4173,dreamfilmhd.sh,good
4174,laracasts.com,good
4175,ifanr.com,good
4176,my.com,good
4177,leroymerlin.ru,good
4178,aeroflot.ru,good
4179,wolfram.com,good
4180,airbnb.es,good
4181,fmkorea.com,good
4182,cut-urls.com,malicious
4183,statsroyale.com,good
4184,cineulagam.com,good
4185,jagranjosh.com,good
4186,gamewith.jp,good
4187,178.com,good
4188,shabdkosh.com,good
4189,eqtasi.ru,malicious
4190,metafilter.com,good
4191,project-free-tv.ag,malicious
4192,tokyomotion.net,adult
4193,akhbaralaan.net,good
4194,sensacine.com,good
4195,jhu.edu,good
4196,cn163.net,malicious
4197,nptel.ac.in,good
4198,ethz.ch,good
4199,thepiratefilmeshd.com,illegal
4200,skyscanner.ru,good
4201,cox.net,good
4202,va.gov,good
4203,yale.edu,good
4204,fftrack.pro,good
4205,cuny.edu,good
4206,www.gov.cn,good
4207,work.ua,good
4208,football365.com,good
4209,myquickconverter.com,good
4210,alaskaair.com,good
4211,jiji.com,good
4212,itsgoneviral.com,good
4213,vidal.fr,good
4214,estadao.com.br,good
4215,huffingtonpost.co.uk,good
4216,grailed.com,good
4217,skrill.com,good
4218,gmx.at,good
4219,livemint.com,good
4220,ali213.net,good
4221,pcbaby.com.cn,good
4222,caribbeancom.com,adult
4223,divyabhaskar.co.in,good
4224,patoghu.com,malicious
4225,seria-z.net,malicious
4226,oursplce.club,malicious
4227,motorsport.com,good
4228,kotak.com,good
4229,mangago.me,good
4230,stoiximan.gr,illegal
4231,tbs.co.jp,good
4232,getbonus.info,malicious
4233,theparentingvillage.com,good
4234,0123movies.com,illegal
4235,unqpun.pro,malicious
4236,onlinelic.in,illegal
4237,aizhan.com,good
4238,petapixel.com,good
4239,brasilescola.uol.com.br,good
4240,explosm.net,good
4241,google.al,good
4242,tv.com,good
4243,saraiva.com.br,good
4244,cleanmypc.co,malicious
4245,masterani.me,illegal
4246,streamin.to,illegal
4247,dailywire.com,good
4248,national-lottery.co.uk,illegal
4249,panasonic.com,good
4250,bizrate.com,good
4251,wapka.me,good
4252,macmillandictionary.com,good
4253,nex1music.ir,good
4254,zapmetasearch.com,good
4255,hanime.tv,adult
4256,google.sn,good
4257,centrum.cz,good
4258,wallpaperswide.com,good
4259,infourok.ru,good
4260,idokep.hu,good
4261,nguoiduatin.vn,good
4262,iyiou.com,good
4263,letour.fr,good
4264,hapc.gdn,malicious
4265,viewlorium.com,good
4266,online-life.club,good
4267,karapaia.com,good
4268,calciomercato.com,good
4269,vidads.in,malicious
4270,mingpao.com,good
4271,cuevana2.tv,illegal
4272,afip.gob.ar,good
4273,dota2.com,good
4274,milb.com,good
4275,ustraveldocs.com,good
4276,airdroid.com,good
4277,tenforums.com,good
4278,mlsmatrix.com,good
4279,netdna-ssl.com,good
4280,ftchinese.com,good
4281,venturebeat.com,good
4282,hdmoviesfree.net,illegal
4283,mirrorcreator.com,good
4284,freemake.com,good
4285,gry-online.pl,good
4286,cybersource.com,good
4287,homes.co.jp,good
4288,moviefone.com,good
4289,curp.gob.mx,good
4290,popmog.com,good
4291,ixl.com,good
4292,freenet.de,good
4293,atomcurve.com,good
4294,laleggepertutti.it,good
4295,angular.io,good
4296,sanspo.com,good
4297,wrestlinginc.com,good
4298,nttdocomo.co.jp,good
4299,agenciatributaria.es,good
4300,teamwork.com,good
4301,hani.co.kr,good
4302,afftracker.in,malicious
4303,gencat.cat,good
4304,optimum.net,good
4305,shaneless.com,good
4306,tineye.com,good
4307,uast.ac.ir,good
4308,downloadhub.in,malicious
4309,filgoal.com,good
4310,mylust.com,adult
4311,bookdepository.com,good
4312,inquisitr.com,good
4313,epicurious.com,good
4314,notehomepage.com,good
4315,xsrv.jp,good
4316,canadiantire.ca,good
4317,rivals.com,good
4318,ximalaya.com,good
4319,nos.nl,good
4320,unique2lazy.com,good
4321,woocommerce.com,good
4322,protect-your-privacy-now.com,malicious
4323,alayam24.com,good
4324,huzursayfasi.com,good
4325,tinypic.com,good
4326,91yunxiao.com,malicious
4327,seneweb.com,good
4328,tv2.dk,good
4329,crichd.com,illegal
4330,mt.co.kr,good
4331,tensorflow.org,good
4332,vivo.com.br,good
4333,ut.ac.ir,good
4334,mrporter.com,good
4335,list-manage1.com,malicious
4336,thewirecutter.com,good
4337,haraj.com.sa,good
4338,trendyol.com,good
4339,abebooks.com,good
4340,transaccionesbancolombia.com,malicious
4341,ems.com.cn,good
4342,gazetablic.com,good
4343,navient.com,good
4344,zemtv.com,good
4345,blogspot.com.ng,good
4346,comandotorrents.com,illegal
4347,fresherslive.com,good
4348,tfl.gov.uk,good
4349,footlocker.com,good
4350,yhd.com,good
4351,driverscape.com,good
4352,stihi.ru,good
4353,laptopmag.com,good
4354,instant-gaming.com,good
4355,arabseed.com,adult
4356,akiba-online.com,adult
4357,ddmix.net,good
4358,smbc.co.jp,good
4359,mtggoldfish.com,good
4360,dubizzle.com,good
4361,cyberforum.ru,good
4362,timesjobs.com,good
4363,dizimag2.co,malicious
4364,mydramalist.com,good
4365,anandtech.com,good
4366,superanimes.com,good
4367,037hd.com,adult
4368,wetalk.tw,good
4369,umd.edu,good
4370,telangana.gov.in,good
4371,corrieredellosport.it,good
4372,mapsofindia.com,good
4373,iefimerida.gr,good
4374,gamebanana.com,good
4375,christianpost.com,good
4376,codeadnetwork.com,good
4377,realgm.com,good
4378,readcomiconline.to,good
4379,thefuncoolstuff.com,good
4380,santander.com.br,good
4381,privalia.com,good
4382,rst.ua,good
4383,siteground.com,good
4384,streeteasy.com,good
4385,b92.net,good
4386,nationalrail.co.uk,good
4387,gamepressure.com,good
4388,tonarinoyj.jp,good
4389,sbs.co.kr,good
4390,porn300.com,adult
4391,duniaku.net,good
4392,lifehack.org,good
4393,raialyoum.com,good
4394,tikona.in,good
4395,pcloud.com,good
4396,bankmandiri.co.id,good
4397,northwestern.edu,good
4398,funsafetab.com,good
4399,castorama.fr,good
4400,topcinema.tv,good
4401,konga.com,good
4402,france.tv,good
4403,gatech.edu,good
4404,13dl.net,good
4405,venmo.com,good
4406,showroomprive.com,good
4407,proquest.com,good
4408,budsgunshop.com,good
4409,saisoncard.co.jp,good
4410,theonion.com,good
4411,zbj.com,good
4412,befunky.com,good
4413,panzoid.com,good
4414,nii.ac.jp,good
4415,katfile.com,good
4416,shmoop.com,good
4417,finanzen.net,good
4418,techspot.com,good
4419,atominik.com,good
4420,convertio.co,good
4421,skyrock.com,good
4422,goindigo.in,good
4423,marmiton.org,good
4424,blackdesertonline.com,good
4425,shopstyle.com,good
4426,el7l.tv,good
4427,hostedopenfiles.net,good
4428,schoology.com,good
4429,vslovetv.com,good
4430,xcafe.com,good
4431,javpop.com,adult
4432,siemens.com,good
4433,synology.com,good
4434,bd-pratidin.com,good
4435,gosugamers.net,good
4436,santabanta.com,good
4437,irannaz.com,good
4438,toluna.com,good
4439,axs.com,good
4440,teatroporno.com,adult
4441,exist.ru,good
4442,saramin.co.kr,good
4443,n4hr.com,good
4444,afgr2.com,good
4445,l74fa.com,good
4446,hellporno.com,adult
4447,blackhatworld.com,malicious
4448,securecafe.com,good
4449,gfarchive.com,good
4450,immowelt.de,good
4451,brother.com,good
4452,westernunion.com,good
4453,livelib.ru,good
4454,zangsisi.net,adult
4455,r7.com,good
4456,nest.com,good
4457,progressive.com,good
4458,letyshops.ru,good
4459,huffingtonpost.it,good
4460,cloudapp.net,good
4461,pracuj.pl,good
4462,ip138.com,good
4463,impots.gouv.fr,good
4464,bestgfvideos.com,adult
4465,pairade.com,good
4466,iz.ru,good
4467,groupme.com,good
4468,gfvideohub.com,adult
4469,news247.gr,good
4470,decathlon.fr,good
4471,444.hu,good
4472,dota2.ru,good
4473,xehoiviet.com,good
4474,khan.co.kr,good
4475,payumoney.com,good
4476,hongkiat.com,good
4477,freedoge.co.in,good
4478,wonderhowto.com,good
4479,ethereum.org,good
4480,khabarpu.com,good
4481,mtsindia.in,good
4482,traidnt.net,good
4483,topky.sk,good
4484,truefilen32.com,malicious
4485,netbk.co.jp,good
4486,sagawa-exp.co.jp,good
4487,hizliresim.com,good
4488,orion-code-access.net,malicious
4489,insightsonindia.com,good
4490,reyezr.com,good
4491,adyen.com,good
4492,redbox.com,good
4493,safaribooksonline.com,good
4494,nexon.net,good
4495,hi.ru,good
4496,expressvpn.com,good
4497,cloob.com,good
4498,unc.edu,good
4499,easports.com,good
4500,ef.com,good
4501,aarp.org,good
4502,startribune.com,good
4503,lci.fr,good
4504,collegedunia.com,good
4505,tdcanadatrust.com,good
4506,foozine.com,good
4507,kafan.cn,good
4508,nseindia.com,good
4509,cgpersia.com,good
4510,search.com,good
4511,krone.at,good
4512,duke.edu,good
4513,screencast.com,good
4514,ifilez.org,malicious
4515,ocn.ne.jp,good
4516,onlinetraffickrouting.com,malicious
4517,residentadvisor.net,good
4518,secure-finder.org,malicious
4519,animeid.tv,good
4520,metrotvnews.com,good
4521,piaotian.com,good
4522,getchu.com,adult
4523,elderscrollsonline.com,good
4524,monova.org,malicious
4525,consolegameswiki.com,good
4526,scottrade.com,good
4527,altema.jp,good
4528,featuresmag.com,good
4529,escapadarural.com,good
4530,futbol24.com,good
4531,thewildcard.com,good
4532,kabum.com.br,good
4533,upsocl.com,good
4534,classmethod.jp,good
4535,cbseresults.nic.in,good
4536,realclearpolitics.com,good
4537,douga-getter.com,good
4538,stocktwits.com,good
4539,dbs.com.sg,good
4540,yourbittorrent.com,malicious
4541,letgo.com,good
4542,cic.fr,good
4543,24sata.hr,good
4544,islamqa.info,good
4545,manuscriptcentral.com,good
4546,usajobs.gov,good
4547,gamestorrents.com,illegal
4548,gamesradar.com,good
4549,mp4upload.com,malicious
4550,gogoanime.tv,good
4551,pbskids.org,good
4552,editorialmanager.com,good
4553,formula1.com,good
4554,leetcode.com,good
4555,firestorage.jp,good
4556,aaa.com,good
4557,theage.com.au,good
4558,topuniversities.com,good
4559,startimes.com,good
4560,jpmorganchase.com,good
4561,poe.trade,good
4562,shop-apotheke.com,good
4563,parsine.com,good
4564,masrawy.com,good
4565,josaa.nic.in,good
4566,csair.com,good
4567,rabota.ua,good
4568,translated.net,good
4569,seamless.com,good
4570,cinematrix.net,good
4571,mk.co.kr,good
4572,xiachufang.com,good
4573,kroger.com,good
4574,sport-fm.gr,good
4575,cwb.gov.tw,good
4576,fontsquirrel.com,good
4577,mitbbs.com,good
4578,ifttt.com,good
4579,u-tokyo.ac.jp,good
4580,spokeo.com,good
4581,aminoapps.com,good
4582,bancosantander.es,good
4583,bcvc.mobi,good
4584,google.co.ke,good
4585,marieclaire.com.tw,good
4586,colorado.edu,good
4587,sportskeeda.com,good
4588,telstra.com.au,good
4589,researchnow.com,good
4590,olx.uz,good
4591,car.gr,good
4592,atpworldtour.com,good
4593,sina.com,good
4594,moe.gov.my,good
4595,deloitte.com,good
4596,ih5.cn,good
4597,bancadigitalbod.com,good
4598,qld.gov.au,good
4599,mbalib.com,good
4600,paultan.org,good
4601,lancers.jp,good
4602,dv37.com,good
4603,thermofisher.com,good
4604,stardewvalleywiki.com,good
4605,canon.com,good
4606,gravatar.com,good
4607,pdf2doc.com,good
4608,shoutmeloud.com,good
4609,rapidtables.com,good
4610,google.com.pg,good
4611,virustotal.com,good
4612,angieslist.com,good
4613,mystartsearch.com,malicious
4614,rueducommerce.fr,good
4615,qiku.com,good
4616,aquipelis.net,illegal
4617,eurostreaming.club,illegal
4618,harborfreight.com,good
4619,worldoftanks.eu,good
4620,sc.com,good
4621,akinator.com,good
4622,kseries.co,good
4623,mvnrepository.com,good
4624,favorit.com.ua,good
4625,nfemo.com,good
4626,offerup.com,good
4627,kickasstorrents.to,illegal
4628,thestreet.com,good
4629,theepochtimes.com,good
4630,jvzoo.com,good
4631,facenama.com,good
4632,shopee.co.id,good
4633,fancywap.com,good
4634,mic.com,good
4635,bdupload.info,good
4636,teoma.com,good
4637,glaz.tv,good
4638,cathaypacific.com,good
4639,larepublica.pe,good
4640,bom.gov.au,good
4641,sbs.com.au,good
4642,seemorgh.com,good
4643,hotfiesta.com,adult
4644,jawapos.com,good
4645,tmtpost.com,good
4646,ideacellular.com,good
4647,plusone8.com,adult
4648,standardchartered.com,good
4649,69tubesex.com,adult
4650,drakorindo.co,good
4651,mangalam.com,good
4652,mp3juices.cc,illegal
4653,moviescounter.co,illegal
4654,kakprosto.ru,good
4655,hvg.hu,good
4656,mathsisfun.com,good
4657,carmax.com,good
4658,mbtrx.com,malicious
4659,mensfitness.com,good
4660,intercom.io,good
4661,tophotels.ru,good
4662,yummyanime.com,good
4663,mongodb.com,good
4664,kemdikbud.go.id,good
4665,plays.tv,good
4666,uwaterloo.ca,good
4667,putlockers.tv,illegal
4668,ceconline.com,good
4669,bloglovin.com,good
4670,bangbros.com,adult
4671,gazetevatan.com,good
4672,sport1.de,good
4673,freecodecamp.com,good
4674,rutgers.edu,good
4675,aktualne.cz,good
4676,digiato.com,good
4677,uhaul.com,good
4678,ning.com,good
4679,piaohua.com,good
4680,vseinstrumenti.ru,good
4681,vietcombank.com.vn,good
4682,siriusxm.com,good
4683,ceme.gdn,illegal
4684,clickadu.com,malicious
4685,tuoitre.vn,good
4686,fararu.com,good
4687,yes24.com,good
4688,asemooni.com,adult
4689,medthai.com,good
4690,aa.com.tr,good
4691,sigmalive.com,good
4692,b-ok.org,illegal
4693,xiumi.us,good
4694,wuso.me,good
4695,techadvisor.co.uk,good
4696,cont.ws,malicious
4697,mlive.com,good
4698,trackvoluum.com,malicious
4699,000webhostapp.com,good
4700,extendoffice.com,good
4701,vokrug.tv,good
4702,gtbank.com,good
4703,vidtomp3.com,good
4704,ardmediathek.de,good
4705,apparede.com,good
4706,4helal.tv,good
4707,kariyer.net,good
4708,livestream.com,good
4709,anything2mp3.com,good
4710,doc88.com,good
4711,jagonews24.com,good
4712,fixya.com,good
4713,nattablog.com,good
4714,workable.com,good
4715,2nn.jp,good
4716,gradeup.co,good
4717,sherdog.com,good
4718,bandsintown.com,good
4719,offer27.com,good
4720,eurosport.com,good
4721,angularjs.org,good
4722,torrent9.top,illegal
4723,docomo.ne.jp,good
4724,bazos.cz,good
4725,wrike.com,good
4726,diablofans.com,good
4727,ebrun.com,good
4728,sarzamindownload.com,malicious
4729,palikan.com,adult
4730,all.biz,good
4731,mangafreak.net,good
4732,webaslan.com,good
4733,google.com.qa,good
4734,businessdictionary.com,good
4735,segodnya.ua,good
4736,flyserve.co,good
4737,ilacrehberi.com,good
4738,depositfiles.com,good
4739,apost.com,good
4740,michaels.com,good
4741,goldesel.to,malicious
4742,onehallyu.com,good
4743,backchina.com,good
4744,activehosted.com,good
4745,torlock.com,illegal
4746,citruspay.com,good
4747,23andme.com,good
4748,biblestudytools.com,good
4749,link.tl,malicious
4750,my.gov.au,good
4751,tryboobs.com,adult
4752,laprensa.com.ni,good
4753,adveric.net,good
4754,house365.com,good
4755,amazon.com.br,good
4756,minecraftskins.com,good
4757,pearson.com,good
4758,irancell.ir,good
4759,freepdfconvert.com,good
4760,adam4adam.com,adult
4761,cinemablend.com,good
4762,javhihi.com,adult
4763,bu.edu,good
4764,1kdailyprofit.biz,malicious
4765,xitek.com,good
4766,norwegian.com,good
4767,venezuelaaldia.com,good
4768,porntrex.com,adult
4769,colatour.com.tw,good
4770,rome2rio.com,good
4771,meneame.net,good
4772,sport.cz,good
4773,emisorasunidas.com,good
4774,tsn.ua,good
4775,mr-world.com,good
4776,rhymezone.com,good
4777,prestashop.com,good
4778,filefactory.com,good
4779,piratefilmeshd.org,illegal
4780,livechatinc.com,good
4781,zenmate.com,good
4782,fosshub.com,good
4783,voluumtrk2.com,malicious
4784,vueling.com,good
4785,grab.com,good
4786,aucfan.com,good
4787,advleniv.com,malicious
4788,dlroozane.com,good
4789,adafruit.com,good
4790,independent.ie,good
4791,aljaras.com,good
4792,bbcgoodfood.com,good
4793,mercadopago.com,good
4794,winbank.gr,good
4795,aladin.co.kr,good
4796,volcanolounge.net,good
4797,alabout.com,good
4798,planetlagu.info,good
4799,3bmeteo.com,good
4800,cybozulive.com,good
4801,btdb.in,malicious
4802,washingtontimes.com,good
4803,biggo.com.tw,good
4804,bershka.com,good
4805,efu.com.cn,good
4806,greasyfork.org,good
4807,estream.to,malicious
4808,cricfree.sc,illegal
4809,mamaclub.com,good
4810,finishsales.com,good
4811,instantcheckmate.com,good
4812,trackbro.com,good
4813,atlasobscura.com,good
4814,archlinux.org,good
4815,letterboxd.com,good
4816,pku.edu.cn,good
4817,tooxclusive.com,good
4818,dogpile.com,good
4819,amadeus.com,good
4820,tomtop.com,good
4821,serialssolutions.com,good
4822,cardekho.com,good
4823,calameo.com,good
4824,filerio.in,malicious
4825,taojindi.com,good
4826,camelcamelcamel.com,good
4827,ucsb.edu,good
4828,icbc.com.cn,good
4829,subhd.com,good
4830,netvasco.com.br,good
4831,putlocker.io,illegal
4832,ethermine.org,good
4833,neimanmarcus.com,good
4834,blu-ray.com,good
4835,dealnews.com,good
4836,adfoc.us,malicious
4837,viu.com,good
4838,yaraon-blog.com,good
4839,biccamera.com,good
4840,konbini.com,good
4841,nwolb.com,good
4842,textnow.com,good
4843,surveygizmo.com,good
4844,virginia.edu,good
4845,jofogas.hu,good
4846,tripadvisor.jp,good
4847,pokemonshowdown.com,good
4848,indiewire.com,good
4849,bigfishgames.com,good
4850,interfax.ru,good
4851,myfood.ltd,good
4852,cbec.gov.in,good
4853,dailydot.com,good
4854,oi.com.br,good
4855,france24.com,good
4856,tencent.com,good
4857,hammihan.com,good
4858,nextlnk1.com,malicious
4859,ngs.ru,good
4860,teletalk.com.bd,good
4861,lifehacker.jp,good
4862,dailypost.ng,good
4863,rsc.org,good
4864,suamusica.com.br,good
4865,androidfilehost.com,good
4866,keywordtool.io,good
4867,koha.net,good
4868,whatculture.com,good
4869,pogo.com,good
4870,themuse.com,good
4871,dawnnews.tv,good
4872,televisa.com,good
4873,coincheck.com,good
4874,pornbb.org,adult
4875,hotjar.com,good
4876,rk.com,good
4877,histats.com,good
4878,letmacwork.world,good
4879,honda.com,good
4880,sfacg.com,good
4881,scmp.com,good
4882,egehaber.com,good
4883,mafengwo.cn,good
4884,tvsubtitles.net,good
4885,airbnb.ca,good
4886,livenation.com,good
4887,animaljam.com,good
4888,dy2018.com,good
4889,tt1069.com,adult
4890,airbnb.de,good
4891,manchestereveningnews.co.uk,good
4892,tre.it,good
4893,chainreactioncycles.com,good
4894,proxyof.com,malicious
4895,kinguin.net,good
4896,sptslmtrafms.com,malicious
4897,everychina.com,good
4898,dynamics.com,good
4899,kuaidi100.com,good
4900,pinterest.se,good
4901,bato.to,good
4902,dezeen.com,good
4903,dvdvideosoft.com,good
4904,alitrip.com,good
4905,fdj.fr,illegal
4906,space.com,good
4907,imgprime.com,adult
4908,babbel.com,good
4909,thestorypedia.com,good
4910,mendeley.com,good
4911,sellfy.com,good
4912,my-hit.fm,good
4913,la-roza.com,good
4914,searchencrypt.com,good
4915,fetishshrine.com,adult
4916,plala.or.jp,good
4917,a-static.com,good
4918,meritnation.com,good
4919,morningstar.com,good
4920,liansuo.com,good
4921,toyota.com,good
4922,bao315.com,good
4923,boston.com,good
4924,xxlmag.com,good
4925,mofosex.com,adult
4926,tvplusnewtab.com,good
4927,tripadvisor.de,good
4928,homeadvisor.com,good
4929,ytssubtitles.com,good
4930,utiitsl.com,good
4931,movavi.com,good
4932,joinhoney.com,good
4933,autoblog.com,good
4934,hardware.fr,good
4935,oberlo.com,good
4936,dramafire.com,good
4937,wikisource.org,good
4938,cshighlights.com,good
4939,gouv.qc.ca,good
4940,mailerlite.com,good
4941,bitflyer.jp,good
4942,society6.com,good
4943,dafiti.com.br,good
4944,raiffeisen.at,good
4945,theshaderoom.com,good
4946,yapo.cl,good
4947,myscore.com.ua,good
4948,softonic.com.br,good
4949,svpressa.ru,good
4950,mercurynews.com,good
4951,klm.com,good
4952,meta.ua,good
4953,bollywoodshaadis.com,good
4954,heroku.com,good
4955,linustechtips.com,good
4956,sci-hub.io,illegal
4957,sakura.ad.jp,good
4958,webs.com,good
4959,espnfc.com,good
4960,bitigee.com,good
4961,shomanews.com,good
4962,taz.gr,good
4963,riafan.ru,good
4964,njuskalo.hr,good
4965,top1health.com,good
4966,bigcommerce.com,good
4967,adventurefeeds.com,good
4968,currys.co.uk,good
4969,thecookedpea.com,good
4970,milenio.com,good
4971,izlesene.com,good
4972,bjfsdex.com,good
4973,retty.me,good
4974,warthunder.com,good
4975,pekao24.pl,good
4976,atom.io,good
4977,utah.edu,good
4978,maturealbum.com,adult
4979,e-reading.club,good
4980,game-debate.com,good
4981,direct.gov.uk,good
4982,eqxiu.com,good
4983,creativecow.net,good
4984,saraba1st.com,good
4985,000webhost.com,good
4986,huffingtonpost.es,good
4987,prnewswire.com,good
4988,xmovies247.com,adult
4989,8ch.net,malicious
4990,123freemovies.net,illegal
4991,hwupgrade.it,good
4992,chinanews.com,good
4993,iha.com.tr,good
4994,pure-t.ru,good
4995,shiksha.com,good
4996,uspto.gov,good
4997,elastic.co,good
4998,vkmag.com,good
4999,mtime.com,good
5000,mercadolibre.com.pe,good
5001,google.cg,good
5002,siap-ppdb.com,good
5003,enterprise.com,good
5004,cosmo.ru,good
5005,mangakakalot.com,good
5006,pornerbros.com,adult
5007,nhentai.net,adult
5008,topshop.com,good
5009,lexilogos.com,good
5010,proxysite.com,good
5011,vg247.com,good
5012,naszemiasto.pl,good
5013,sparkasse.at,good
5014,javjunkies.com,adult
5015,imtranslator.net,good
5016,clickpost.jp,good
5017,zaycev.net,good
5018,drivetribe.com,good
5019,scoopwhoop.com,good
5020,mystartab.com,good
5021,openrec.tv,good
5022,ooreka.fr,good
5023,magicbricks.com,good
5024,qatarliving.com,good
5025,khmer-note.com,good
5026,swzz.xyz,malicious
5027,protonmail.com,good
5028,bigbangnews.com,good
5029,ravelry.com,good
5030,apkreal.com,malicious
5031,enstage.com,good
5032,fasttech.com,good
5033,speculese.com,good
5034,pickaflick.co,good
5035,imgmak.com,good
5036,tvad.me,good
5037,absa.co.za,good
5038,gohillgo.com,good
5039,osxdaily.com,good
5040,tuttosport.com,good
5041,lastminute.com,good
5042,auspost.com.au,good
5043,ctvnews.ca,good
5044,totaljobs.com,good
5045,somosmovies.com,good
5046,worldfree4u.trade,malicious
5047,funimation.com,good
5048,microcenter.com,good
5049,live-rutor.org,illegal
5050,studopedia.ru,good
5051,mapnews.com,good
5052,adsmena.com,good
5053,sevenforums.com,good
5054,vip.com,good
5055,aftabir.com,good
5056,smallseotools.com,good
5057,google.com.tj,good
5058,iu.edu,good
5059,justwatch.com,good
5060,anakbnet.com,good
5061,pontofrio.com.br,good
5062,zalando.it,good
5063,24.hu,good
5064,serveclk.com,malicious
5065,hometalk.com,good
5066,vatanbilgisayar.com,good
5067,shareae.com,malicious
5068,tp-link.com,good
5069,htc.com,good
5070,leafly.com,illegal
5071,gov.on.ca,good
5072,fushaar.com,good
5073,vagas.com.br,good
5074,nts.org.pk,good
5075,bleepingcomputer.com,good
5076,time.mk,good
5077,gop.pk,good
5078,tomshw.it,good
5079,ajc.com,good
5080,toonova.net,good
5081,gamerch.com,good
5082,tuniu.com,good
5083,icdrama.se,good
5084,wantedly.com,good
5085,cgpeers.com,illegal
5086,iranecar.com,good
5087,streamplay.to,malicious
5088,jobsdb.com,good
5089,seattletimes.com,good
5090,aemet.es,good
5091,pastemagazine.com,good
5092,ezgif.com,good
5093,senego.com,good
5094,nordea.fi,good
5095,bizpacreview.com,good
5096,gva.es,good
5097,saturn.de,good
5098,bioskopkeren.ws,good
5099,saksfifthavenue.com,good
5100,listenonrepeat.com,good
5101,tubeoffline.com,good
5102,fotomac.com.tr,good
5103,canalblog.com,good
5104,le.com,good
5105,eghtesadnews.com,good
5106,iporntv.net,adult
5107,pagesix.com,good
5108,testony.com,good
5109,hdfilme.tv,good
5110,viadeo.com,good
5111,unity.com,good
5112,carsensor.net,good
5113,hyatt.com,good
5114,2dehands.be,good
5115,lightnepal.news,good
5116,kkdate.com,adult
5117,harvestapp.com,good
5118,4game.com,good
5119,doisongphapluat.com,good
5120,podio.com,good
5121,freelotto.com,illegal
5122,arizona.edu,good
5123,kbs.co.kr,good
5124,o2online.de,good
5125,kyoto-u.ac.jp,good
5126,carlosjeurissen.com,good
5127,frandroid.com,good
5128,smzdm.com,good
5129,recruit.co.jp,good
5130,transferwise.com,good
5131,pcwelt.de,good
5132,gigafile.nu,good
5133,dobreprogramy.pl,good
5134,truesslredir.com,good
5135,ixquick.com,good
5136,sakurafile.com,good
5137,movie4k.tv,good
5138,holidaycheck.de,good
5139,moonbit.co.in,good
5140,wikibuy.com,good
5141,ver-peliculas.org,good
5142,creativesrv.com,good
5143,verywell.com,good
5144,creditonebank.com,good
5145,nabble.com,good
5146,cliphunter.com,adult
5147,elitetorrent.net,illegal
5148,google.com.bn,good
5149,gumroad.com,good
5150,netacad.com,good
5151,technews.tw,good
5152,mapy.cz,good
5153,bibliocommons.com,good
5154,animelek.com,good
5155,knowable.com,good
5156,androidpolice.com,good
5157,afl.com.au,good
5158,wind.it,good
5159,ce.gov.br,good
5160,granbluefantasy.jp,good
5161,iconfont.cn,good
5162,matchesfashion.com,good
5163,torrentfunk.com,illegal
5164,alphaporno.com,adult
5165,louisvuitton.com,good
5166,italki.com,good
5167,ofoghnews.ir,good
5168,banki.ru,good
5169,big.az,good
5170,xiaomi.cn,good
5171,ap2tg.com,malicious
5172,thrgo.pro,malicious
5173,zalando.fr,good
5174,teachable.com,good
5175,24tv.ua,good
5176,kanoon.ir,good
5177,btc-e.com,illegal
5178,radiko.jp,good
5179,libertaddigital.com,good
5180,mediametrics.ru,good
5181,qichacha.com,good
5182,goud.ma,good
5183,adpop-1.com,malicious
5184,cj.com,good
5185,loteriasyapuestas.es,illegal
5186,jamejamonline.ir,good
5187,sarahah.com,good
5188,netdna-cdn.com,good
5189,askmen.com,good
5190,ipsosinteractive.com,good
5191,indiegala.com,good
5192,eurosport.ru,good
5193,financialexpress.com,good
5194,meteo.pl,good
5195,curbed.com,good
5196,capterra.com,good
5197,ldlc.com,good
5198,pichunter.com,adult
5199,wondershare.net,good
5200,blablacar.ru,good
5201,tsetmc.com,good
5202,garena.tw,good
5203,optifine.net,good
5204,modernweekly.com,good
5205,elespectador.com,good
5206,usg.edu,good
5207,empowr.com,good
5208,tubedupe.com,adult
5209,liberoquotidiano.it,good
5210,canalporno.com,adult
5211,freecharge.in,good
5212,linkmyc.com,good
5213,secretsdujeu.com,good
5214,meinestadt.de,good
5215,yesadsrv.com,good
5216,elotrolado.net,good
5217,timesofmalta.com,good
5218,bravoporn.com,adult
5219,playbuzz.com,good
5220,shazam.com,good
5221,musiciansfriend.com,good
5222,4k17.me,malicious
5223,appannie.com,good
5224,digikey.com,good
5225,bitcoin.com,good
5226,japannetbank.co.jp,good
5227,cbseneet.nic.in,good
5228,easyspeedtest.co,good
5229,maintracker.org,good
5230,esea.net,good
5231,i-gamer.net,good
5232,khabarfoori.com,good
5233,expedia.co.jp,good
5234,liginc.co.jp,good
5235,channelmyanmar.org,good
5236,listentoyoutube.com,good
5237,puhutv.com,good
5238,turktelekom.com.tr,good
5239,lagou.com,good
5240,adslgate.com,good
5241,denizhaber.com.tr,good
5242,blablacar.fr,good
5243,zetads.com,good
5244,ooopic.com,good
5245,marksandspencer.com,good
5246,linkwithin.com,good
5247,dygang.com,good
5248,pluto.tv,good
5249,mobile.free.fr,good
5250,men.gov.ma,good
5251,game168.com.tw,illegal
5252,wittybunny.com,good
5253,etao.com,good
5254,tamindir.com,good
5255,wikimapia.org,good
5256,pec.it,good
5257,59cn7.com,malicious
5258,iza.ne.jp,good
5259,poringa.net,adult
5260,uptodate.com,good
5261,pcgamesn.com,good
5262,computerhoy.com,good
5263,amctheatres.com,good
5264,opskins.com,good
5265,misumi-ec.com,good
5266,ato.gov.au,good
5267,pornleech.com,adult
5268,menards.com,good
5269,wpmudev.org,good
5270,simpkb.id,good
5271,popdaily.com.tw,good
5272,matomeantena.com,good
5273,sb24.com,good
5274,thegameraccess.com,good
5275,2m.ma,good
5276,watanserb.com,good
5277,irishtimes.com,good
5278,gentside.com,good
5279,politicususa.com,good
5280,outlook.com,good
5281,bighits4u.com,good
5282,mmafighting.com,good
5283,lurkmore.to,good
5284,fotocasa.es,good
5285,muzofond.com,good
5286,coocan.jp,good
5287,sextvx.com,adult
5288,paidverts.com,good
5289,gucheng.com,good
5290,yandex.net,good
5291,ubs.com,good
5292,ah-me.com,good
5293,fardanews.com,good
5294,watch8x.com,adult
5295,dondelink.com,good
5296,photofans.cn,good
5297,yxdown.com,good
5298,katcr.co,illegal
5299,netvibes.com,good
5300,hochi.co.jp,good
5301,mahendras.org,good
5302,91mobiles.com,good
5303,elitedaily.com,good
5304,5dcar.com,good
5305,hotpads.com,good
5306,onejav.com,adult
5307,somethingawful.com,good
5308,sportmaster.ru,good
5309,cloudinary.com,good
5310,mamibuy.com.tw,good
5311,10youtube.com,malicious
5312,freshnewsasia.com,good
5313,hattrick.org,good
5314,gnu.org,good
5315,flashback.org,good
5316,thepointsguy.com,good
5317,hgtv.com,good
5318,xdf.cn,good
5319,mkyong.com,good
5320,pravda.com.ua,good
5321,my-tfile.org,malicious
5322,2nafare.com,malicious
5323,porn-harbor.com,adult
5324,renfe.com,good
5325,rp5.ua,good
5326,q8yat.com,good
5327,freshbooks.com,good
5328,blender.org,good
5329,expatriates.com,good
5330,alaraby.co.uk,good
5331,uservoice.com,good
5332,cointelegraph.com,good
5333,53.com,good
5334,vfsglobal.com,good
5335,fapality.com,adult
5336,cumhuriyet.com.tr,good
5337,tickld.com,good
5338,centos.org,good
5339,srf.ch,good
5340,3dnews.ru,good
5341,ufreegames.com,good
5342,dongtaiwang.com,good
5343,explorads.com,good
5344,hosyusokuhou.jp,good
5345,mysurvey.com,good
5346,techweb.com.cn,good
5347,ferret-plus.com,good
5348,istgah.com,good
5349,main.jp,good
5350,manutd.com,good
5351,loopnet.com,good
5352,demonoid.pw,malicious
5353,boulanger.com,good
5354,educamaisbrasil.com.br,good
5355,surrenderat20.net,good
5356,futurism.com,good
5357,tvrain.ru,good
5358,minhateca.com.br,good
5359,eprice.com.tw,good
5360,gotquestions.org,good
5361,mhlw.go.jp,good
5362,mci.ir,good
5363,google.ht,good
5364,vov.vn,good
5365,sportsjamm.com,good
5366,share-online.biz,good
5367,pullandbear.com,good
5368,powvideo.net,good
5369,dwnews.com,good
5370,boingboing.net,good
5371,liebiao.com,good
5372,meaww.com,good
5373,vocabulary.com,good
5374,gsu.edu,good
5375,youmaker.com,good
5376,chewy.com,good
5377,bddatabase.net,good
5378,rr.com,good
5379,wyylde.com,adult
5380,muyzorras.com,adult
5381,baby.ru,good
5382,new-rutor.org,malicious
5383,dl-xvideos.com,adult
5384,riffhold.com,good
5385,weather.gc.ca,good
5386,acesso.uol.com.br,good
5387,shikimori.org,good
5388,theync.com,adult
5389,thenounproject.com,good
5390,notizie.it,good
5391,aftenposten.no,good
5392,neopets.com,good
5393,easeus.com,good
5394,bloomingdales.com,good
5395,wellmov.com,good
5396,stoloto.ru,illegal
5397,pcgames.com.cn,good
5398,javhub.net,adult
5399,ads.gold,malicious
5400,aircanada.com,good
5401,plaync.com,good
5402,nchsoftware.com,good
5403,desjardins.com,good
5404,verycd.com,good
5405,r2games.com,good
5406,fuskator.com,adult
5407,questionablecontent.net,good
5408,thumbtack.com,good
5409,watchmygirlfriend.tv,adult
5410,lever.co,good
5411,game-game.com.ua,good
5412,dstv.com,good
5413,redlink.com.ar,good
5414,boyfriendtv.com,adult
5415,hatenadiary.jp,good
5416,dba.dk,good
5417,metal-archives.com,good
5418,standardbank.co.za,good
5419,bootsnipp.com,good
5420,everydayhealth.com,good
5421,annapurnapost.com,good
5422,malavida.com,good
5423,nine.com.au,good
5424,venturead.com,good
5425,symbaloo.com,good
5426,mygreatlakes.org,good
5427,newasiantv.me,good
5428,dcfever.com,good
5429,otodom.pl,good
5430,hamgardi.com,good
5431,digi24.ro,good
5432,ilpost.it,good
5433,iranjib.ir,good
5434,chaduo.com,good
5435,zoosk.com,good
5436,rivalo.com,illegal
5437,audiojungle.net,good
5438,onlinesoccermanager.com,good
5439,upsconline.nic.in,good
5440,tvefamosos.uol.com.br,good
5441,thetoptens.com,good
5442,xvideosporno.blog.br,adult
5443,gtarcade.com,good
5444,khaleejtimes.com,good
5445,anilinkz.to,good
5446,ionicframework.com,good
5447,povarenok.ru,good
5448,lilo.org,good
5449,hoortols.org,malicious
5450,tvp.pl,good
5451,mifix.xyz,malicious
5452,deped.gov.ph,good
5453,erq.io,good
5454,slashdot.org,good
5455,ibb.co,good
5456,way2sms.com,good
5457,bungie.net,good
5458,westelm.com,good
5459,jagd.gdn,malicious
5460,yourlust.com,adult
5461,p30world.com,good
5462,sofort.com,good
5463,pokemon.com,good
5464,hemailaccessonline.com,malicious
5465,spaces.ru,good
5466,clickjogos.com.br,good
5467,gktoday.in,good
5468,licindia.in,good
5469,cooldownload.ir,malicious
5470,nbtrk0.com,malicious
5471,desire2learn.com,good
5472,ucl.ac.uk,good
5473,khaosod.co.th,good
5474,nbg.gr,good
5475,i-doxs.net,malicious
5476,ojogo.pt,good
5477,huntington.com,good
5478,iyaxin.com,good
5479,realprotectedjump.com,malicious
5480,notebookcheck.net,good
5481,toptenreviews.com,good
5482,echoroukonline.com,good
5483,googlesyndication.com,good
5484,monkeyfrogmedia.com,good
5485,sportsguru.in,good
5486,crichd.info,good
5487,groupon.it,good
5488,tripadvisor.com.au,good
5489,decolar.com,good
5490,icicidirect.com,good
5491,hentai2read.com,adult
5492,5278.mobi,illegal
5493,ncsu.edu,good
5494,wed114.cn,good
5495,iranestekhdam.ir,good
5496,vagaro.com,good
5497,philly.com,good
5498,repressina.com,good
5499,rosegal.com,good
5500,yourtemplatefinder.com,good
5501,aovivonatv.com,good
5502,komputerswiat.pl,good
5503,keeplinks.eu,good
5504,aps.org,good
5505,mythewatchseries.com,good
5506,vandal.net,good
5507,jzrputtbut.net,malicious
5508,5giay.vn,good
5509,zalando.pl,good
5510,createspace.com,good
5511,agame.com,good
5512,wikifeet.com,adult
5513,hirunews.lk,good
5514,youzan.com,good
5515,doktorsitesi.com,good
5516,wonporn.net,adult
5517,yobit.net,good
5518,jalantikus.com,good
5519,fengniao.com,good
5520,easybib.com,good
5521,dowages.com,malicious
5522,vista.ir,good
5523,searchengineland.com,good
5524,bankmillennium.pl,good
5525,joinindianarmy.nic.in,good
5526,research.com,good
5527,tgju.org,good
5528,namemc.com,good
5529,youtubeinmp4.com,malicious
5530,trinixy.ru,malicious
5531,whisper.sh,good
5532,significados.com.br,good
5533,turbosquid.com,good
5534,bsnl.co.in,good
5535,stockcharts.com,good
5536,d1ev.com,good
5537,dubailifestyleapp.com,good
5538,windguru.cz,good
5539,swiki.jp,good
5540,dogdrip.net,good
5541,filehoslguru.com,malicious
5542,imagerar.com,malicious
5543,soha.vn,good
5544,waveapps.com,good
5545,depositfiles.org,malicious
5546,lenkino.xxx,adult
5547,ebay.com.hk,good
5548,karnataka.gov.in,good
5549,kimcartoon.me,illegal
5550,ivoox.com,good
5551,tinypng.com,good
5552,hankyung.com,good
5553,scambioetico.org,good
5554,collider.com,good
5555,reed.co.uk,good
5556,myetherwallet.com,good
5557,aliorbank.pl,good
5558,cafemom.com,good
5559,lazada.sg,good
5560,zapmeta.co.in,good
5561,trovi.com,good
5562,fastweb.it,good
5563,senscritique.com,good
5564,jbhifi.com.au,good
5565,instamp3.me,good
5566,microify.com,good
5567,ed.ac.uk,good
5568,gossiplankanews.com,good
5569,runrun.es,good
5570,unimelb.edu.au,good
5571,myutiitsl.com,malicious
5572,younow.com,good
5573,lnk.to,good
5574,juesheng.com,good
5575,unisa.ac.za,good
5576,oriflame.com,good
5577,mql5.com,good
5578,sheknows.com,good
5579,burusoku-vip.com,malicious
5580,geo.tv,good
5581,bajalogratis.com,good
5582,adultswim.com,good
5583,ashams.com,good
5584,ye-mek.net,malicious
5585,medallia.com,good
5586,freecamsexposed.com,adult
5587,hs.fi,good
5588,alwatanvoice.com,good
5589,ancensored.com,adult
5590,chuansong.me,good
5591,humoruniv.com,good
5592,socialplant.com,good
5593,cbr.com,good
5594,morele.net,good
5595,livecareer.com,good
5596,4porn.com,adult
5597,bollywoodlife.com,good
5598,asda.com,good
5599,hsn.com,good
5600,twinfinite.net,good
5601,dizibox1.com,good
5602,selfridges.com,good
5603,latercera.com,good
5604,jarir.com,good
5605,ichacha.net,good
5606,binarylp.com,good
5607,hindimoviesonlines.net,good
5608,kookporn.com,adult
5609,vudu.com,good
5610,lezhin.com,good
5611,olx.ph,good
5612,vlive.tv,good
5613,ay.gy,good
5614,24video.in,adult
5615,ruanyifeng.com,good
5616,add-block.org,good
5617,datacamp.com,good
5618,rightel.ir,good
5619,strawberrynet.com,good
5620,ttt4.com,good
5621,hbo.com,good
5622,ricardo.ch,good
5623,dfiles.eu,malicious
5624,freemaineads.com,malicious
5625,pearsonvue.com,good
5626,reklama5.mk,good
5627,lunapic.com,good
5628,enjoydressup.com,good
5629,elle.com,good
5630,mojim.com,good
5631,jwplayer.com,good
5632,ksu.edu.sa,good
5633,cucudas.com,good
5634,womenshealthmag.com,good
5635,homedepot.ca,good
5636,ithome.com,good
5637,raagtune.com,good
5638,webgains.com,good
5639,ondramanice.com,good
5640,linkhaitao.com,good
5641,launchpad.net,good
5642,minijuegos.com,good
5643,hindawi.com,good
5644,trafficbroker.com,good
5645,sharefile.com,good
5646,italia-film.gratis,good
5647,goodhousekeeping.com,good
5648,noticiasrcn.com,good
5649,djelfa.info,good
5650,maxprofitcontrol.com,good
5651,happer.info,good
5652,okwave.jp,good
5653,modthesims.info,good
5654,a8.net,good
5655,ssg.com,good
5656,shorte.st,good
5657,adnxs.com,good
5658,newspicks.com,good
5659,mahaonline.gov.in,good
5660,over10ish.club,good
5661,huxiu.com,good
5662,hryssc.in,malicious
5663,only2date.com,adult
5664,sofascore.com,good
5665,irpopup.ir,malicious
5666,pitt.edu,good
5667,locopelis.com,adult
5668,thebuzztube.com,good
5669,canada.ca,good
5670,hypixel.net,good
5671,blanja.com,good
5672,tori.fi,good
5673,dramacools.to,good
5674,netfind.com,good
5675,pciconcursos.com.br,good
5676,speedvideo.net,good
5677,al-marsd.com,good
5678,osu.edu,good
5679,gucci.com,good
5680,metoffice.gov.uk,good
5681,evideorun.com,good
5682,apartmenthomeliving.com,good
5683,adbtc.top,malicious
5684,gq.com.tw,good
5685,mobilism.org,good
5686,dice.com,good
5687,sanguosha.com,good
5688,rtbf.be,good
5689,besied.com,good
5690,thestudentroom.co.uk,good
5691,thisvid.com,adult
5692,tonicmovies.com,adult
5693,uznayvse.ru,good
5694,tn.com.ar,good
5695,manofile.com,good
5696,81.cn,good
5697,kinozz.club,good
5698,gametracker.com,good
5699,stepstone.de,good
5700,feiren.com,good
5701,8maple.ru,good
5702,kino-max.com,good
5703,next.co.uk,good
5704,bithumb.com,good
5705,wallstreetcn.com,good
5706,sharelatex.com,good
5707,peopleperhour.com,good
5708,kuleuven.be,good
5709,cameraprive.com,adult
5710,roll20.net,good
5711,asos.de,good
5712,bakecaincontrii.com,malicious
5713,thequestion.ru,good
5714,diariodelweb.it,good
5715,animeflv.me,good
5716,play.pl,good
5717,lulus.com,good
5718,costco.ca,good
5719,iobnet.co.in,malicious
5720,ikman.lk,good
5721,natalie.mu,good
5722,classiccars.com,good
5723,internshala.com,good
5724,uncrate.com,good
5725,webmasterplan.com,good
5726,aznude.com,adult
5727,ds-ytiralflabi.ru,malicious
5728,join.me,good
5729,tuttomercatoweb.com,good
5730,mobiaxm.com,malicious
5731,eiga.com,good
5732,casadellibro.com,good
5733,dateoftheday.club,good
5734,calendly.com,good
5735,chinaq.org,good
5736,iol.pt,good
5737,elo7.com.br,good
5738,yify-movies.to,illegal
5739,torrentdownload.ch,illegal
5740,abadis.ir,good
5741,unsw.edu.au,good
5742,gravitytales.com,good
5743,b1fb813dc806b7d.com,malicious
5744,4downfiles.org,malicious
5745,macworld.com,good
5746,nerdist.com,good
5747,leroymerlin.es,good
5748,enstage-sas.com,good
5749,bitrix24.ru,good
5750,uefa.com,good
5751,ubnt.com,good
5752,giallozafferano.it,good
5753,contried.com,good
5754,biji.co,good
5755,bonprix.de,good
5756,estrenosdoramas.net,good
5757,totalsportek.com,good
5758,grabcad.com,good
5759,seosprint.net,good
5760,mygully.com,good
5761,parsfootball.com,good
5762,xxxhost.me,adult
5763,dwarozh.net,good
5764,menhdv.com,good
5765,washingtonjournal.com,good
5766,autoscout24.it,good
5767,imocandidaturas.co.ao,good
5768,todaypk.li,malicious
5769,stockisti.com,good
5770,pussyspace.com,adult
5771,cartooncrazy.net,good
5772,99designs.com,good
5773,jobbole.com,good
5774,moviepilot.com,good
5775,sapo.ao,good
5776,support.wordpress.com,good
5777,cubadebate.cu,good
5778,7days.ru,good
5779,overclock.net,good
5780,care.com,good
5781,ipagal.org,adult
5782,anime-planet.com,good
5783,ufc.com,good
5784,hdsexdino.com,adult
5785,liaoxuefeng.com,good
5786,iop.org,good
5787,topito.com,good
5788,mako.co.il,good
5789,magoosh.com,good
5790,boards.ie,good
5791,gulfnews.com,good
5792,chia-anime.tv,good
5793,121ware.com,good
5794,mobile.ir,good
5795,apnews.com,good
5796,mouser.com,good
5797,lifo.gr,good
5798,saudiairlines.com,good
5799,series-top.com,good
5800,alldatasheet.com,good
5801,studentloans.gov,good
5802,boerse.to,good
5803,kmart.com,good
5804,oyunkolu.com,good
5805,tinyium.com,good
5806,videoblocks.com,good
5807,matchtv.ru,good
5808,rabobank.nl,good
5809,tele2.ru,good
5810,1001freefonts.com,good
5811,oglaf.com,adult
5812,superchillin.com,illegal
5813,insight.co.kr,good
5814,jpn.org,good
5815,ivi.tv,good
5816,news-us.jp,good
5817,amc.com,good
5818,yournewtab.com,malicious
5819,smartrecruiters.com,good
5820,ummy.net,good
5821,indy100.com,good
5822,nairabet.com,illegal
5823,365jilin.com,good
5824,buenastareas.com,good
5825,internethaber.com,good
5826,nesaporn.com,adult
5827,cheers.com.tw,good
5828,steamstatic.com,good
5829,canadapost.ca,good
5830,1000mg.jp,good
5831,shufoo.net,good
5832,appear.in,good
5833,deccanchronicle.com,good
5834,hkjc.com,illegal
5835,techpowerup.com,good
5836,pottermore.com,good
5837,embedscr.to,malicious
5838,xtuan.com,good
5839,carousell.com,good
5840,pussl13.com,adult
5841,nungmovies-hd.com,good
5842,virtualbox.org,good
5843,winzip.com,good
5844,passeidireto.com,good
5845,daserste.de,good
5846,bitcoin.org,good
5847,faberlic.com,good
5848,wallpapercave.com,good
5849,prokerala.com,good
5850,news-decent.com,good
5851,wday.ru,good
5852,tudou.com,good
5853,rtl.fr,good
5854,jamnews.ir,good
5855,blogosfera.uol.com.br,good
5856,celebrityinsider.org,good
5857,adobeconnect.com,good
5858,anige-sokuhouvip.com,good
5859,dainiksaveratimes.com,good
5860,truecar.com,good
5861,asiae.co.kr,good
5862,publico.pt,good
5863,kaggle.com,good
5864,tdameritrade.com,good
5865,hotnine9.com,adult
5866,zeroredirect11.com,malicious
5867,misionesonline.net,good
5868,anipo.jp,good
5869,jetairways.com,good
5870,v2profit.com,malicious
5871,talkingpointsmemo.com,good
5872,1377x.to,illegal
5873,minecraft-mp.com,good
5874,seriesblanco.com,good
5875,kickass2.org,illegal
5876,tvklan.al,good
5877,123movies.io,illegal
5878,ccb.com.cn,good
5879,dbmads.com,good
5880,jcb.co.jp,good
5881,philenews.com,good
5882,kanobu.ru,good
5883,germany.ru,good
5884,nmk.co.in,good
5885,yemeksepeti.com,good
5886,nationalreview.com,good
5887,jreast.co.jp,good
5888,kun.uz,good
5889,11street.my,good
5890,bitfinex.com,good
5891,ucweb.com,good
5892,artisanalbank.com,good
5893,tivoha.com,good
5894,fangraphs.com,good
5895,vidoza.net,good
5896,carsales.com.au,good
5897,taxheaven.gr,good
5898,tn.nic.in,good
5899,bdjobs.com,good
5900,domain.com.au,good
5901,zwaar.net,good
5902,syosetu.org,good
5903,hastidownload.us,malicious
5904,awwwards.com,good
5905,alef.ir,good
5906,curiouscat.me,good
5907,carfax.com,good
5908,svoboda.org,good
5909,pckeeper.software,malicious
5910,sciencealert.com,good
5911,pinkbike.com,good
5912,pornicom.com,adult
5913,dll-files.com,good
5914,brainly.com.br,good
5915,wimp.com,good
5916,yoast.com,good
5917,iminent.com,good
5918,b014381c95cb.com,malicious
5919,pulzo.com,good
5920,oxfordlearnersdictionaries.com,good
5921,99.com,good
5922,tsb.co.uk,good
5923,getspacecloud.org,good
5924,miradetodo.io,good
5925,grabon.in,good
5926,reporterlive.com,good
5927,paycomonline.net,good
5928,santanderrio.com.ar,good
5929,tfreeca22.com,good
5930,2dp.xyz,good
5931,wufoo.com,good
5932,phys.org,good
5933,zoominfo.com,good
5934,ad2load.net,malicious
5935,indianpornvideos.com,adult
5936,tirto.id,good
5937,fakt.pl,good
5938,cursecdn.com,good
5939,consequenceofsound.net,good
5940,offliberty.com,good
5941,cloudy.ec,good
5942,mazika2day.com,good
5943,ml.com,good
5944,ndr.de,good
5945,shitaraba.net,good
5946,neswangy.net,good
5947,skynewsarabia.com,good
5948,minecraftservers.org,good
5949,huffingtonpost.ca,good
5950,musescore.com,good
5951,mismarcadores.com,good
5952,winshang.com,good
5953,health.com,good
5954,flyfrontier.com,good
5955,lbldy.com,good
5956,searchipdf.com,good
5957,foolishpost.com,good
5958,publinews.gt,good
5959,gezginler.net,good
5960,ca800.com,good
5961,myheritage.com,good
5962,b0b1o.bid,malicious
5963,avito.ma,good
5964,philips.com,good
5965,soft112.com,good
5966,gelbooru.com,adult
5967,ammonnews.net,good
5968,property24.com,good
5969,kaidee.com,good
5970,noa.al,good
5971,mxtoolbox.com,good
5972,btbtdy.com,malicious
5973,mediaworld.it,good
5974,mcgill.ca,good
5975,kickass.st,illegal
5976,underarmour.com,good
5977,culonudo.com,adult
5978,hapitas.jp,good
5979,pttsite.com,malicious
5980,newsmax.com,good
5981,preev.com,good
5982,vikatan.com,good
5983,yahoo.net,good
5984,upfile.mobi,malicious
5985,lpages.co,malicious
5986,lacentrale.fr,good
5987,jumia.co.ke,good
5988,paginegialle.it,good
5989,rozklad-pkp.pl,good
5990,billyaffcontent.com,adult
5991,subsmovies.tv,good
5992,unionbankonline.co.in,good
5993,orsoon.com,good
5994,say-move.org,good
5995,mp3mad.com,good
5996,descargatelocorp.com,good
5997,openoffice.org,good
5998,gmail.com,good
5999,freee.co.jp,good
6000,feiyang.com,good
6001,tudotv.tv,good
6002,eventbrite.co.uk,good
6003,openrice.com,good
6004,pushcrew.com,good
6005,fark.com,good
6006,moshahda.net,good
6007,wdc.com,good
6008,modelmayhem.com,adult
6009,scipy.org,good
6010,mobioffertrck.com,malicious
6011,tagesspiegel.de,good
6012,afisha.ru,good
6013,kanald.com.tr,good
6014,ard.de,good
6015,dopefile.pk,malicious
6016,cian.ru,good
6017,instrument.com.cn,good
6018,19lou.com,good
6019,mobikwik.com,good
6020,babblecase.com,good
6021,onenote.com,good
6022,border.gov.au,good
6023,techsmith.com,good
6024,europe1.fr,good
6025,haqqin.az,good
6026,vixice.com,good
6027,maxifoot.fr,good
6028,smartprix.com,good
6029,ucf.edu,good
6030,motor-talk.de,good
6031,bluenik.com,good
6032,xiazaiba.com,good
6033,penny-arcade.com,good
6034,2ememain.be,good
6035,torrentz.eu,illegal
6036,cainiao.com,good
6037,thegioinoithat.com,good
6038,hbonordic.com,good
6039,loc.gov,good
6040,xamarin.com,good
6041,platnosci.pl,good
6042,inkapelis.com,adult
6043,ad.nl,good
6044,goldtraff.com,malicious
6045,a9vg.com,good
6046,ofrcapply.com,malicious
6047,thinkgeek.com,good
6048,tnebnet.org,good
6049,ebay.at,good
6050,15min.lt,good
6051,parsnaz.com,good
6052,5278.cc,illegal
6053,japantimes.co.jp,good
6054,infoq.com,good
6055,bet.com,illegal
6056,morningpost.com.cn,good
6057,bootcss.com,good
6058,samlib.ru,good
6059,persianv.com,good
6060,fda.gov,good
6061,gomovies.sc,malicious
6062,poshukach.com,good
6063,corsair.com,good
6064,pixelcanvas.io,good
6065,odatv.com,good
6066,uptvs.com,good
6067,pornomenge.com,adult
6068,cadenaser.com,good
6069,newsbomb.gr,good
6070,vultr.com,good
6071,synxis.com,good
6072,olx.com.ve,good
6073,diep.io,good
6074,oneplusstore.in,good
6075,animeshow.tv,good
6076,olx.bg,good
6077,getadblock.com,good
6078,vibbo.com,good
6079,madrid.org,good
6080,garena.co.id,good
6081,libreoffice.org,good
6082,ni.com,good
6083,masaladesi.com,good
6084,ucsc.edu,good
6085,vartoken.com,good
6086,you-go-go.ru,good
6087,shipstation.com,good
6088,pgatour.com,good
6089,macromill.com,good
6090,mobtada.com,good
6091,wccftech.com,good
6092,uq.edu.au,good
6093,pmhotnews.com,good
6094,hitta.se,good
6095,fang.com,good
6096,freemail.hu,good
6097,nic.ir,good
6098,seriesypelis24.com,good
6099,smashingmagazine.com,good
6100,telerik.com,good
6101,comicbus.com,good
6102,boots.com,good
6103,yande.re,adult
6104,seagate.com,good
6105,torrentor.co,illegal
6106,afkarnews.ir,good
6107,rte.ie,good
6108,rssing.com,good
6109,mycouchtuner.city,illegal
6110,stream.cz,good
6111,watchepisodeseries.com,good
6112,showjet.ru,good
6113,www.au.com,good
6114,speedrun.com,good
6115,anyanime.com,good
6116,trafficnado.com,good
6117,isbank.com.tr,good
6118,360tv.ru,good
6119,sinoptik.com.ru,good
6120,moviescounter.com,good
6121,mackeeper.com,malicious
6122,screwfix.com,good
6123,ifensi.com,good
6124,mimp3.eu,good
6125,jobkorea.co.kr,good
6126,qorno.com,adult
6127,addictinggames.com,good
6128,amazon.jobs,good
6129,ahram.org.eg,good
6130,defimedia.info,good
6131,jiayuan.com,good
6132,google.mu,good
6133,pintient.com,good
6134,symbols-n-emoticons.com,good
6135,kiwilimon.com,good
6136,conrad.de,good
6137,weidian.com,good
6138,jin115.com,good
6139,sovsport.ru,good
6140,vedomosti.ru,good
6141,fsu.edu,good
6142,123movies.net,illegal
6143,usay.gr,good
6144,futurelearn.com,good
6145,yiwugou.com,good
6146,prensa.com,good
6147,las2orillas.co,good
6148,realself.com,good
6149,filejoker.net,malicious
6150,egloos.com,good
6151,backcountry.com,good
6152,uw.edu,good
6153,mta.info,good
6154,marketo.com,good
6155,watch2gether.com,good
6156,espn.uol.com.br,good
6157,mac-torrent-download.net,malicious
6158,2cto.com,good
6159,nuevoloquo.com,good
6160,51credit.com,good
6161,wistia.com,good
6162,th3professional.com,good
6163,raxcdn.com,good
6164,treccani.it,good
6165,popyard.com,good
6166,jd.id,good
6167,cuantarazon.com,good
6168,kupujemprodajem.com,good
6169,kaola.com,good
6170,the-quantum-system.net,good
6171,antpedia.com,good
6172,blamper-news.ru,good
6173,playno1.com,good
6174,mnrate.com,good
6175,sky.de,good
6176,speedvid.net,good
6177,sta.sh,good
6178,88d7b6aa44fb8eb.com,malicious
6179,mybigcommerce.com,good
6180,domofond.ru,good
6181,oregonstate.edu,good
6182,pronews.gr,good
6183,catfly.com,good
6184,contra.gr,good
6185,bmail.uol.com.br,good
6186,thetimes.co.uk,good
6187,tgmgo.com,good
6188,wifi.id,good
6189,joomla.org,good
6190,atlas.sk,good
6191,diy.com,good
6192,tusfiles.net,malicious
6193,dato.porn,adult
6194,gsm.ir,good
6195,bhg.com,good
6196,standaard.be,good
6197,shmu.sk,good
6198,rizopoulospost.com,good
6199,webry.info,good
6200,xapo.com,good
6201,bestgame2017.com,good
6202,diretta.it,good
6203,imagecurl.com,good
6204,deredactie.be,good
6205,teambition.com,good
6206,advcash.com,good
6207,eleman.net,good
6208,lbj.tw,good
6209,alnabaa.net,good
6210,9news.com.au,good
6211,adevarul.ro,good
6212,admin.ch,good
6213,gamepress.gg,good
6214,bt.dk,good
6215,gamedog.cn,good
6216,6vhao.net,good
6217,advertisercommunity.com,good
6218,xxf65z4o6a.club,malicious
6219,7k7k.com,good
6220,gunbroker.com,good
6221,sogi.com.tw,adult
6222,nudez.com,adult
6223,playbattlegrounds.com,good
6224,filecloud.io,good
6225,huffingtonpost.kr,good
6226,canadavisa.com,good
6227,miniinthebox.com,good
6228,alwadifa-maroc.com,good
6229,abnamro.nl,good
6230,pokemondb.net,good
6231,healthgrades.com,good
6232,hawaii.edu,good
6233,cengage.com,good
6234,perezhilton.com,good
6235,ioffer.com,good
6236,siamsport.co.th,good
6237,grid.mk,good
6238,oeker.net,good
6239,consultaremedios.com.br,good
6240,bonappetit.com,good
6241,pinterest.co.kr,good
6242,kidstaff.com.ua,good
6243,cli.im,good
6244,mofos.com,adult
6245,up-4ever.com,malicious
6246,hipchat.com,good
6247,kufar.by,good
6248,scopus.com,good
6249,marutv.com,adult
6250,sunmaker.com,illegal
6251,ohmynews.com,good
6252,coolrom.com,good
6253,telmex.com,good
6254,downvids.net,good
6255,avon.com,good
6256,google.la,good
6257,novaposhta.ua,good
6258,desiserials.org,good
6259,tudogostoso.com.br,good
6260,kaptest.com,good
6261,carrefour.es,good
6262,addic7ed.com,good
6263,cosme.net,good
6264,newrelic.com,good
6265,idropnews.com,good
6266,henchan.me,good
6267,mp3red.me,illegal
6268,uct.ac.za,good
6269,tes.com,good
6270,oregonlive.com,good
6271,m48play.com,illegal
6272,monex.co.jp,good
6273,cyberlink.com,good
6274,findlaw.com,good
6275,audacityteam.org,good
6276,iberia.com,good
6277,walkerplus.com,good
6278,windowsazure.com,good
6279,telenet.be,good
6280,lingualeo.com,good
6281,sony.co.jp,good
6282,jmty.jp,good
6283,putlocker.rs,illegal
6284,htcmania.com,good
6285,megafilmesonline.net,illegal
6286,senasofiaplus.edu.co,good
6287,openstreetmap.org,good
6288,brainly.lat,good
6289,u17.com,good
6290,manga-free-online.com,good
6291,soccersuck.com,adult
6292,meteociel.fr,good
6293,vipsister23.com,adult
6294,ondemandkorea.com,good
6295,manithan.com,good
6296,id3103.com,good
6297,newlook.com,good
6298,twirpx.com,good
6299,mytedata.net,good
6300,scitation.org,good
6301,studiocataldi.it,good
6302,immonet.de,good
6303,ganji.com,good
6304,miamiherald.com,good
6305,roosterteeth.com,good
6306,banorte.com,good
6307,stirileprotv.ro,good
6308,leiphone.com,good
6309,russian7.ru,good
6310,obligao.com,good
6311,grameenphone.com,good
6312,arablionz.tv,good
6313,theweek.com,good
6314,top4top.net,good
6315,jumpers.mobi,good
6316,prevention.com,good
6317,anistar.me,good
6318,axszd.pro,malicious
6319,ya.ru,good
6320,javhd.com,adult
6321,lenovo.com.cn,good
6322,ebah.com.br,good
6323,newsone.gr,good
6324,bursadabugun.com,good
6325,e-travel.com,good
6326,video-browse.com,good
6327,proprofs.com,good
6328,sld.cu,good
6329,yandex.fr,good
6330,imslp.org,good
6331,bell.ca,good
6332,postgresql.org,good
6333,statista.com,good
6334,letudiant.fr,good
6335,mgstage.com,adult
6336,cpanel.net,good
6337,loldytt.com,good
6338,jiji.ng,good
6339,postimees.ee,good
6340,tisub.biz,malicious
6341,jikexueyuan.com,good
6342,download-for.me,malicious
6343,expedia.ca,good
6344,chowhound.com,good
6345,namethatporn.com,adult
6346,bdnews24.com,good
6347,ajio.com,good
6348,cash-code-system.com,illegal
6349,hackerearth.com,good
6350,sdna.gr,good
6351,er5medis.com,malicious
6352,gbatemp.net,good
6353,nisrecruitment.org.ng,good
6354,hubpages.com,good
6355,wordstream.com,good
6356,google.co.zm,good
6357,goo-net.com,good
6358,hdwallpapers.in,good
6359,fas.li,malicious
6360,daftsex.com,adult
6361,kia.com,good
6362,sunoticiero.com,good
6363,nullrefer.com,malicious
6364,backpackers.com.tw,good
6365,nicoblog.org,good
6366,lineblog.me,good
6367,levi.com,good
6368,wnd.com,good
6369,blogphongthuy.com,good
6370,weforum.org,good
6371,slashfilm.com,good
6372,authorize.net,good
6373,benchmark.pl,good
6374,ignou.ac.in,good
6375,wav.tv,good
6376,athome.co.jp,good
6377,draw.io,good
6378,hipertextual.com,good
6379,level3.com,good
6380,active.com,good
6381,wordhippo.com,good
6382,fluentu.com,good
6383,islcollective.com,good
6384,en-japan.com,good
6385,bseindia.com,good
6386,welltorrent.com,malicious
6387,qoo10.jp,good
6388,apk.tw,good
6389,js.org,good
6390,poste.dz,good
6391,flypgs.com,good
6392,tejaratbank.ir,good
6393,eastmoney.com,good
6394,alnilin.com,good
6395,travelwhip.com,good
6396,csgostash.com,good
6397,nuomi.com,good
6398,sinaimg.cn,good
6399,hamyarwp.com,good
6400,gamejolt.com,good
6401,eprice.it,good
6402,movie-blog.org,good
6403,mycoolmoviez.net,good
6404,kurir.mk,good
6405,bod.com.ve,good
6406,findprice.com.tw,good
6407,yumpu.com,good
6408,elcinema.com,good
6409,wwwpromoter.com,good
6410,10jqka.com.cn,good
6411,trendingpatrol.com,good
6412,silkroad.com,illegal
6413,journaldunet.com,good
6414,cardinalcommerce.com,good
6415,tv-asahi.co.jp,good
6416,merrjep.com,malicious
6417,giveawayoftheday.com,good
6418,sspai.com,good
6419,bible.com,good
6420,ingdirect.it,good
6421,123telugu.com,good
6422,accorhotels.com,good
6423,aamc.org,good
6424,realsimple.com,good
6425,perfectmoney.is,malicious
6426,18qt.com,adult
6427,citizensbankonline.com,good
6428,javdoe.com,adult
6429,with2.net,good
6430,theregister.co.uk,good
6431,severalmovies.com,good
6432,byu.edu,good
6433,khamsat.com,good
6434,scout.com,good
6435,starhit.ru,good
6436,islandmob.com,good
6437,identi.li,good
6438,google.com.bo,good
6439,usf.edu,good
6440,entertaintastic.com,good
6441,forgetfulbc.blogspot.com,good
6442,seriesfilmestorrent.com,illegal
6443,ceskatelevize.cz,good
6444,myzuka.me,illegal
6445,discretesearch.com,good
6446,overbuff.com,good
6447,62b70ac32d4614b.com,malicious
6448,rj.gov.br,good
6449,marthastewart.com,good
6450,nanopool.org,good
6451,wow.com,good
6452,tvspielfilm.de,good
6453,carid.com,good
6454,thesims.com,good
6455,worldpay.com,good
6456,wdr.de,good
6457,pop-music.ir,good
6458,afrikmag.com,good
6459,tv-alnoor.com,good
6460,fruityfifty.com,good
6461,kissmetrics.com,good
6462,loudgames.com,good
6463,d20pfsrd.com,good
6464,theculturetrip.com,good
6465,sainsburys.co.uk,good
6466,zoom.com.br,good
6467,slimspots.com,good
6468,watchmygf.net,adult
6469,blogspot.ro,good
6470,home.pl,good
6471,alltechbuzz.net,good
6472,theroot.com,good
6473,essada.net,good
6474,sbb.ch,good
6475,rpp.pe,good
6476,skidrowgamesreloaded.com,malicious
6477,tparser.org,malicious
6478,movistarplus.es,good
6479,enjin.com,good
6480,whatmobile.com.pk,good
6481,dtnlyss.com,malicious
6482,escort-advisor.com,adult
6483,plotek.pl,good
6484,asdfg.pro,good
6485,skelbiu.lt,good
6486,olx.com.co,good
6487,meteo.gr,good
6488,1544.ir,good
6489,paradoxplaza.com,good
6490,mp.gov.in,good
6491,doktortakvimi.com,good
6492,chatrandom.com,adult
6493,dn.se,good
6494,berliner-sparkasse.de,good
6495,fullhdfilmizlesene1.net,illegal
6496,mmajunkie.com,good
6497,onlinemoviescinema.com,illegal
6498,tver.jp,good
6499,secretchina.com,good
6500,giantitp.com,good
6501,unacademy.com,good
6502,ntvspor.net,good
6503,cdkeys.com,good
6504,tinkoff.ru,good
6505,flydubai.com,good
6506,informationng.com,good
6507,heureka.sk,good
6508,sarkariexaam.com,good
6509,porneq.com,adult
6510,cvbankas.lt,good
6511,www-searching.com,good
6512,nofilmschool.com,good
6513,jabeh.com,good
6514,diarioinenglish.com,good
6515,mp3crazy.me,good
6516,anonymz.com,good
6517,turkcealtyazi.org,good
6518,yts.gs,illegal
6519,lyft.com,good
6520,wustl.edu,good
6521,epicgames.com,good
6522,movierulz.cx,illegal
6523,autoportal.com,good
6524,quickconnect.to,good
6525,flyflv.com,good
6526,admob.com,good
6527,lucidchart.com,good
6528,ubereats.com,good
6529,alrajhibank.com.sa,good
6530,shinobi.jp,good
6531,emalls.ir,good
6532,nnm.me,good
6533,hertz.com,good
6534,transfermarkt.com,good
6535,gosunoob.com,good
6536,clkmein.com,malicious
6537,yunbi.com,good
6538,telerama.fr,good
6539,ladepeche.fr,good
6540,virginia.gov,good
6541,lapresse.ca,good
6542,autotrader.ca,good
6543,everifymatch.com,good
6544,linode.com,good
6545,ulifestyle.com.hk,good
6546,translate.ru,good
6547,tripadvisor.com.br,good
6548,geocaching.com,good
6549,v1n7c.com,good
6550,tinyurl.com,good
6551,letscorp.net,good
6552,essahraa.net,good
6553,retre.org,good
6554,zhcw.com,good
6555,libsyn.com,good
6556,markt.de,good
6557,emdep.vn,good
6558,overleaf.com,good
6559,click108.com.tw,good
6560,sncf.com,good
6561,vivino.com,good
6562,russiadress.ru,good
6563,animits.com,good
6564,sudouest.fr,good
6565,worksmobile.com,good
6566,thepornsurvey.com,adult
6567,finishline.com,good
6568,airfrance.fr,good
6569,dingtalk.com,good
6570,personalfinancist.com,good
6571,yad2.co.il,good
6572,google.bf,good
6573,guru3d.com,good
6574,pbebank.com,good
6575,guidegame.vn,good
6576,skillprogramming.com,good
6577,yourstory.com,good
6578,pardot.com,good
6579,walkerland.com.tw,good
6580,muz.li,good
6581,gamebase.com.tw,good
6582,etsystatic.com,good
6583,cam4.es,adult
6584,smule.com,good
6585,reactor.cc,good
6586,recode.net,good
6587,americasfreedomfighters.com,good
6588,vic.edu.au,good
6589,ienjoyapps.com,good
6590,cvent.com,good
6591,trabalhosfeitos.com,good
6592,potterybarn.com,good
6593,ig.com,good
6594,enews.com.tw,good
6595,yelp.ca,good
6596,noip.com,good
6597,whentowork.com,good
6598,pmang.jp,good
6599,cocoachina.com,good
6600,linkzb.net,good
6601,chouti.com,good
6602,bancomer.com,good
6603,groupon.co.uk,good
6604,netkeiba.com,good
6605,ohnotheydidnt.livejournal.com,good
6606,tappedout.net,good
6607,mangaku.web.id,good
6608,cpaofferstat.com,malicious
6609,mydirtyhobby.com,adult
6610,user-clicks.com,malicious
6611,epfindia.com,good
6612,freepeople.com,good
6613,sharetap.it,good
6614,radiotimes.com,good
6615,oclc.org,good
6616,sojump.com,good
6617,expedia.co.uk,good
6618,euro.com.pl,good
6619,womanadvice.ru,good
6620,emailaccountlogin.co,malicious
6621,wallhaven.cc,adult
6622,ebalka.net,good
6623,dardarkom.com,adult
6624,buzzintersection.com,good
6625,11467.com,malicious
6626,omni7.jp,good
6627,warthunder.ru,good
6628,education.fr,good
6629,gamerescape.com,good
6630,gasengi.com,good
6631,lastsecond.ir,good
6632,sgcpanel.com,good
6633,kindgirls.com,adult
6634,amadeus.net,good
6635,clubedohardware.com.br,good
6636,krakow.pl,good
6637,grosir-gaun.com,good
6638,4luckyf.com,illegal
6639,berlin.de,good
6640,missevan.com,good
6641,iflix.com,good
6642,gfpornvideos.com,adult
6643,marcaapuestas.es,illegal
6644,blogmura.com,good
6645,unesco.org,good
6646,trandaiquang.org,good
6647,caracoltv.com,good
6648,link-boost.com,malicious
6649,travelandleisure.com,good
6650,revolico.com,illegal
6651,aufeminin.com,good
6652,hqhole.com,adult
6653,miercn.com,good
6654,pdfonline.com,good
6655,trendmicro.com,good
6656,codechef.com,good
6657,airbnb.ru,good
6658,petfinder.com,good
6659,nowvideo.sx,illegal
6660,futura-sciences.com,good
6661,panduoduo.net,good
6662,marvel.com,good
6663,yungching.com.tw,good
6664,naukrigulf.com,good
6665,58pic.com,good
6666,fullhdxxx.com,adult
6667,raj.nic.in,good
6668,95516.com,good
6669,thestar.com.my,good
6670,guru99.com,good
6671,jeevansathi.com,good
6672,waseet.net,good
6673,bonanza.com,good
6674,wg-gesucht.de,good
6675,114so.cn,good
6676,atresplayer.com,good
6677,tympanus.net,good
6678,elektroda.pl,good
6679,minhavida.com.br,good
6680,vividseats.com,good
6681,dwebdigital.com,good
6682,tnt.com,good
6683,okcoin.cn,good
6684,twipple.jp,good
6685,gilt.com,good
6686,revolve.com,good
6687,weiyun.com,good
6688,vtb24.ru,good
6689,capgemini.com,good
6690,primeintactsection.com,good
6691,baixing.com,good
6692,bitly.me,good
6693,dlkoo.com,malicious
6694,popundertotal.com,malicious
6695,hiweb.ir,good
6696,advfn.com,good
6697,artofmanliness.com,good
6698,j-cast.com,good
6699,trafficshop.com,malicious
6700,patrika.com,good
6701,duitang.com,good
6702,258.com,good
6703,mturk.com,good
6704,obsproject.com,good
6705,dni.ru,good
6706,mail.gov.in,good
6707,filmesonlinegratis.com,good
6708,drama3s.com,good
6709,f5haber.com,good
6710,imgsin.com,good
6711,thaidress-wholesale.com,good
6712,nrttv.com,good
6713,canarabank.in,good
6714,vidnow.to,good
6715,scholastic.com,good
6716,paginebianche.it,good
6717,emaporn.com,adult
6718,denverpost.com,good
6719,oliciouspages.com.br,good
6720,ournewstoday.com,good
6721,myperfectresume.com,good
6722,yify.bz,malicious
6723,knowbrid.com,good
6724,bet365.es,illegal
6725,adsplay.in,malicious
6726,account.squarespace.com,good
6727,blikk.hu,good
6728,sciencenet.cn,good
6729,vk.me,good
6730,pentapostagma.gr,good
6731,sendpulse.com,good
6732,sondakika.com,good
6733,hubxt.com,good
6734,dnevnik.hr,good
6735,payeer.com,good
6736,tfilm.co,good
6737,lavozdegalicia.es,good
6738,mediaite.com,good
6739,houseoffraser.co.uk,good
6740,azcentral.com,good
6741,warriorforum.com,good
6742,bradva.bg,good
6743,genk.vn,good
6744,ehowenespanol.com,good
6745,persiantools.com,good
6746,xxxstreams.org,adult
6747,sinonimos.com.br,good
6748,op.fi,good
6749,alpha.gr,good
6750,games-workshop.com,good
6751,mckinsey.com,good
6752,songsmp3.co,illegal
6753,skai.gr,good
6754,motherjones.com,good
6755,itslearning.com,good
6756,animakai.info,good
6757,airarabia.com,good
6758,theprofitsmaker.net,malicious
6759,eadaily.com,good
6760,babylon.com,good
6761,olx.ba,good
6762,xvideo-jp.com,adult
6763,sydney.edu.au,good
6764,bitstamp.net,good
6765,tvline.com,good
6766,anews.com,good
6767,portail.free.fr,good
6768,milli.az,good
6769,warmane.com,good
6770,kasvyksta.lt,good
6771,meizu.com,good
6772,lifescript.com,good
6773,couponxplorer.com,good
6774,mejorconsalud.com,good
6775,pnas.org,good
6776,vecernji.hr,good
6777,samanese.ir,good
6778,minecraftforge.net,good
6779,jetcost.com,good
6780,taleemgate.com,good
6781,medicalnewstoday.com,good
6782,diario.mx,good
6783,yahoo-mbga.jp,good
6784,dilbert.com,good
6785,goeuro.com,good
6786,cretalive.gr,good
6787,freesound.org,good
6788,sportsnet.ca,good
6789,telondasmu.com,good
6790,techonthenet.com,good
6791,wholesale-dress.it,good
6792,cartoonmad.com,good
6793,vipfullhdfilmizle.org,good
6794,pasion.com,adult
6795,afpbb.com,good
6796,qmov.net,good
6797,ucm.es,good
6798,jakdojade.pl,good
6799,brightspace.com,good
6800,qt.io,good
6801,h5ck.com,malicious
6802,worldofwarships.eu,good
6803,xmoviesforyou.com,adult
6804,uisdc.com,good
6805,wanfangdata.com.cn,good
6806,natemat.pl,adult
6807,xmuzic.me,good
6808,upbasiceduboard.gov.in,good
6809,daclips.in,malicious
6810,google.co.cr,good
6811,oa.com,good
6812,sabavision.com,good
6813,ecnavi.jp,good
6814,uiowa.edu,good
6815,fanpop.com,good
6816,aflatoon420.blogspot.in,good
6817,soycarmin.com,good
6818,asianfanfics.com,good
6819,rlsbb.ru,malicious
6820,liverpoolecho.co.uk,good
6821,kinogo.by,good
6822,uesp.net,good
6823,ink361.com,good
6824,tomsguide.fr,good
6825,d1net.com,good
6826,kanzhun.com,good
6827,clothing-marketing.com,good
6828,svt.se,good
6829,journaldugeek.com,good
6830,dnaindia.com,good
6831,greatist.com,good
6832,discordapp.net,good
6833,mexgroup.com,good
6834,cgd.pt,good
6835,djangoproject.com,good
6836,whattomine.com,good
6837,takhfifan.com,good
6838,exhentai.org,adult
6839,notebooksbilliger.de,good
6840,pydata.org,good
6841,stereogum.com,good
6842,rd.com,good
6843,elnuevodiario.com.ni,good
6844,varlamov.ru,good
6845,adslzone.net,good
6846,tvmao.com,good
6847,politikus.ru,good
6848,sparkfun.com,good
6849,hetlerbazar.wapka.me,good
6850,computrabajo.com.mx,good
6851,minghui.org,good
6852,heraldcorp.com,good
6853,native-instruments.com,good
6854,c2j.jp,good
6855,prisjakt.nu,good
6856,joystamps.com,good
6857,urssaf.fr,good
6858,edf.fr,good
6859,digit.in,good
6860,gogy.com,good
6861,putlocker.co,illegal
6862,gob.cl,good
6863,ktrmr.com,malicious
6864,1v.to,adult
6865,stranamam.ru,good
6866,linuxquestions.org,good
6867,carrefour.fr,good
6868,r10.net,good
6869,voat.co,good
6870,citibank.com,good
6871,jerseymujeres.com,adult
6872,sec.gov,good
6873,yy.com,good
6874,post.ir,good
6875,legendas.tv,good
6876,anetwork.ir,good
6877,ideegreen.it,good
6878,crateandbarrel.com,good
6879,myprotein.com,good
6880,wholesale-dress.co.in,good
6881,connpass.com,good
6882,aboluowang.com,good
6883,gaymaletube.com,adult
6884,tv-tokyo.co.jp,good
6885,univie.ac.at,good
6886,real.de,good
6887,xem.vn,good
6888,apps4push.com,good
6889,weightwatchers.com,good
6890,5265535.com,good
6891,m59ymediared.com,malicious
6892,4kdownload.com,good
6893,korea-clothing.net,good
6894,mdpi.com,good
6895,ipage.com,good
6896,online2pdf.com,good
6897,cheaa.com,good
6898,volafile.org,good
6899,unroll.me,good
6900,hotmart.com,good
6901,robertsspaceindustries.com,good
6902,mega.cl,good
6903,filepuma.com,good
6904,allsingaporestuff.com,good
6905,mlit.go.jp,good
6906,alltrails.com,good
6907,filesfetcher.com,good
6908,newpornup.com,adult
6909,webdunia.com,good
6910,creativecommons.org,good
6911,youneedabudget.com,good
6912,powertds.trade,good
6913,wholesale-dress.com.pt,good
6914,parivahan.gov.in,good
6915,phonandroid.com,good
6916,jn.pt,good
6917,tvhome.com,good
6918,femmevetement.fr,good
6919,soccervista.com,good
6920,gmx.com,good
6921,avira.net,good
6922,hdwon.co,malicious
6923,uline.com,good
6924,libgen.pw,illegal
6925,fangdd.com,good
6926,macrojuegos.com,good
6927,99kubo.com,malicious
6928,adsbtrack.com,malicious
6929,eanswers.com,good
6930,pdffiller.com,good
6931,upworthy.com,good
6932,twojapogoda.pl,good
6933,mcc.nic.in,good
6934,jpdress.com,good
6935,league-funny.com,good
6936,c-and-a.com,good
6937,winxdvd.com,good
6938,dunyanews.tv,good
6939,alamto.com,good
6940,clickyab.com,good
6941,patient.info,good
6942,delfi.ee,good
6943,pia.jp,good
6944,grouple.co,good
6945,applitrack.com,good
6946,u-car.com.tw,good
6947,symplicity.com,good
6948,diplomatie.gouv.fr,good
6949,songtexte.com,good
6950,ngoisao.net,good
6951,hqtube.xxx,adult
6952,fidonav.com,good
6953,pcadvisor.co.uk,good
6954,trade.tmall.com,good
6955,convertunits.com,good
6956,guenstigkleidung.de,good
6957,fatwallet.com,good
6958,g-fox.cn,good
6959,mpgh.net,good
6960,polar.com,good
6961,petsmart.com,good
6962,sdsjweb.com,good
6963,newatlas.com,good
6964,flibusta.is,good
6965,mega-dvdrip.com,good
6966,telecinco.es,good
6967,fashionguide.com.tw,good
6968,dawanda.com,good
6969,wacom.com,good
6970,canon.jp,good
6971,foundationapi.com,good
6972,1and1.es,good
6973,arab-clothing.com,good
6974,navercorp.com,good
6975,olleh.com,good
6976,ultimatix.net,good
6977,downloadtwittervideo.com,good
6978,largeporntube.com,adult
6979,runnersworld.com,good
6980,disquscdn.com,good
6981,gao7.com,good
6982,quip.com,good
6983,malaysia-fashion.my,good
6984,javhdporn.com,adult
6985,nnm-club.me,malicious
6986,ipleer.fm,good
6987,okino.tv,good
6988,getez.info,malicious
6989,rulertube.com,adult
6990,goldchannelmovie.net,good
6991,education.com,good
6992,phun.org,good
6993,huffingtonpost.de,good
6994,icefilms.info,good
6995,diplo.de,good
6996,kddi.ne.jp,good
6997,hoopshype.com,good
6998,sifyitest.com,good
6999,skoob.com.br,good
7000,indianbank.net.in,good
7001,hotschedules.com,good
7002,zononi.com,good
7003,sanwen8.cn,good
7004,techacademy.jp,good
7005,btcclock.io,good
7006,joyclub.de,adult
7007,talktalk.co.uk,good
7008,sdamgia.ru,good
7009,freeporngayhdonline.com,adult
7010,toponclick.com,good
7011,zeplin.io,good
7012,boafoda.com,adult
7013,scholarship-positions.com,good
7014,meraki.com,good
7015,toroadvertisingmedia.com,good
7016,0daydown.com,malicious
7017,alkawnnews.com,good
7018,zakzak.co.jp,good
7019,ncsecu.org,good
7020,kongfz.com,good
7021,qiniu.com,good
7022,brainly.com,good
7023,zap2it.com,good
7024,yektanet.com,good
7025,komplett.no,good
7026,jele.gdn,good
7027,planningcenteronline.com,good
7028,infojobs.com.br,good
7029,pclab.pl,good
7030,24ur.com,good
7031,pond5.com,good
7032,coding.net,good
7033,kinoclips.tv,good
7034,uncomo.com,good
7035,scamadviser.com,good
7036,zapmeta.com,good
7037,coub.com,good
7038,deleted.io,good
7039,flyertea.com,good
7040,altsantiri.gr,good
7041,apa.org,good
7042,loveroms.com,good
7043,image-line.com,good
7044,alsoporn.com,adult
7045,yout.com,good
7046,brobible.com,good
7047,myscore.ru,good
7048,magento.com,good
7049,authoritynutrition.com,good
7050,straightdope.com,good
7051,tradeindia.com,good
7052,m-team.cc,malicious
7053,cognizant.com,good
7054,radiofarda.com,good
7055,jeuxjeuxjeux.fr,good
7056,notepad-plus-plus.org,good
7057,isubtitles.in,good
7058,liverpool.com.mx,good
7059,smartisan.com,good
7060,x-minus.me,good
7061,rec-tube.com,adult
7062,baoku.com,good
7063,pogdesign.co.uk,good
7064,dailyuploads.net,malicious
7065,zaobao.com,good
7066,filimo.com,good
7067,x-kom.pl,good
7068,huffpostarabi.com,good
7069,bonprix.ru,good
7070,iastate.edu,good
7071,yt-downloader.org,good
7072,zoomg.ir,good
7073,runtastic.com,good
7074,mycanal.fr,good
7075,qualcomm.com,good
7076,boldsky.com,good
7077,nationalpost.com,good
7078,cnetfrance.fr,good
7079,bankifsccode.com,good
7080,homeandgardenideas.com,good
7081,kra.go.ke,good
7082,startv.com.tr,good
7083,musicnotes.com,good
7084,interest.me,good
7085,kikinote.net,good
7086,worldcoinindex.com,good
7087,atlanticgam.es,good
7088,kulichki.net,good
7089,smarturl.it,good
7090,syri.net,good
7091,damasgate.com,good
7092,lofter.com,good
7093,lovoo.com,good
7094,bigbasket.com,good
7095,51job.com,good
7096,helpscout.net,good
7097,safetyholic.com,good
7098,mudainodocument.com,good
7099,hollywoodlife.com,good
7100,rapidvideo.com,good
7101,bnpparibasfortis.be,good
7102,onecall2ch.com,good
7103,pardad.ir,good
7104,toptvshows.me,good
7105,1221e236c3f8703.com,malicious
7106,mm-cg.com,good
7107,jolly.me,good
7108,toptal.com,good
7109,gutenberg.org,good
7110,dealmoon.com,good
7111,librus.pl,good
7112,adscale.de,good
7113,mythicspoiler.com,good
7114,fidelityhouse.eu,good
7115,periskopi.com,good
7116,scienceplus2ch.com,good
7117,yabaleftonline.com,good
7118,hardpole.com,good
7119,audioz.download,good
7120,oreillyauto.com,good
7121,astrologyzone.com,good
7122,channelnewsasia.com,good
7123,ceair.com,good
7124,vagina.nl,adult
7125,up.ac.za,good
7126,skladchik.com,good
7127,miwifi.com,good
7128,mhometheater.com,good
7129,svtplay.se,good
7130,heraldsun.com.au,good
7131,theconversation.com,good
7132,tehran.ir,good
7133,ohmymag.com,good
7134,japan-guide.com,good
7135,thisisinsider.com,good
7136,track112.site,malicious
7137,aksalser.com,good
7138,trang-phuc.com,good
7139,altadefinizione.pink,illegal
7140,myswitzerland.com,good
7141,inosmi.ru,good
7142,daxuecidian.com,good
7143,incometaxindia.gov.in,good
7144,pojoksatu.id,good
7145,metrodeal.com,good
7146,freeroms.com,good
7147,google.com.jm,good
7148,binomo.com,illegal
7149,dospara.co.jp,good
7150,flippa.com,good
7151,glassdoor.co.uk,good
7152,yasdl.com,good
7153,gordonua.com,good
7154,tvnet.lv,good
7155,vidtodo.com,good
7156,sprashivai.ru,good
7157,babla.ru,good
7158,spinz.io,good
7159,e-monsite.com,good
7160,military38.com,good
7161,carbours.com,good
7162,tasteofhome.com,good
7163,postfinance.ch,good
7164,paisdelosjuegos.com.mx,good
7165,ruporus.com,good
7166,riovagas.com.br,good
7167,okanime.com,good
7168,glamsham.com,good
7169,offers.com,good
7170,fboom.me,good
7171,bestproducts.com,good
7172,alalam.ir,good
7173,cardvrmirrorr.ru,malicious
7174,iloveoldschoolmusic.com,good
7175,esam.ir,good
7176,sproutsocial.com,good
7177,bni.co.id,good
7178,press24.mk,good
7179,bollywoodhungama.com,good
7180,pagina12.com.ar,good
7181,oraclecorp.com,good
7182,adorama.com,good
7183,mlstatic.com,good
7184,mybroadband.co.za,good
7185,skyscanner.it,good
7186,indgovtjobs.in,good
7187,notitarde.com,good
7188,cleanmybrowser.com,good
7189,paperlesspost.com,good
7190,tiexue.net,good
7191,facilisimo.com,good
7192,whosampled.com,good
7193,tatacliq.com,good
7194,yyets.com,good
7195,clegc-gckey.gc.ca,good
7196,notjustok.com,good
7197,excelsior.com.mx,good
7198,filmesonlinehd7.cc,malicious
7199,388bet.com,illegal
7200,vidlox.tv,adult
7201,spigotmc.org,good
7202,moviepilot.de,good
7203,guns.ru,good
7204,promodj.com,good
7205,newsitamea.gr,good
7206,formulawire.com,good
7207,hsbc.com,good
7208,debenhams.com,good
7209,junkmail.co.za,good
7210,hardware.com.br,good
7211,freesoft-100.com,malicious
7212,sii.cl,good
7213,westlaw.com,good
7214,turkanime.tv,good
7215,skiddle.com,good
7216,doityourself.com,good
7217,enotes.com,good
7218,epson.com,good
7219,datezone.com,adult
7220,filmifullizle.org,good
7221,temp-mail.org,good
7222,hewitt.com,good
7223,porsche.com,good
7224,eastbay.com,good
7225,soltana.ma,good
7226,freevideo.cz,good
7227,c-ij.com,good
7228,esmplus.com,good
7229,mexashare.com,good
7230,uoregon.edu,good
7231,teenvogue.com,good
7232,sofifa.com,good
7233,mozilla.net,good
7234,movtex.net,good
7235,ee.co.uk,good
7236,gusuwang.com,good
7237,pushbullet.com,good
7238,digitaluniversity.ac,good
7239,ohio.gov,good
7240,seatguru.com,good
7241,bunshun.jp,good
7242,istartsurf.com,good
7243,paychex.com,good
7244,knockporn.com,adult
7245,mp3cc.com,good
7246,boardingarea.com,good
7247,dgtle.com,good
7248,thanhnien.vn,good
7249,alljpop.co,good
7250,leju.com,good
7251,hdonline.vn,good
7252,2ch.sc,good
7253,default-search.net,good
7254,payback.de,good
7255,flyme.cn,good
7256,yiqifa.com,good
7257,reserveamerica.com,good
7258,nju.edu.cn,good
7259,mygov.in,good
7260,inspsearch.com,good
7261,citrix.com,good
7262,pixsense.net,good
7263,download.ir,good
7264,flyertalk.com,good
7265,sublimetext.com,good
7266,djpunjab.com,good
7267,bmj.com,good
7268,boobpedia.com,adult
7269,hightail.com,good
7270,babyschool.com.cn,good
7271,fmovie.io,malicious
7272,voachinese.com,good
7273,planalto.gov.br,good
7274,300mbfilms.co,malicious
7275,hotnews.ro,good
7276,partadvice.pro,good
7277,jotform.com,good
7278,tekstowo.pl,good
7279,coches.net,good
7280,trovit.com,good
7281,smithsonianmag.com,good
7282,bitballoon.com,good
7283,7viet.com,good
7284,auone.jp,good
7285,zedge.net,good
7286,btc123.com,good
7287,tjournal.ru,good
7288,bittorrent.am,good
7289,chuandong.com,good
7290,ju3t.com,good
7291,uga.edu,good
7292,saudia.com,good
7293,135editor.com,good
7294,sidereel.com,good
7295,allbest.ru,good
7296,vvvdj.com,good
7297,semana.com,good
7298,picocurl.com,good
7299,mp3pn.biz,malicious
7300,kaspi.kz,good
7301,bakufu.jp,good
7302,ableton.com,good
7303,jiwu.com,good
7304,myappline.com,good
7305,career.ru,good
7306,iconarchive.com,good
7307,akhbaralahly.com,good
7308,playtamil.in,good
7309,eurobank.gr,good
7310,camster.com,adult
7311,b1yt.com,malicious
7312,anon-ib.la,adult
7313,rulit.me,good
7314,quoka.de,good
7315,ahlysport.com,good
7316,iitb.ac.in,good
7317,tsumino.com,adult
7318,3dwwwgame.com,good
7319,hindilinks4u.to,illegal
7320,baixedetudo.net,malicious
7321,mdpr.jp,good
7322,perfil.com,good
7323,arabictrader-online.com,good
7324,azmoon.org,good
7325,mixer.com,good
7326,cafepress.com,good
7327,gvm.com.tw,good
7328,vivastreet.com,good
7329,ufrgs.br,good
7330,pornoxyu.me,adult
7331,palcomp3.com,good
7332,delta-search.com,malicious
7333,zetaboards.com,good
7334,putlocker.today,illegal
7335,myhermes.de,good
7336,ldoceonline.com,good
7337,seekingarrangement.com,adult
7338,pdfescape.com,good
7339,cpubenchmark.net,good
7340,frontier.com,good
7341,hollisterco.com,good
7342,fzg360.com,good
7343,82cook.com,good
7344,onlineclock.net,good
7345,sitel.com.mk,good
7346,9minecraft.net,good
7347,cztorrent.net,illegal
7348,todoexpertos.com,good
7349,hotslogs.com,good
7350,1337x.pl,illegal
7351,telemundo.com,good
7352,anadolu.edu.tr,good
7353,arukereso.hu,good
7354,pakwheels.com,good
7355,pudn.com,good
7356,salamdl.info,malicious
7357,bochk.com,good
7358,info.com,good
7359,licdn.com,good
7360,52pojie.cn,good
7361,honda.co.jp,good
7362,legalporno.com,adult
7363,bitdefender.com,good
7364,toranoana.jp,good
7365,ygosu.com,good
7366,cutestat.com,good
7367,oreilly.com,good
7368,listverse.com,good
7369,sci-hub.bz,illegal
7370,ray-ban.com,good
7371,donedeal.ie,good
7372,thefappening.pro,adult
7373,mtb.com,good
7374,newsbeast.gr,good
7375,flexmls.com,good
7376,sophos.com,good
7377,couchtuner.video,illegal
7378,iweihai.cn,good
7379,aces.gov.in,good
7380,etihad.com,good
7381,aetna.com,good
7382,break.com,good
7383,dn.pt,good
7384,grupobancolombia.com,good
7385,difi.no,good
7386,pho.to,good
7387,iridiumsergeiprogenitor.info,malicious
7388,pooq.co.kr,good
7389,barclaycard.co.uk,good
7390,yalalla.com,good
7391,online-audio-converter.com,good
7392,army.mil,good
7393,doda.jp,good
7394,grepolis.com,good
7395,goldpornfilms.com,adult
7396,aso100.com,good
7397,lululemon.com,good
7398,123movies.video,illegal
7399,daily-chance.info,malicious
7400,videa.hu,good
7401,newpct1.com,malicious
7402,sopoto.co,good
7403,fabric.io,good
7404,flowhot.me,adult
7405,trueachievements.com,good
7406,deutschepost.de,good
7407,gladly.io,good
7408,yota.ru,good
7409,monash.edu,good
7410,sima-land.ru,good
7411,gazetaglobale.net,good
7412,cmjornal.pt,good
7413,lrytas.lt,good
7414,psiphontoday.com,good
7415,jobs.net,good
7416,bsi.ir,good
7417,wallapop.com,good
7418,obsev.com,good
7419,soft32.com,good
7420,shopathome.com,good
7421,edimdoma.ru,good
7422,gov.bc.ca,good
7423,self.com,good
7424,centrelink.gov.au,good
7425,moviehd-master.com,good
7426,primemusic.cc,good
7427,4travel.jp,good
7428,pcauto.com.cn,good
7429,scikit-learn.org,good
7430,whoer.net,good
7431,washingtonexaminer.com,good
7432,uscourts.gov,good
7433,dreamhost.com,good
7434,hotellook.com,good
7435,tubepleasure.com,adult
7436,nelnet.com,good
7437,fujitv.co.jp,good
7438,foxsportsgo.com,good
7439,zakon.kz,good
7440,technopat.net,good
7441,greenmangaming.com,good
7442,iran-tejarat.com,good
7443,neilpatel.com,good
7444,senmanga.com,good
7445,fastpiratebay.co.uk,illegal
7446,grainger.com,good
7447,press-profi.com,good
7448,lovetvshow.info,good
7449,ispinner.online,good
7450,lelong.com.my,good
7451,po.st,good
7452,cowboy2u.com,illegal
7453,epn.bz,malicious
7454,sci-hub.cc,illegal
7455,stylecraze.com,good
7456,code.org,good
7457,doramakun.ru,good
7458,elkhabar.com,good
7459,frwdx.com,malicious
7460,imagefapusercontent.com,adult
7461,cryptocoinsnews.com,good
7462,consorsbank.de,good
7463,mensxp.com,good
7464,gtainside.com,good
7465,theih1w.top,malicious
7466,bodmillenium.com,good
7467,santander.com.mx,good
7468,rakuten.com.tw,good
7469,zona.mobi,good
7470,n4g.com,good
7471,ondemand.com,good
7472,djmaza.life,malicious
7473,mytheresa.com,good
7474,osaka-u.ac.jp,good
7475,download-amigo.com,malicious
7476,diigo.com,good
7477,computrabajo.com.co,good
7478,meteoblue.com,good
7479,disput.az,good
7480,romwe.com,good
7481,hockeysfuture.com,good
7482,liencaptcha.com,good
7483,masteroverwatch.com,good
7484,gl5.ru,good
7485,sarcasm.co,good
7486,bitcofarm.com,good
7487,alotporn.com,adult
7488,windowsreport.com,good
7489,seedr.cc,good
7490,paperpk.com,good
7491,e-gov.az,good
7492,mobile5shop.com,good
7493,proz.com,good
7494,sde.co.ke,good
7495,irr.ru,good
7496,telechargerunevideo.com,good
7497,blueapron.com,good
7498,desk.com,good
7499,sfu.ca,good
7500,processon.com,good
7501,onesignal.com,good
7502,beforward.jp,good
7503,waselnewseg.com,good
7504,zerochan.net,good
7505,dasoertliche.de,good
7506,dhlglobalmail.com,good
7507,support.wix.com,good
7508,mypearson.com,good
7509,oddshot.tv,good
7510,skidrow-games.io,malicious
7511,6play.fr,good
7512,click-cpa.net,malicious
7513,woxikon.de,good
7514,keio.ac.jp,good
7515,orizzontescuola.it,good
7516,blogspot.co.za,good
7517,seratnews.ir,good
7518,gaiaonline.com,good
7519,deref-mail.com,malicious
7520,firebaseapp.com,good
7521,name.com,good
7522,socialmediaexaminer.com,good
7523,globalremovalist.com.au,good
7524,bunnings.com.au,good
7525,gwentdb.com,good
7526,cafef.vn,good
7527,pomponik.pl,good
7528,lo4d.com,good
7529,mylife.com,good
7530,bolly4u.org,good
7531,cw.com.tw,good
7532,userstyles.org,good
7533,doordash.com,good
7534,eslgaming.com,good
7535,awin.com,good
7536,parsonline.com,good
7537,aib.ie,good
7538,gadgethacks.com,good
7539,twilio.com,good
7540,drp.su,good
7541,girlsgogames.com,good
7542,joinindiannavy.gov.in,good
7543,pandlr.com,good
7544,thestandnews.com,good
7545,tokyotosho.info,good
7546,ntu.edu.sg,good
7547,vt.edu,good
7548,sas.com,good
7549,glamour.com,good
7550,bankier.pl,good
7551,matometanews.com,good
7552,handelsblatt.com,good
7553,oneplusbbs.com,good
7554,estacio.br,good
7555,moi.gov.qa,good
7556,safemls.net,good
7557,rockmedia-online.com,good
7558,casa.it,good
7559,jia400.com,good
7560,findanime.me,good
7561,javbus.com,adult
7562,sips-atos.com,good
7563,tnews.ir,good
7564,nus.edu.sg,good
7565,9game.cn,good
7566,writical.com,good
7567,thebay.com,good
7568,belgium.be,good
7569,kissanime.io,illegal
7570,pornoamateurvip.com,adult
7571,slimcdns.com,good
7572,goldcarpet.cn,good
7573,climatempo.com.br,good
7574,toxicwap.com,malicious
7575,roku.com,good
7576,gtaforums.com,good
7577,amiami.com,good
7578,hdizlefilmi.org,good
7579,buienradar.nl,good
7580,follamigos.com,good
7581,citethisforme.com,good
7582,pinterest.pt,good
7583,dicionarioinformal.com.br,good
7584,liga.net,good
7585,severbak.com,good
7586,sexcord.com,adult
7587,torrent-baza.com,illegal
7588,thenationonlineng.net,good
7589,rabbitpre.com,good
7590,formstack.com,good
7591,epa.gov,good
7592,tvtime.com,good
7593,nettavisen.no,good
7594,elephanttube.com,adult
7595,neteller.com,good
7596,farecompare.com,good
7597,imlive.com,adult
7598,sanet.cd,malicious
7599,nespresso.com,good
7600,gamatotv.me,good
7601,ebook3000.com,good
7602,falabella.com,good
7603,cineplex.com,good
7604,unibo.it,good
7605,slideplayer.com,good
7606,adfries.net,malicious
7607,torrent9.ru,illegal
7608,news18a.com,good
7609,elustaz.com,adult
7610,rajwap.xyz,adult
7611,fantasynamegenerators.com,good
7612,rockauto.com,good
7613,dslreports.com,good
7614,linecorp.com,good
7615,piratebay.to,illegal
7616,unibet.com,illegal
7617,bundlestars.com,good
7618,typekit.com,good
7619,niezalezna.pl,good
7620,theunlimitedsystem.com,good
7621,ahaber.com.tr,good
7622,fgov.be,good
7623,beanfun.com,good
7624,gogoanime.to,good
7625,ishuhui.com,good
7626,abczdrowie.pl,good
7627,r-project.org,good
7628,jiushang.cn,good
7629,playvids.com,adult
7630,otpbankdirekt.hu,good
7631,1kkk.com,malicious
7632,manomano.fr,good
7633,crsky.com,malicious
7634,rp-online.de,good
7635,bankinter.com,good
7636,zocdoc.com,good
7637,collectionofbestporn.com,adult
7638,filmey.tv,good
7639,kahoot.it,good
7640,wifi.free.fr,good
7641,idealista.it,good
7642,caclubindia.com,good
7643,hku.hk,good
7644,itpro.ir,good
7645,pravda.sk,good
7646,jobstreet.co.id,good
7647,xabbs.com,good
7648,avxhm.se,adult
7649,bet.pt,illegal
7650,multiup.eu,malicious
7651,touristtube.com,good
7652,xxxtubedot.com,adult
7653,slaati.com,good
7654,practo.com,good
7655,dotahighlight.net,good
7656,cleveland.com,good
7657,yapikredi.com.tr,good
7658,yasour.org,good
7659,majorgeeks.com,good
7660,zlx.com.br,good
7661,awok.com,good
7662,rankedboost.com,good
7663,three.co.uk,good
7664,vanderbilt.edu,good
7665,escapistmagazine.com,good
7666,minutouno.com,good
7667,aol.de,good
7668,moviestarplanet.com,good
7669,aanqylta.com,malicious
7670,orange.es,good
7671,forums.wordpress.com,good
7672,meijutt.com,good
7673,meipai.com,good
7674,topg.org,good
7675,qip.ru,good
7676,eventim.de,good
7677,countryliving.com,good
7678,betano.com,illegal
7679,gfan.com,good
7680,thinkprogress.org,good
7681,ticketmaster.co.uk,good
7682,interac.ca,good
7683,kyobobook.co.kr,good
7684,cinepolis.com,good
7685,becu.org,good
7686,yes123.com.tw,good
7687,lapagina.com.sv,good
7688,mathxl.com,good
7689,tin-nsdl.com,good
7690,rosbalt.ru,good
7691,mkvcage.com,good
7692,uz.gov.ua,good
7693,justia.com,good
7694,iafd.com,adult
7695,ficx.gdn,malicious
7696,doubledeepclick.com,malicious
7697,abercrombie.com,good
7698,xjtu.edu.cn,good
7699,motogp.com,good
7700,payu.com,good
7701,tamilmv.vc,malicious
7702,wipro.com,good
7703,tlscontact.com,good
7704,foxbusiness.com,good
7705,farnell.com,good
7706,vumoo.li,malicious
7707,viagogo.com,good
7708,dunya.com.pk,good
7709,garant.ru,good
7710,dianxiaomi.com,good
7711,linktv.pro,good
7712,fox-fan.ru,good
7713,india.gov.in,good
7714,wadi.com,good
7715,subtorrents.com,illegal
7716,xfilmywap.com,adult
7717,qpic.cn,good
7718,bravotv.com,good
7719,mysku.ru,good
7720,sc.gov.br,good
7721,brucelead.com,good
7722,pdf2jpg.net,good
7723,oneplus.cn,good
7724,citenkomedia.com,good
7725,torrentgl.net,illegal
7726,panerabread.com,good
7727,tvnow.de,good
7728,koreus.com,good
7729,solidworks.com,good
7730,bakusai.com,good
7731,streema.com,good
7732,fastspring.com,good
7733,existenz.se,good
7734,toyota.jp,good
7735,datafilehost.com,good
7736,homemoviestube.com,adult
7737,camfrog.com,adult
7738,chinanetrank.com,good
7739,fshare.vn,good
7740,hackernoon.com,good
7741,letribunaldunet.fr,good
7742,mag2.com,good
7743,hotclips24.com,adult
7744,fmworld.net,good
7745,spox.com,good
7746,totaljerkface.com,adult
7747,nikkei.co.jp,good
7748,rogers.com,good
7749,vajehyab.com,good
7750,sendgrid.com,good
7751,watchseries-online.pl,malicious
7752,hardwarezone.com.sg,good
7753,familyhandyman.com,good
7754,gearslutz.com,good
7755,punjab.gov.pk,good
7756,servis24.cz,good
7757,trend-chaser.com,good
7758,speedbit.com,malicious
7759,alfalfalfa.com,adult
7760,pconverter.com,good
7761,bva-auctions.com,good
7762,logsoku.com,good
7763,wadtube.com,good
7764,seriesxd.tv,good
7765,net.hr,good
7766,raagtune.net,good
7767,frank151.com,good
7768,newpost.gr,good
7769,egypt-today.com,good
7770,nlcafe.hu,good
7771,adservme.com,good
7772,cpmlink.net,good
7773,getuploader.com,good
7774,spareroom.co.uk,good
7775,htmlpublish.com,good
7776,google.mn,good
7777,downdetector.com,good
7778,xdowns.com,good
7779,novayagazeta.ru,good
7780,avon.ru,good
7781,partis.si,good
7782,wowmovie.me,good
7783,motortrend.com,good
7784,scswl.cn,good
7785,smartphoneslist.com,good
7786,akakce.com,good
7787,arcor.de,good
7788,collegeconfidential.com,good
7789,unutulmazfilmler.co,good
7790,otaghkhabar24.ir,good
7791,igli5.com,good
7792,adyieldoptimizer.com,good
7793,kinogo-2016.net,good
7794,sneakernews.com,good
7795,pluska.sk,good
7796,ca168.com,good
7797,bigstockphoto.com,good
7798,fleex.cc,good
7799,king.com,good
7800,firebyo.com,good
7801,dh956.com,malicious
7802,geekbuying.com,good
7803,crutchfield.com,good
7804,gamovideo.com,good
7805,jamieoliver.com,good
7806,pixxxels.org,adult
7807,longdo.com,good
7808,axios.com,good
7809,kongzhong.com,good
7810,eee114.com,malicious
7811,theisozone.com,good
7812,searchmgr.com,good
7813,brothersoft.com,good
7814,ratp.fr,good
7815,bidorbuy.co.za,good
7816,kanasoku.info,good
7817,cityhouse.cn,good
7818,trakt.tv,good
7819,malaysiakini.com,good
7820,autobip.com,good
7821,astro.com,good
7822,aawsat.com,good
7823,cr173.com,malicious
7824,tengrinews.kz,good
7825,mapion.co.jp,good
7826,theodysseyonline.com,good
7827,toster.ru,good
7828,fmovies.se,illegal
7829,manchester.ac.uk,good
7830,opencv.org,good
7831,roodo.com,good
7832,skillshare.com,good
7833,proxer.me,good
7834,rosserial.net,good
7835,spaste.com,good
7836,alhea.com,good
7837,singaporeair.com,good
7838,funda.nl,good
7839,modcloth.com,good
7840,correos.es,good
7841,hahi.gdn,malicious
7842,znanija.com,good
7843,youav.com,adult
7844,pressreader.com,good
7845,4px.com,good
7846,donya-e-eqtesad.com,good
7847,pagomiscuentas.com,good
7848,ykt.ru,good
7849,tuasaude.com,good
7850,fox.com,good
7851,gizbot.com,good
7852,vippers.jp,good
7853,state.nj.us,good
7854,9tsu.com,good
7855,huffingtonpost.gr,good
7856,ualberta.ca,good
7857,hot-sex-tube.com,adult
7858,d1alac.com,malicious
7859,adliran.ir,good
7860,google.is,good
7861,lipsum.com,good
7862,jaleco.com,good
7863,ahcdn.com,good
7864,brunch.co.kr,good
7865,bolalob.com,good
7866,ineed2fuck.com,adult
7867,freelogoservices.com,good
7868,sonicpdfconverter.com,good
7869,danslescoulisses.com,good
7870,meishij.net,good
7871,comodo.com,good
7872,jobstreet.com.my,good
7873,wgu.edu,good
7874,hasznaltauto.hu,good
7875,ororo.tv,good
7876,voicetube.com,good
7877,petco.com,good
7878,women.com,good
7879,sipeliculas.com,good
7880,orange.pl,good
7881,stripchat.com,adult
7882,perspolisnews.com,good
7883,tocana.jp,good
7884,data18.com,adult
7885,obi.de,good
7886,vananews.ir,good
7887,in.gr,good
7888,abcya.com,good
7889,gxyj.com,good
7890,egaliteetreconciliation.fr,good
7891,csgolounge.com,illegal
7892,tgrthaber.com.tr,good
7893,meitu.com,good
7894,arynews.tv,good
7895,soccer24.com,good
7896,premiumbeat.com,good
7897,myself-bbs.com,malicious
7898,apartmentguide.com,good
7899,skyozora.com,good
7900,bakeca.it,good
7901,supersport.com,good
7902,kamupersoneli.net,good
7903,pcgameshardware.de,good
7904,eklablog.com,good
7905,dpstream.net,good
7906,medhelp.org,good
7907,sat24.com,good
7908,cloudconvert.com,good
7909,mrskin.com,adult
7910,behindthename.com,good
7911,hko.gov.hk,good
7912,coedcherry.com,adult
7913,siambit.me,illegal
7914,multoigri.ru,illegal
7915,alternet.org,good
7916,carnival.com,good
7917,hornbach.de,good
7918,key.com,good
7919,sibnet.ru,good
7920,nurxxx.net,adult
7921,inspiremore.com,good
7922,webstaurantstore.com,good
7923,netcombo.com.br,good
7924,loveplanet.ru,adult
7925,tuul.tv,good
7926,cell.com,good
7927,myherbalife.com,good
7928,cpxdeliv.com,malicious
7929,inverse.com,good
7930,social-thunder.com,malicious
7931,redecanais.com,good
7932,football.ua,good
7933,apportal.co,good
7934,state.pa.us,good
7935,lolipop.jp,good
7936,hurvewa.com,good
7937,echosign.com,good
7938,tradera.com,good
7939,tubidy.mobi,good
7940,tw116.com,good
7941,matome-plus.com,good
7942,mirsegondya.com,good
7943,musavat.com,good
7944,vikiporn.com,adult
7945,occ.com.mx,good
7946,multipornfor.me,adult
7947,soul-anime.us,good
7948,expedia.com.hk,good
7949,google.com.na,good
7950,mybinaryoptionsrobot.com,illegal
7951,livingsocial.com,good
7952,heasyspeedtest.co,good
7953,prizedeal2.info,good
7954,puma.com,good
7955,express.com,good
7956,onlyinyourstate.com,good
7957,buffalo.jp,good
7958,cryptopia.co.nz,good
7959,businesswire.com,good
7960,swedbank.lt,good
7961,yougov.com,good
7962,publiclikes.com,good
7963,duowan.com,good
7964,gamesbarq.com,good
7965,biography.com,good
7966,win007.com,illegal
7967,experian.com,good
7968,tushkan.club,malicious
7969,stradivarius.com,good
7970,gigabyte.com,good
7971,endomondo.com,good
7972,skyscanner.de,good
7973,nextlnk5.com,good
7974,arbresh.info,good
7975,indiatyping.com,good
7976,careerairforce.nic.in,good
7977,wootalk.today,good
7978,mkcl.org,good
7979,stopgame.ru,good
7980,soundhouse.co.jp,good
7981,chinabyte.com,good
7982,revzilla.com,good
7983,tomodachinpo.com,adult
7984,playcast.ru,good
7985,vodafone.es,good
7986,touchofmodern.com,good
7987,jobui.com,good
7988,dallasnews.com,good
7989,dotloop.com,good
7990,georgetown.edu,good
7991,ohyeah1080.com,adult
7992,bikewale.com,good
7993,dotmsr.com,malicious
7994,kaoyan.com,good
7995,cppreference.com,good
7996,gsp.ro,good
7997,gigapurbalingga.com,good
7998,security60-e.com,malicious
7999,standardchartered.co.in,good
8000,i2ya.com,good
8001,vevo.com,good
8002,exacttarget.com,good
8003,fullfilmizlesin.com,good
8004,colonelcassad.livejournal.com,good
8005,yimg.com,good
8006,tradingeconomics.com,good
8007,gomydata.com,good
8008,doctolib.fr,good
8009,yamaha.com,good
8010,nat.gov.tw,good
8011,leadpages.net,good
8012,cex.io,good
8013,sirsi.net,good
8014,ku.edu,good
8015,megabus.com,good
8016,btc38.com,good
8017,fox.com.tr,good
8018,oursogo.com,good
8019,shoptime.com.br,good
8020,track24.ru,good
8021,bintjbeil.org,good
8022,ulozto.cz,good
8023,mindmeister.com,good
8024,jogos360.com.br,good
8025,gigacircle.com,good
8026,cas.cn,good
8027,m24.ru,good
8028,faucethub.io,illegal
8029,home77.com,good
8030,almrsal.com,good
8031,zive.cz,good
8032,hdonline.to,illegal
8033,showtv.com.tr,good
8034,yuku.com,good
8035,animemovil.com,good
8036,sketchfab.com,good
8037,zxart.cn,good
8038,cgjyesqhxzzm.com,malicious
8039,hqcollect.tv,adult
8040,quickheal.com,good
8041,careerride.com,good
8042,developpez.com,good
8043,bankofindia.com,good
8044,timesofindia.com,good
8045,rediffmailpro.com,good
8046,chess24.com,good
8047,digitalplayground.com,adult
8048,google.com.mt,good
8049,wired.jp,good
8050,oecd.org,good
8051,jomashop.com,good
8052,novaskin.me,good
8053,ralphlauren.com,good
8054,businessinsider.in,good
8055,gardenweb.com,good
8056,uhappine.com,good
8057,nist.gov,good
8058,edu.ro,good
8059,startfenster.de,good
8060,12up.com,good
8061,pimpandhost.com,adult
8062,m3.com,good
8063,ghatreh.com,good
8064,enfemenino.com,good
8065,seancody.com,adult
8066,tickets.com,good
8067,caltech.edu,good
8068,gls-group.eu,good
8069,luxuretv.com,adult
8070,juooo.com,good
8071,patagonia.com,good
8072,anses.gob.ar,good
8073,imageshack.com,good
8074,crowdfireapp.com,good
8075,sonorousporn.com,adult
8076,tayara.tn,good
8077,xn--b1aew.xn--p1ai,good
8078,dmi.dk,good
8079,cryptowat.ch,good
8080,paisdelosjuegos.com.ar,illegal
8081,mytatasky.com,good
8082,nicoseiga.jp,good
8083,groupon.fr,good
8084,oscaro.com,good
8085,actualita.com,good
8086,umass.edu,good
8087,materiel.net,good
8088,myfavsexcams.xxx,adult
8089,homes.com,good
8090,thaiware.com,good
8091,hottopic.com,good
8092,momondo.com,good
8093,dotamax.com,good
8094,spletnik.ru,good
8095,arenabg.com,good
8096,getvideoconvert.com,good
8097,codeforces.com,good
8098,tudocelular.com,good
8099,waseda.jp,good
8100,woshipm.com,good
8101,hsbc.com.mx,good
8102,williamhill.com,illegal
8103,akipress.org,good
8104,email.cz,good
8105,europapress.es,good
8106,thegatewaypundit.com,good
8107,blacked.com,adult
8108,labaq.com,good
8109,warez-bb.org,malicious
8110,mrexcel.com,good
8111,bri.co.id,good
8112,voegol.com.br,good
8113,repelis.net,illegal
8114,osdn.jp,good
8115,beetle-clicks.biz,malicious
8116,bankaustria.at,good
8117,facepunch.com,good
8118,uppit.com,malicious
8119,donationalerts.ru,good
8120,rallydev.com,good
8121,songspksongspkt.com,malicious
8122,webgozar.com,good
8123,calibre-ebook.com,good
8124,whitehouse.gov,good
8125,forvo.com,good
8126,myuhc.com,good
8127,mxttrf.com,malicious
8128,esic.in,good
8129,fwdcdn.com,good
8130,kddi.com,good
8131,dl-zip.com,malicious
8132,hearthstonetopdecks.com,good
8133,ctbcbank.com,good
8134,jiyoujia.com,good
8135,food52.com,good
8136,noticiasaominuto.com,good
8137,awd.ru,good
8138,volvocars.com,good
8139,ricardoeletro.com.br,good
8140,my-personaltrainer.it,good
8141,travelzoo.com,good
8142,tum.de,good
8143,frtyh.com,good
8144,33lc.com,good
8145,italiandating.club,good
8146,ajkrls.com,good
8147,webmotors.com.br,good
8148,truthfinder.com,good
8149,xueqiu.com,good
8150,tempostorm.com,good
8151,kansascity.com,good
8152,smsfrombrowser.com,good
8153,gamebomb.ru,good
8154,zumiez.com,good
8155,slant.co,good
8156,arab48.com,good
8157,fddbdlolkxgc.com,malicious
8158,digitec.ch,good
8159,asstr.org,adult
8160,bukkit.org,good
8161,tastingtable.com,good
8162,xm.com,good
8163,news-postseven.com,good
8164,torrentleech.org,illegal
8165,express.de,good
8166,6789.com,good
8167,liberal.gr,good
8168,depor.com,good
8169,pasted.co,malicious
8170,bornanews.ir,good
8171,ziraatbank.com.tr,good
8172,tufts.edu,good
8173,scotch.io,good
8174,newscientist.com,good
8175,iflmylife.com,good
8176,infokusi.com,good
8177,visa.com,good
8178,unionpeer.com,good
8179,emeraldinsight.com,good
8180,retrip.jp,good
8181,liverpoolfc.com,good
8182,recreation.gov,good
8183,selfsrver.com,malicious
8184,watchers.to,illegal
8185,lww.com,good
8186,taste.com.au,good
8187,financial-net.com,good
8188,filmsenzalimiti.cool,illegal
8189,gunsamerica.com,illegal
8190,seriesonline.in,illegal
8191,strato.de,good
8192,dwebdigital.it,good
8193,9384.com,good
8194,batepapo.uol.com.br,good
8195,angonoticias.com,good
8196,ucoz.net,good
8197,webptt.com,good
8198,newmobilelife.com,good
8199,xbzmworkoyrx.com,malicious
8200,220-volt.ru,good
8201,deshebideshe.com,good
8202,halifax.co.uk,good
8203,liqu.com,good
8204,skyscanner.es,good
8205,dastelefonbuch.de,good
8206,java2s.com,good
8207,gyakorikerdesek.hu,good
8208,forumhouse.ru,good
8209,president.jp,good
8210,mercadolibre.com.uy,good
8211,see.xxx,adult
8212,aol.co.uk,good
8213,tspsc.gov.in,good
8214,tim.com.br,good
8215,purepeople.com,good
8216,adult-empire.com,adult
8217,kompass.com,good
8218,shanbay.com,good
8219,seriesdanko.to,illegal
8220,alahlionline.com,good
8221,lexpress.mu,good
8222,gibdd.ru,good
8223,robinwidget.org,good
8224,uh.edu,good
8225,letras.com,good
8226,idwebgame.com,good
8227,fundsxpress.com,good
8228,meteomedia.com,good
8229,kathimerini.gr,good
8230,stylecaster.com,good
8231,pwc.com,good
8232,htmq.com,good
8233,ctfile.com,good
8234,arsenal.com,good
8235,sharemods.com,good
8236,ntv.co.jp,good
8237,lan.com,good
8238,bgr.in,good
8239,factroom.ru,good
8240,iogames.space,good
8241,dizilab.net,good
8242,tiket.com,good
8243,sdo.com,good
8244,einthusan.tv,good
8245,fonts.com,good
8246,megaserial.net,good
8247,cairn.info,good
8248,arageek.com,good
8249,zhibo.tv,good
8250,nitori-net.jp,good
8251,resultados-futbol.com,good
8252,minecraftsix.com,good
8253,gbf-wiki.com,good
8254,veoh.com,good
8255,indeed.com.mx,good
8256,centerblog.net,good
8257,digitalmerkat.com,good
8258,intercity.pl,good
8259,prestoris.com,good
8260,koimoi.com,good
8261,hurriyetemlak.com,good
8262,centurylink.net,good
8263,lesoir.be,good
8264,spreadshirt.com,good
8265,rumorsfeed.com,good
8266,onhax.me,malicious
8267,imzog.com,adult
8268,vans.com,good
8269,digid.nl,good
8270,flightstats.com,good
8271,shindanmaker.com,good
8272,firmwarefile.com,good
8273,qantas.com,good
8274,blogto.com,good
8275,mytopgames.net,good
8276,cjdby.net,good
8277,jra.go.jp,good
8278,onclicktop.com,good
8279,zhifang.com,good
8280,blogspot.hu,good
8281,pacsun.com,good
8282,gimp.org,good
8283,yourdailydish.com,good
8284,ighome.com,good
8285,wenwuchina.com,good
8286,thinkwithgoogle.com,good
8287,sendo.vn,good
8288,peru21.pe,good
8289,weqpkntrxqzh.com,malicious
8290,przegladsportowy.pl,good
8291,si.edu,good
8292,hayneedle.com,good
8293,cbi.ir,good
8294,drivereasy.com,good
8295,himasoku.com,good
8296,voici.fr,good
8297,igogo.es,good
8298,cooltext.com,good
8299,paragonrels.com,good
8300,gayforit.eu,adult
8301,catholic.edu.au,good
8302,parents.com,good
8303,maturetube.com,adult
8304,wayport.net,good
8305,zjol.com.cn,good
8306,cgpeers.to,illegal
8307,al.com,good
8308,kakakumag.com,good
8309,guatemala.com,good
8310,walmart.com.mx,good
8311,papystreaming.com,good
8312,pornsharing.com,adult
8313,rtvslo.si,good
8314,avanza.se,good
8315,thepornstudy.com,adult
8316,e.jimdo.com,good
8317,nta.go.jp,good
8318,bkm.com.tr,good
8319,lidovky.cz,good
8320,newsner.com,good
8321,songmeanings.com,good
8322,gomovies.es,illegal
8323,best-bonuses.today,illegal
8324,yam.com,good
8325,desafiomundial.com,good
8326,china.cn,good
8327,ub.edu,good
8328,colostate.edu,good
8329,polarpornhd.com,adult
8330,hentaigasm.com,adult
8331,baimao.com,good
8332,gala.fr,good
8333,focus123.cn,good
8334,airindia.in,good
8335,abcmalayalam.com,good
8336,peggo.tv,good
8337,tallysolutions.com,good
8338,karar.com,good
8339,filesharefanatic.com,good
8340,managebac.com,good
8341,cyberleninka.ru,good
8342,unicef.org,good
8343,shaw.ca,good
8344,dir.bg,good
8345,mizanonline.ir,good
8346,airberlin.com,good
8347,rahnama.com,good
8348,europaplus.ru,good
8349,sparebank1.no,good
8350,naver.me,good
8351,myrecipes.com,good
8352,biliyomuydun.com,good
8353,culturacolectiva.com,good
8354,ringcentral.com,good
8355,excelhome.net,good
8356,powerbi.com,good
8357,onamae.com,good
8358,timesfare.com,good
8359,ruyaanlami.com,good
8360,muz-color.ru,good
8361,livehindustan.com,good
8362,informe21.com,good
8363,your-surveys.com,good
8364,stayfocusd.com,good
8365,hpjav.com,adult
8366,cashnet.com,good
8367,tvb.com,good
8368,xpg.uol.com.br,good
8369,chiphell.com,good
8370,happytify.cc,good
8371,loft.com,good
8372,pepecine.online,malicious
8373,greatergood.com,good
8374,mumsnet.com,good
8375,barneys.com,good
8376,debex.xyz,malicious
8377,codecguide.com,good
8378,cuhk.edu.hk,good
8379,yorku.ca,good
8380,shameless.com,adult
8381,wikitravel.org,good
8382,vkpass.com,good
8383,otosaigon.com,good
8384,aukro.cz,good
8385,economicos.cl,good
8386,filescdn.com,good
8387,pex.jp,good
8388,linksynergy.com,good
8389,parsian-bank.ir,good
8390,ejemplode.com,good
8391,pge.com,good
8392,klarna.com,good
8393,pchome.net,good
8394,263.net,good
8395,windy.com,good
8396,shonenjumpplus.com,good
8397,comicbookmovie.com,good
8398,ultrasurfing.com,malicious
8399,9cd76b4462bb.com,malicious
8400,mindbodygreen.com,good
8401,optus.com.au,good
8402,vazhno.info,malicious
8403,rabota.ru,good
8404,elfarandi.com,good
8405,ithome.com.tw,good
8406,alibaba.ir,good
8407,letslowbefast.today,good
8408,nickiswift.com,good
8409,mackolik.com,good
8410,toofy.co,good
8411,hellogiggles.com,good
8412,ofpof.com,good
8413,pcgames-download.net,good
8414,webtekno.com,good
8415,gallup.com,good
8416,overclockers.ru,good
8417,computeruniverse.ru,good
8418,gamesprite.me,good
8419,golinks.org,good
8420,yurk.com,good
8421,noelshack.com,good
8422,meetic.fr,good
8423,almowaten.net,good
8424,internations.org,good
8425,singpass.gov.sg,good
8426,theintercept.com,good
8427,muscleandfitness.com,good
8428,bamboohr.com,good
8429,hrloo.com,good
8430,s3.com.tw,good
8431,animalog.biz,good
8432,rediffmail.com,good
8433,bloody-disgusting.com,good
8434,newsru.co.il,good
8435,pinggu.org,good
8436,mediotiempo.com,good
8437,2ip.ru,good
8438,shareably.co,good
8439,studenti.it,good
8440,horoscope.com,good
8441,avvo.com,good
8442,pesni-tut.com,good
8443,head-fi.org,good
8444,globaladmedia.net,good
8445,anon-v.com,good
8446,zealer.com,good
8447,smogon.com,good
8448,nolo.com,good
8449,answersking.com,good
8450,sportingnews.com,good
8451,todaytvseries.com,good
8452,beritasatu.com,good
8453,zaubacorp.com,good
8454,npa-ar.com,good
8455,phncdn.com,good
8456,confirmit.com,good
8457,uwo.ca,good
8458,nwu.ac.za,good
8459,smotri-filmi.co,good
8460,torentor.co,good
8461,xmu.edu.cn,good
8462,tonkosti.ru,good
8463,actblue.com,good
8464,autohome.com.cn,good
8465,onlinetrade.ru,good
8466,farmskins.com,good
8467,8591.com.tw,good
8468,bignox.com,good
8469,ucsf.edu,good
8470,bistudio.com,good
8471,sportingnews9.com,good
8472,speakingtree.in,good
8473,si1ef.com,malicious
8474,jimmyjohns.com,good
8475,parstoday.com,good
8476,21cineplex.com,good
8477,aeolservice.es,good
8478,allstate.com,good
8479,videosdemadurasx.com,adult
8480,sa2xskt.com,malicious
8481,funshopfun.com,good
8482,cebupacificair.com,good
8483,conceptodefinicion.de,good
8484,goodfon.ru,good
8485,cri.cn,good
8486,bbvanet.com.mx,good
8487,chordify.net,good
8488,thecut.com,good
8489,research.net,good
8490,skylinewebcams.com,good
8491,auchan.fr,good
8492,filmstarts.de,good
8493,expediapartnercentral.com,good
8494,wanyx.com,good
8495,zoon.ru,good
8496,ecrent.com,good
8497,kip5j.com,malicious
8498,albeu.com,good
8499,rocket-league.com,good
8500,datpiff.com,good
8501,sinemia.com,good
8502,ucr.edu,good
8503,yamol.tw,good
8504,kma.go.kr,good
8505,nukistream.com,good
8506,antena3.com,good
8507,tedk12.com,good
8508,bigrock.in,good
8509,lalafo.az,good
8510,nocutnews.co.kr,good
8511,silvergames.com,good
8512,ebs.in,good
8513,ipaideia.gr,good
8514,sspintrafmsmt.com,good
8515,tvarticles.me,good
8516,plnkr.co,good
8517,bajajfinserv.in,good
8518,popin.cc,good
8519,tahrirnews.com,good
8520,subscribe.ru,good
8521,naasongs.com,good
8522,e-shop.gr,good
8523,rockfile.eu,malicious
8524,antrie.com,good
8525,kanyetothe.com,good
8526,ilmattino.it,good
8527,th7.cn,good
8528,ennaharonline.com,good
8529,player.pl,good
8530,jporn.tv,adult
8531,pepperfry.com,good
8532,pistonheads.com,good
8533,666mov.com,good
8534,dashnet.org,good
8535,gay-torrents.net,illegal
8536,add-anime.net,good
8537,worldtimebuddy.com,good
8538,rummycircle.com,illegal
8539,denfaminicogamer.jp,good
8540,porn-titan.com,adult
8541,searchnu.com,good
8542,decathlon.es,good
8543,osdn.net,good
8544,cs.money,good
8545,fio.cz,good
8546,sblo.jp,good
8547,zap.co.il,good
8548,popupplus.ir,good
8549,sedo.com,good
8550,flightclub.com,good
8551,spidersweb.pl,good
8552,gardeningknowhow.com,good
8553,xuexila.com,good
8554,muji.net,good
8555,ku6.com,good
8556,porn.es,adult
8557,signupgenius.com,good
8558,gartner.com,good
8559,auth0.com,good
8560,s-iwantyou.com,malicious
8561,hdsector.com,good
8562,undousun.com,good
8563,nagariknews.com,good
8564,qidian.com,good
8565,bnext.com.tw,good
8566,bagas31.com,good
8567,redditmedia.com,good
8568,admitad.com,good
8569,greyhound.com,good
8570,open-open.com,good
8571,win-rar.com,good
8572,undroider.com,good
8573,se.pl,good
8574,jumia.com,good
8575,blankmediagames.com,good
8576,byjus.com,good
8577,vavel.com,good
8578,d1com.com,good
8579,valueadservices.com,good
8580,greeninst.com,good
8581,klix.ba,good
8582,niceoppai.net,adult
8583,crazygames.com,good
8584,rg-mechanics.org,good
8585,samaa.tv,good
8586,qnap.com,good
8587,pageuppeople.com,good
8588,sarcasmsociety.com,good
8589,universal.org,good
8590,cartoonhd.cc,illegal
8591,fb.com,good
8592,freshsuperbloop.com,good
8593,akhbarelyom.com,good
8594,gothamist.com,good
8595,storify.com,good
8596,paisdelosjuegos.co.ve,good
8597,wago.io,good
8598,asianetnews.tv,good
8599,babyou.com,good
8600,pixieset.com,good
8601,google.bj,good
8602,omelete.uol.com.br,good
8603,appgame.com,good
8604,vitalsource.com,good
8605,rokna.ir,good
8606,weddingwire.com,good
8607,asb.by,good
8608,seniat.gob.ve,good
8609,iprima.cz,good
8610,trojmiasto.pl,good
8611,go2affise.com,good
8612,searchrally.com,good
8613,rumorsleague.com,good
8614,directvnow.com,good
8615,2banh.vn,good
8616,securecode.com,good
8617,payza.com,good
8618,ibs.it,good
8619,convertpdfsnow.com,good
8620,habitica.com,good
8621,sexxx.gg,adult
8622,it168.com,good
8623,buhidoh.net,malicious
8624,shogi.or.jp,good
8625,playstationtrophies.org,good
8626,tiancity.com,good
8627,prntscr.com,good
8628,navy.mil,good
8629,xuk.net,good
8630,bitrix24.com,good
8631,fuegodevida.com,good
8632,franceinter.fr,good
8633,tubetamil.com,good
8634,xbabe.com,adult
8635,metacafe.com,good
8636,random.org,good
8637,bot.com.tw,good
8638,meow-share.com,good
8639,frontiersin.org,good
8640,uv.es,good
8641,fstoppers.com,good
8642,opportunity0u.com,malicious
8643,unl.edu,good
8644,thedarewatch.com,adult
8645,totheglory.im,illegal
8646,nbhubocsduzn.com,malicious
8647,astromeridian.ru,good
8648,topnaz.com,malicious
8649,indavideo.hu,good
8650,askul.co.jp,good
8651,royallib.com,good
8652,gavros.gr,good
8653,dota2lounge.com,good
8654,iitg.ernet.in,good
8655,800notes.com,good
8656,filmpertutti.black,good
8657,magnetdl.com,good
8658,teutorrent.com,good
8659,avsforum.com,good
8660,unzipper.com,good
8661,ufsc.br,good
8662,topcashback.co.uk,good
8663,hide.me,good
8664,solopos.com,good
8665,hackaday.com,good
8666,esri.com,good
8667,nearsale.in,good
8668,workflowy.com,good
8669,shpock.com,good
8670,chouseisan.com,good
8671,ovagames.com,good
8672,empik.com,good
8673,newalbumreleases.net,good
8674,evilangel.com,adult
8675,mybenita.com,good
8676,elfariq.com,good
8677,watchepisodes4.com,good
8678,socialnewpagessearch.com,good
8679,blogcms.jp,good
8680,autoplius.lt,good
8681,mcdonalds.com,good
8682,hobbyking.com,good
8683,guiamais.com.br,good
8684,dim.gov.az,good
8685,shafaqna.com,good
8686,pressa.tv,good
8687,timeslive.co.za,good
8688,myshows.me,good
8689,kaspersky.ru,good
8690,gpuboss.com,good
8691,appllio.com,good
8692,antenam.info,good
8693,xxxdan.com,adult
8694,motika.com.mk,good
8695,gjirafa.com,good
8696,sbazar.cz,good
8697,gawker.com,good
8698,nextlnk2.com,good
8699,nch.com.au,good
8700,blackmagicdesign.com,good
8701,shape.com,good
8702,banma.com,good
8703,conforama.fr,good
8704,quant-code.com,good
8705,polimi.it,good
8706,interieur.gouv.fr,good
8707,vivanuncios.com.mx,good
8708,surfearner.com,good
8709,top-affare.club,good
8710,holloporn.com,adult
8711,rutor.org,malicious
8712,swinon.site,malicious
8713,foodandwine.com,good
8714,radiorecord.ru,good
8715,emagister.com,good
8716,aporrea.org,good
8717,comcast.com,good
8718,rbc.ua,good
8719,nexon.co.jp,good
8720,netcoc.com,malicious
8721,moneysupermarket.com,good
8722,gaymas.com,adult
8723,onlinecontentads.com,good
8724,adda247.com,good
8725,eplus.jp,good
8726,sourcenext.com,good
8727,swedbank.lv,good
8728,readmanga.today,good
8729,bikeradar.com,good
8730,manga-zone.org,good
8731,apycomm.com,good
8732,booloo.com,good
8733,101.ru,good
8734,podbbang.com,good
8735,56.com,good
8736,meb.k12.tr,good
8737,neoseeker.com,good
8738,ganool.ee,illegal
8739,hornycrocodile.com,adult
8740,ibood.com,good
8741,llbean.com,good
8742,filezilla-project.org,good
8743,realoem.com,good
8744,cltrkr.com,malicious
8745,behindwoods.com,good
8746,playgroundmag.net,good
8747,songspk.io,illegal
8748,cyclingnews.com,good
8749,evise.com,good
8750,naver.net,good
8751,ns21.me,good
8752,mps.it,good
8753,highquality.in,good
8754,sling.com,good
8755,mataharimall.com,good
8756,academy.com,good
8757,observador.pt,good
8758,cbse.nic.in,good
8759,xe.gr,good
8760,saidaonline.com,good
8761,scene7.com,good
8762,hemnet.se,good
8763,ampproject.org,good
8764,tatasky.com,good
8765,aldtrax.com,good
8766,corneey.com,good
8767,serienjunkies.org,good
8768,downloadatoz.com,good
8769,makeshop.jp,good
8770,tving.com,good
8771,cruisecritic.com,good
8772,hdfilmizlebe.net,good
8773,vodplus.co,good
8774,testberichte.de,good
8775,thebase.in,good
8776,caknowledge.in,good
8777,immoweb.be,good
8778,mycdn.me,good
8779,ntnews.com,good
8780,hket.com,good
8781,vmus.co,malicious
8782,freebuf.com,good
8783,saglamindir.net,malicious
8784,kiss-anime.me,illegal
8785,tiki.vn,good
8786,cnki.com.cn,good
8787,indiatvnews.com,good
8788,pi-news.net,malicious
8789,novate.ru,good
8790,storenvy.com,good
8791,foxsports.com.au,good
8792,autotimes.com.cn,good
8793,viralz.tv,good
8794,adblockplus.org,good
8795,trud.com,good
8796,alza.sk,good
8797,thefader.com,good
8798,iol.co.za,good
8799,upnama.ir,good
8800,ashleymadison.com,adult
8801,javfree.me,adult
8802,eveonline.com,good
8803,developpez.net,good
8804,gotositenow.com,malicious
8805,brusheezy.com,good
8806,hesab.az,good
8807,sportpesa.com,illegal
8808,trafficular.com,good
8809,funshop.co.kr,good
8810,airbnb.com.au,good
8811,kali.org,good
8812,olx.com.ar,good
8813,etecsa.net,good
8814,crnobelo.com,good
8815,speedpay.com,good
8816,ijr.com,good
8817,fastcloudway.com,good
8818,k12.wi.us,good
8819,rouzegar.com,good
8820,pornodoido.com,adult
8821,strana.ua,good
8822,decipherinc.com,good
8823,onclickpredictiv.com,good
8824,cctv.com,good
8825,cafesiyaset.com.tr,good
8826,wankoz.com,adult
8827,gratka.pl,good
8828,vforum.vn,good
8829,icai.org,good
8830,pensador.com,good
8831,yidianzixun.com,good
8832,assistindoanimesonline.com,good
8833,unicamp.br,good
8834,mytube.uz,good
8835,picclick.com,good
8836,bestchange.ru,good
8837,destyy.com,good
8838,addmefast.com,good
8839,williams-sonoma.com,good
8840,wa.gov.au,good
8841,propellerads.com,good
8842,svscomics.com,good
8843,ddl-warez.to,illegal
8844,gpoint.co.jp,good
8845,publix.com,good
8846,rwth-aachen.de,good
8847,michigan.gov,good
8848,vaughnlive.tv,good
8849,d3.ru,good
8850,rbc.com,good
8851,25pp.com,good
8852,yahoo-help.jp,good
8853,cloudgate.jp,good
8854,musicaq.biz,good
8855,megahipsterbikes.com,good
8856,adidas.co.uk,good
8857,telus.com,good
8858,onec.dz,good
8859,indosport.com,good
8860,gs307.com,good
8861,nordea.se,good
8862,alikelys.com,good
8863,recruitment.guru,good
8864,physicsforums.com,good
8865,bigl.ua,good
8866,persiangig.com,good
8867,androidha.com,good
8868,nzz.ch,good
8869,yeeyi.com,good
8870,locanto.net,good
8871,giffgaff.com,good
8872,eztravel.com.tw,good
8873,pcastuces.com,good
8874,juzimi.com,good
8875,dominos.co.in,good
8876,thepaper.cn,good
8877,rogerebert.com,good
8878,technologyreview.com,good
8879,vlxx.tv,adult
8880,pap.fr,good
8881,dennikn.sk,good
8882,genial.guru,good
8883,oculus.com,good
8884,dhnet.be,good
8885,24wro.com.gr,good
8886,indeed.ae,good
8887,theaustralian.com.au,good
8888,twitlonger.com,good
8889,porncomix.info,adult
8890,tohoku.ac.jp,good
8891,skytorrents.in,illegal
8892,bestfreetube.xxx,adult
8893,shaamtv.com,good
8894,mahadiscom.in,good
8895,handycafe.com,good
8896,needrom.com,good
8897,airvuz.com,good
8898,jav911.com,adult
8899,snu.ac.kr,good
8900,google.co.ug,good
8901,lavoz.com.ar,good
8902,lihkg.com,good
8903,rajnikantvscidjokes.in,good
8904,guangyangmao.com,good
8905,realmadrid.com,good
8906,tsukuba.ac.jp,good
8907,rincondelvago.com,good
8908,sports8.cc,good
8909,mtgsalvation.com,good
8910,mixpanel.com,good
8911,advanceautoparts.com,good
8912,men.com,adult
8913,maturemoms.tv,adult
8914,thzav.com,malicious
8915,surfline.com,good
8916,web-hosting.com,good
8917,cgsociety.org,good
8918,dondamedia.com,good
8919,jdsports.co.uk,good
8920,adverts.ie,good
8921,team-bhp.com,good
8922,midwayusa.com,good
8923,oantagonista.com,good
8924,appbank.net,good
8925,2game.info,good
8926,seatgeek.com,good
8927,summitracing.com,good
8928,arabnews.com,good
8929,tongtool.com,good
8930,movpod.in,good
8931,bitcoinwisdom.com,good
8932,plugrush.com,adult
8933,historyinorbit.com,good
8934,tripsavvy.com,good
8935,qdaily.com,good
8936,daft.ie,good
8937,decathlon.it,good
8938,pulscen.ru,good
8939,popkade.ir,good
8940,aedownload.com,good
8941,supremenewyork.com,good
8942,tabor.ru,good
8943,syl.ru,good
8944,jamb.org.ng,good
8945,paylocity.com,good
8946,taqat.sa,good
8947,clckads.com,malicious
8948,com-webbrowsing-security.review,malicious
8949,tenor.co,good
8950,meh.com,good
8951,gothrgh.pro,malicious
8952,cumicumi.com,adult
8953,tnpds.gov.in,good
8954,azbyka.ru,good
8955,desmos.com,good
8956,index-education.net,good
8957,yify-movies.net,illegal
8958,haaretz.com,good
8959,republika.mk,good
8960,onlinemoviewatchs.ws,malicious
8961,ncsoft.com,good
8962,kkbox.com,good
8963,methode-binaire.com,malicious
8964,nicozon.net,good
8965,stltoday.com,good
8966,cbc-eg.com,good
8967,ekitan.com,good
8968,watchmovie.me,illegal
8969,savevideo.me,illegal
8970,bitmain.com,good
8971,jzb.com,good
8972,j12lib.com,good
8973,hmv.co.jp,good
8974,smartinf.ru,good
8975,aydinlik.com.tr,good
8976,skybet.com,illegal
8977,southmoney.com,good
8978,slumi.com,good
8979,gry.pl,good
8980,adform.net,good
8981,posta.com.tr,good
8982,alitalia.com,good
8983,islamway.net,good
8984,modxvm.com,good
8985,avis.com,good
8986,ktrr.info,good
8987,infox.sg,good
8988,panoramio.com,good
8989,sexdatelocate.com,adult
8990,priceprice.com,good
8991,wendangku.net,good
8992,online-red.com,good
8993,tecmint.com,good
8994,govdelivery.com,good
8995,vod.pl,good
8996,elliberal.com.ar,good
8997,ledauphine.com,good
8998,mytours.info,good
8999,enclix.com,good
9000,alternate.de,good
9001,topserialy.to,good
9002,crichd.be,illegal
9003,me.me,good
9004,sportsv.net,good
9005,adkami.com,good
9006,commonsensemedia.org,good
9007,binbox.io,good
9008,in.gov,good
9009,ar15.com,good
9010,coinpayments.net,good
9011,flightrising.com,good
9012,cinetux.net,good
9013,sexlog.com,adult
9014,lockerdome.com,good
9015,muchohentai.com,adult
9016,xendan.org,good
9017,tigerdirect.com,good
9018,br.de,good
9019,imagesnake.org,good
9020,aipai.com,good
9021,dramanice.ru,good
9022,sch.gr,good
9023,dapulse.com,good
9024,javynow.com,good
9025,androidpit.com,good
9026,world-fusigi.net,good
9027,entrance-exam.net,good
9028,ebaydesc.com,good
9029,regmarkets.ru,good
9030,videodownloaderpro.net,good
9031,rustoria-topnews.ru,malicious
9032,xinmedia.com,good
9033,paysafecard.com,good
9034,hidemyass.com,good
9035,lightningmaps.org,good
9036,wallgif.com,good
9037,day.az,good
9038,modao.cc,good
9039,schneider-electric.com,good
9040,almanar.com.lb,good
9041,enuri.com,good
9042,chevrolet.com,good
9043,extrastores.com,good
9044,ahnegao.com.br,good
9045,iteye.com,good
9046,mef.gov.it,good
9047,2chblog.jp,good
9048,gomlab.com,good
9049,titech.ac.jp,good
9050,12kotov.ru,good
9051,jumia.ma,good
9052,freelancer.in,good
9053,t3n.de,good
9054,tn8.tv,good
9055,streamplay.club,good
9056,sbis.ru,good
9057,mp3wifi.com,good
9058,pesnik.su,good
9059,rs.gov.br,good
9060,ucas.ac.cn,good
9061,findagrave.com,good
9062,curredex.com,good
9063,mynewshub.cc,good
9064,lasestrellas.tv,good
9065,primagames.com,good
9066,hdeuropix.com,good
9067,simplemost.com,good
9068,lescard.com,good
9069,lse.ac.uk,good
9070,undp.org,good
9071,bancogalicia.com.ar,good
9072,baykoreans.link,good
9073,apnetv.tv,good
9074,pureflix.com,good
9075,bisnis.com,good
9076,customink.com,good
9077,o2.co.uk,good
9078,1be.biz,good
9079,uptostream.com,good
9080,mimecast.com,good
9081,destructoid.com,good
9082,ezmob.com,good
9083,jora.com,good
9084,10fastfingers.com,good
9085,zhan.com,good
9086,game.co.uk,good
9087,nedsecure.co.za,good
9088,pcfinancial.ca,good
9089,senate.gov,good
9090,mlssoccer.com,good
9091,businessinsider.de,good
9092,idownloadblog.com,good
9093,forexpf.ru,good
9094,aflatoon420.blogspot.com,good
9095,yrdrtzmsmt.com,malicious
9096,gamy.jp,good
9097,femina.mk,good
9098,poznan.pl,good
9099,dsw.com,good
9100,pandasecurity.com,good
9101,800hr.com,good
9102,websta.me,good
9103,mcmaster.com,good
9104,joshinweb.jp,good
9105,jtb.co.jp,good
9106,animespirit.ru,good
9107,dowjones.com,good
9108,eventhubs.com,good
9109,pro-gaming-world.com,good
9110,sovets.net,good
9111,townwork.net,good
9112,biz-journal.jp,good
9113,pcgames-download.com,good
9114,zybang.com,good
9115,watchxxxfree.com,adult
9116,vodafone.co.uk,good
9117,cikax.xyz,malicious
9118,oriflame.ru,good
9119,jiveon.com,good
9120,80018.cn,good
9121,unext.jp,good
9122,hdkinoteatr.com,good
9123,hotelscombined.com,good
9124,5starmusiq.com,good
9125,icons8.com,good
9126,pajak.go.id,good
9127,vrisko.gr,good
9128,briian.com,good
9129,majhinaukri.in,good
9130,blackberry.com,good
9131,ajabgjab.com,malicious
9132,yesstyle.com,good
9133,petmd.com,good
9134,androidmtk.com,good
9135,adsupplyads.net,malicious
9136,brown.edu,good
9137,bestgore.com,adult
9138,swedbank.ee,good
9139,justgiving.com,good
9140,clickme.net,malicious
9141,maisonsdumonde.com,good
9142,google.co.tz,good
9143,theplayerstribune.com,good
9144,boe.es,good
9145,titlovi.com,good
9146,nykaa.com,good
9147,census.gov,good
9148,bbspink.com,good
9149,999.md,good
9150,sexstories.com,adult
9151,filmeserialeonline.org,good
9152,tjx.com,good
9153,tirerack.com,good
9154,charter.net,good
9155,cafis-paynet.jp,good
9156,oebb.at,good
9157,tvn-2.com,good
9158,teamfortress.com,good
9159,filmakinesi.org,good
9160,thegioididong.com,good
9161,pandora.net,good
9162,rsload.net,good
9163,mysubscriptionaddiction.com,good
9164,grand-casino4.com,illegal
9165,rotana.net,good
9166,thepiratebay.cr,illegal
9167,mmm-office.com,good
9168,ge.com,good
9169,quantumsystem.org,good
9170,economia.uol.com.br,good
9171,soku.com,good
9172,google.ml,good
9173,wired.it,good
9174,ahlalhdeeth.com,good
9175,paisdelosjuegos.es,good
9176,zennioptical.com,good
9177,rarlab.com,good
9178,acbar.org,good
9179,kimovil.com,good
9180,zakupki.gov.ru,good
9181,gingersoftware.com,good
9182,iitk.ac.in,good
9183,congan.com.vn,good
9184,pps.tv,good
9185,srvtrck.com,malicious
9186,kproxy.com,good
9187,forosdelweb.com,good
9188,sanfoundry.com,good
9189,watchmygf.me,adult
9190,pa.gov.br,good
9191,xev2o.com,malicious
9192,spicejet.com,good
9193,exceljet.net,good
9194,ipornogratis.xxx,adult
9195,ocbc.com,good
9196,sunat.gob.pe,good
9197,1912pike.com,good
9198,intercom.com,good
9199,5acbd.com,malicious
9200,ts4298.com,malicious
9201,elle.fr,good
9202,z8games.com,good
9203,piazza.com,good
9204,exploader.net,good
9205,cheapflights.com,good
9206,minedu.gob.pe,good
9207,text.ru,good
9208,55haitao.com,good
9209,99bitcoins.com,good
9210,tchibo.de,good
9211,zhangyu.tv,good
9212,jqueryui.com,good
9213,filmzenstream.com,good
9214,coliss.com,good
9215,1dl.biz,good
9216,sharekhan.com,good
9217,qconcursos.com,good
9218,digistyle.com,good
9219,listal.com,good
9220,leakforums.net,malicious
9221,funsafetabsearch.com,malicious
9222,yonsei.ac.kr,good
9223,yx0.pw,malicious
9224,swiggy.com,good
9225,targetstudy.com,good
9226,fatakat.com,good
9227,royalcaribbean.com,good
9228,jogos.uol.com.br,good
9229,geizhals.de,good
9230,instacart.com,good
9231,digitaling.com,good
9232,hdpfans.com,good
9233,rozee.pk,good
9234,stc.com.sa,good
9235,toshiba.com,good
9236,anabel.al,good
9237,snob.ru,good
9238,dopr.net,good
9239,beenverified.com,good
9240,theiconic.com.au,good
9241,ebanksepah.ir,good
9242,baelm.net,good
9243,sawaleif.com,good
9244,roaring.earth,good
9245,fontanka.ru,good
9246,zju.edu.cn,good
9247,hse.ru,good
9248,alwadifa-club.com,good
9249,mail.uol.com.br,good
9250,filmxy.cc,good
9251,hellomagazine.com,good
9252,mingle2.com,good
9253,365online.com,good
9254,afftrack.com,malicious
9255,mydigit.cn,good
9256,ganool.st,illegal
9257,netzwelt.de,good
9258,luisaviaroma.com,good
9259,potpourrichordataoscilloscope.com,malicious
9260,animoto.com,good
9261,realitatea.net,good
9262,alison.com,good
9263,myjoyonline.com,good
9264,eb.mil.br,good
9265,cutezee.com,good
9266,ethereumprice.org,good
9267,happy-porn.com,adult
9268,akeo.ie,good
9269,hec.gov.pk,good
9270,etonline.com,good
9271,grab-credit4u.com,malicious
9272,122.gov.cn,good
9273,fobjoccwkrkv.com,malicious
9274,reverbnation.com,good
9275,resultados.com,good
9276,megafilmes.org,good
9277,adultdvdempire.com,adult
9278,travelchannel.com,good
9279,ebay.be,good
9280,tgfcer.com,good
9281,gametwist.com,good
9282,challonge.com,good
9283,cnrtl.fr,good
9284,jobstreet.com.sg,good
9285,anz.com.au,good
9286,10086.cn,good
9287,squirt.org,adult
9288,my-shop.ru,good
9289,worldofwarships.ru,good
9290,clbvpurple.com,malicious
9291,coop-land.ru,good
9292,unipune.ac.in,good
9293,eagleget.com,good
9294,sexrussia.tv,adult
9295,namakstan.net,good
9296,oppo.com,good
9297,pipsol.net,good
9298,jungleerummy.com,illegal
9299,slutload.com,adult
9300,psychcentral.com,good
9301,diariolibre.com,good
9302,ecured.cu,good
9303,westeros.org,good
9304,litmir.me,good
9305,tunisia-sat.com,good
9306,geizhals.at,good
9307,megatorrentshd.com,illegal
9308,shesfreaky.com,adult
9309,boards.net,good
9310,gemini.com,good
9311,turkcell.com.tr,good
9312,portalroms.com,good
9313,safeway.com,good
9314,fastly.net,good
9315,tci.ir,good
9316,justfly.com,good
9317,starcitygames.com,good
9318,webmailworld.com,good
9319,mobile9.com,good
9320,fril.jp,good
9321,ingress.com,good
9322,wikitree.co.kr,good
9323,damai.cn,good
9324,9xbuddy.com,good
9325,nejm.org,good
9326,nvsp.in,good
9327,beebom.com,good
9328,adultwork.com,adult
9329,sanslimitesn.com,good
9330,chotot.com,good
9331,17zwd.com,good
9332,115.com,good
9333,pingan.com,good
9334,bonusbitcoin.co,illegal
9335,rasekhoon.net,good
9336,5movies.to,illegal
9337,pyq6n.com,malicious
9338,kn3.net,malicious
9339,maximonline.ru,adult
9340,webindia123.com,good
9341,seehd.ws,malicious
9342,atomtech.in,good
9343,msftconnecttest.com,good
9344,xcite.com,good
9345,townhall.com,good
9346,animeindo.video,good
9347,adage.com,good
9348,wowgame.jp,good
9349,kitapyurdu.com,good
9350,barisderin.com,good
9351,zhinku.info,malicious
9352,dulfy.net,good
9353,fzdm.com,good
9354,girlschannel.net,good
9355,icann.org,good
9356,thehindubusinessline.com,good
9357,d869381a42af33b.com,malicious
9358,sexpulse.tv,adult
9359,wickedweasel.com,adult
9360,booth.pm,good
9361,slate.fr,good
9362,bigulnews.com,good
9363,etstur.com,good
9364,ura.news,good
9365,cluber.com.ua,good
9366,sadistic.pl,adult
9367,66rpg.com,good
9368,cgtrader.com,good
9369,lit-era.com,good
9370,verkkokauppa.com,good
9371,cuisineaz.com,good
9372,news1.kr,good
9373,e24.no,good
9374,freep.com,good
9375,groupon.de,good
9376,ads-brom.pro,malicious
9377,track-p958o4.link,malicious
9378,51zxw.net,good
9379,dominos.co.uk,good
9380,linuxidc.com,good
9381,forum-auto.com,good
9382,paybox.com,good
9383,googleplex.com,good
9384,gwu.edu,good
9385,infomoney.com.br,good
9386,bluemediafiles.com,good
9387,corel.com,good
9388,petardas.com,good
9389,freshpornclips.com,adult
9390,millenium.org,good
9391,largepornfilms.com,adult
9392,gomiblog.com,good
9393,1and1.co.uk,good
9394,asianews2ch.jp,good
9395,tongji.edu.cn,good
9396,ab-in-den-urlaub.de,good
9397,joann.com,good
9398,pnu.ac.ir,good
9399,education.gouv.fr,good
9400,getemoji.com,good
9401,beeradvocate.com,good
9402,tugaflix.com,illegal
9403,postila.ru,good
9404,sambaporno.com,adult
9405,ikshow.net,good
9406,javkimochiii.com,adult
9407,nailedhard.tv,adult
9408,pizap.com,good
9409,ilna.ir,good
9410,nokteonline.com,good
9411,dip.jp,good
9412,buffalo.edu,good
9413,wizard101.com,good
9414,chrono.gg,good
9415,inhumanity.com,good
9416,kemenkeu.go.id,good
9417,extremetech.com,good
9418,jeffreestarcosmetics.com,good
9419,w3resource.com,good
9420,hdfilmsaati.com.tr,good
9421,priberam.pt,good
9422,jjang0u.com,good
9423,thekickasstorrents.com,illegal
9424,mindfactory.de,good
9425,cntv.cn,good
9426,viglink.com,good
9427,redhdtube.xxx,adult
9428,cancer.org,good
9429,gamek.vn,good
9430,geocities.co.jp,good
9431,bigfile.to,good
9432,pa.gov,good
9433,driverguide.com,good
9434,alukah.net,good
9435,edgesuite.net,good
9436,emedemujer.com,adult
9437,fun2cell.net,good
9438,leadpages.co,good
9439,premierleague.com,good
9440,majikichi.com,good
9441,fineartamerica.com,good
9442,gazeteoku.com,good
9443,popsci.com,good
9444,sharp.co.jp,good
9445,retenews24.it,good
9446,nick.com,good
9447,xxbiquge.com,good
9448,colorcodedlyrics.com,good
9449,onetravel.com,good
9450,awm.com,good
9451,officeworks.com.au,good
9452,hindistop.com,good
9453,zhenskoe-mnenie.ru,good
9454,autobild.de,good
9455,textures.com,good
9456,uuu9.com,good
9457,traffichaus.com,good
9458,photo-ac.com,good
9459,pussl17.com,good
9460,madewell.com,good
9461,gib.gov.tr,good
9462,7-zip.org,good
9463,timeshighereducation.com,good
9464,convertkit.com,good
9465,rumorsline.com,good
9466,fcinter1908.it,good
9467,wpolityce.pl,good
9468,awesomeinventions.com,good
9469,post.gov.tw,good
9470,unt.edu,good
9471,filmy-wap.org,malicious
9472,picarto.tv,good
9473,soshistagram.com,malicious
9474,passeportsante.net,good
9475,airbnb.jp,good
9476,biqle.com,adult
9477,emory.edu,good
9478,lib.ru,good
9479,bestreviews.com,good
9480,proza.ru,good
9481,watch-series.co,good
9482,zggjsmc.com,good
9483,oray.com,good
9484,tangerine.ca,good
9485,wanmei.com,good
9486,goethe.de,good
9487,programiz.com,good
9488,harpersbazaar.com,good
9489,onlineandhrabank.net.in,good
9490,alarabonline.biz,good
9491,webassign.net,good
9492,sce.com,good
9493,tatadocomo.com,good
9494,pearsonmylabandmastering.com,good
9495,basspro.com,good
9496,detmir.ru,good
9497,mediapart.fr,good
9498,ssaa.ir,good
9499,gidonlinehd.ru,good
9500,a-q-f.com,good
9501,settour.com.tw,good
9502,reviewmyaccount.com,good
9503,kogama.com,good
9504,ppshk.com,good
9505,webpageing.com,good
9506,nullpoantenna.com,good
9507,pay.ir,good
9508,slsp.sk,good
9509,ygdy8.com,good
9510,goodreturns.in,good
9511,dramaonline.com,good
9512,themoviedb.org,good
9513,ytower.com.tw,good
9514,woobox.com,good
9515,bankhapoalim.co.il,good
9516,aagoop7.top,malicious
9517,liuxue86.com,good
9518,9090.fm,good
9519,house.gov,good
9520,xeaggq4cqv.com,malicious
9521,elong.com,good
9522,cntd.ru,good
9523,military.com,good
9524,zalora.co.id,good
9525,krutor.org,malicious
9526,readfree.me,malicious
9527,zenmate.com.ru,malicious
9528,logme.in,good
9529,sokrostream.cc,malicious
9530,tripadvisor.cn,good
9531,navigo.al,good
9532,sxx.com,adult
9533,ndl.go.jp,good
9534,dzwww.com,good
9535,abb.com,good
9536,chinadmd.com,good
9537,olhardigital.com.br,good
9538,atobo.com.cn,good
9539,myfxbook.com,good
9540,neu.edu,good
9541,dochub.com,good
9542,3ddd.ru,good
9543,mysearch24.com,good
9544,atwiki.jp,good
9545,peliculasflv.tv,good
9546,gitbook.com,good
9547,ttocorps.com,good
9548,haaretz.co.il,good
9549,fullypcgames.net,good
9550,liberty.edu,good
9551,hpconnected.com,good
9552,seriesonlinehd.org,good
9553,codeschool.com,good
9554,quiminet.com,good
9555,9ku.com,good
9556,12306.cn,good
9557,dartmouth.edu,good
9558,electrek.co,good
9559,cntraveler.com,good
9560,html.it,good
9561,suomi.fi,good
9562,facebookdating.link,good
9563,wooordhunt.ru,good
9564,dreamwidth.org,good
9565,1movies.tv,illegal
9566,etorrent.kr,illegal
9567,freeiconspng.com,good
9568,srv2trking.com,malicious
9569,abbreviations.com,good
9570,riverisland.com,good
9571,todocoleccion.net,good
9572,aeon.co.jp,good
9573,webmusic.cc,good
9574,ucheba.ru,good
9575,oldnavy.com,good
9576,unieuro.it,good
9577,noahmorrison.ca,good
9578,pejnya.net,good
9579,nextlnk3.com,good
9580,gamekult.com,good
9581,vbox7.com,good
9582,all-nationz.com,good
9583,jpost.com,good
9584,epochtimes.de,good
9585,suapesquisa.com,good
9586,tunefind.com,good
9587,myfileshosting.com,good
9588,audioknigi.club,good
9589,gold678.com,illegal
9590,gistmania.com,good
9591,marieclaire.com,good
9592,tagesanzeiger.ch,good
9593,nankai.edu.cn,good
9594,autodoc.ru,good
9595,111cn.net,malicious
9596,maryland.gov,good
9597,projectfreetv.bz,illegal
9598,rusprofile.ru,good
9599,anthem.com,good
9600,mpic.ws,malicious
9601,orico.co.jp,good
9602,tapas.io,good
9603,animedigitalnetwork.fr,good
9604,iis.net,good
9605,amalgama-lab.com,good
9606,cool18.com,adult
9607,airliners.net,good
9608,one1gameplay.com,good
9609,vgtv.no,good
9610,filetender.com,good
9611,ugm.ac.id,good
9612,dofus.com,good
9613,rexxx.com,adult
9614,fanragsports.com,good
9615,psiphonhealthyliving.com,good
9616,fimo.gdn,malicious
9617,unblocktpb.com,illegal
9618,61learn.com,good
9619,wholefoodsmarket.com,good
9620,mytransitguide.com,good
9621,india-forums.com,good
9622,tvu.ac.ir,good
9623,ana.ir,good
9624,204.12.226.68,malicious
9625,gamcore.com,adult
9626,minecloud.io,good
9627,xvideosx.com.br,adult
9628,ilkfullfilmizle.com,good
9629,manhunt.net,adult
9630,lyricsfreak.com,good
9631,choicehotels.com,good
9632,craveonline.com,good
9633,torrent-oyun.com,illegal
9634,up.pt,good
9635,kiwi.com,good
9636,updatestar.com,good
9637,diggbt.ws,malicious
9638,homeindiansex.com,adult
9639,hkepc.com,good
9640,dojki.com,adult
9641,sinogoodies.hk,good
9642,theme-fusion.com,good
9643,ahlynews.com,good
9644,animestreams.net,good
9645,charter97.org,good
9646,worldofwarships.asia,good
9647,morhipo.com,good
9648,popclck.org,malicious
9649,cryptomining-blog.com,good
9650,west.cn,good
9651,lipame.org,good
9652,indiana.edu,good
9653,mnet.com,good
9654,fenrir-inc.com,good
9655,fl.ru,good
9656,state.mn.us,good
9657,boundless.com,good
9658,ifunny.co,good
9659,nova.cz,good
9660,affairscloud.com,good
9661,1and1.fr,good
9662,insomnia.gr,good
9663,educity.cn,good
9664,timesofisrael.com,good
9665,blamper.ru,good
9666,response.jp,good
9667,nikkan-gendai.com,good
9668,foumovies.com,good
9669,cpabien.xyz,good
9670,celebritymoviearchive.com,good
9671,airchina.com.cn,good
9672,yaske.ro,good
9673,translate.com,good
9674,powtoon.com,good
9675,eat24hours.com,good
9676,minecraft-server-list.com,good
9677,farsroid.com,good
9678,osvita.ua,good
9679,motthegioi.vn,good
9680,torproject.org,good
9681,gaijin.net,good
9682,tek.no,good
9683,multiplayer.it,good
9684,reg.ru,good
9685,jqueryscript.net,good
9686,eva.ru,good
9687,securerr.com,good
9688,aftabnews.ir,good
9689,smutty.com,adult
9690,abbp1.pw,malicious
9691,sndcdn.com,good
9692,meikutv.me,good
9693,redocn.com,good
9694,banhtv.com,good
9695,jdzj.com,good
9696,trt.pl,good
9697,zoho.eu,good
9698,iihwyqhxajtn.com,malicious
9699,torrentom.com,illegal
9700,k12.ca.us,good
9701,cigna.com,good
9702,bancochile.cl,good
9703,kismia.com,good
9704,pagesperso-orange.fr,good
9705,marunadanmalayali.com,good
9706,dragonball-multiverse.com,good
9707,qksrv.net,good
9708,adskeeper.co.uk,good
9709,massimodutti.com,good
9710,ibps.in,good
9711,sia.eu,good
9712,waze.com,good
9713,axol.jp,good
9714,brazzers-hd.club,adult
9715,avm.de,good
9716,dref.pw,malicious
9717,krisha.kz,good
9718,intelius.com,good
9719,mo.gov,good
9720,fu-berlin.de,good
9721,navalny.com,good
9722,empornium.me,adult
9723,list-manage2.com,good
9724,amap.com,good
9725,pravoslavie.ru,good
9726,newrank.cn,good
9727,majestic.com,good
9728,mastihot.info,good
9729,zkillboard.com,good
9730,appstoresmobiles.com,good
9731,bento.de,good
9732,aujourdhui.fr,good
9733,bawagpsk.com,good
9734,life.hu,good
9735,chinahr.com,good
9736,google.bs,good
9737,garena.in.th,good
9738,mylivecricket.tv,good
9739,e-katalog.ru,good
9740,jplovetv.com,good
9741,politiken.dk,good
9742,bzwbk.pl,good
9743,pgr21.com,good
9744,ssl4anyone2.com,malicious
9745,bcsh.com,good
9746,mikecrm.com,good
9747,resumegenius.com,good
9748,winfuture.de,good
9749,paypal.me,good
9750,gsshop.com,good
9751,pe.gov.br,good
9752,lumosity.com,good
9753,shfft.com,good
9754,hirutv.lk,good
9755,cv-library.co.uk,good
9756,leg.br,good
9757,myhentaicomics.com,adult
9758,e-chords.com,good
9759,videocopilot.net,good
9760,thebest.gr,good
9761,hitwe.com,good
9762,jeanmarcmorandini.com,good
9763,searchleasier.com,good
9764,a6be07586bc4a7.com,malicious
9765,megafilmestorrent.org,illegal
9766,saic.gov.cn,good
9767,asiaone.com,good
9768,foroactivo.com,good
9769,juno.com,good
9770,ba.gov.br,good
9771,megagames.com,good
9772,1001tracklists.com,good
9773,loksatta.com,good
9774,com-communications.co,good
9775,alanba.com.kw,good
9776,faa.gov,good
9777,lubimyczytac.pl,good
9778,mopo.de,good
9779,allure.com,good
9780,uxmilk.jp,good
9781,radiopaedia.org,good
9782,bt.gob.ve,good
9783,nudography.com,adult
9784,centamnetworks.com,good
9785,avid.com,good
9786,glass.cn,good
9787,adprohub.com,good
9788,rover.com,good
9789,onthehub.com,good
9790,pakkatelugu.com,good
9791,warriorplus.com,good
9792,findsexguide.com,adult
9793,cinemark.com,good
9794,kadu.ru,good
9795,eg.ru,good
9796,athenahealth.com,good
9797,adaware.com,good
9798,vkisku.com,malicious
9799,cloudscar.com,good
9800,8card.net,good
9801,rare.us,good
9802,mb.com.ph,good
9803,sexfriendfinder.club,adult
9804,avheat.com,adult
9805,yhseach.club,malicious
9806,oploverz.in,adult
9807,um.ac.ir,good
9808,bong99.com,illegal
9809,cambridgeenglish.org,good
9810,musen-lan.com,good
9811,uzonline.uz,good
9812,fernsehserien.de,good
9813,auth-gateway.net,good
9814,mnscu.edu,good
9815,iknowthatgirl.com,adult
9816,genbeta.com,good
9817,eurowings.com,good
9818,khaberni.com,good
9819,sxstube.com,adult
9820,binary.com,illegal
9821,weedmaps.com,illegal
9822,keitrecker.space,malicious
9823,ninjakiwi.com,good
9824,gmgard.com,malicious
9825,autoforum.cz,good
9826,eloqua.com,good
9827,routard.com,good
9828,oper.ru,malicious
9829,android30t.com,malicious
9830,santanderbank.com,good
9831,sportschau.de,good
9832,nextlnk6.com,malicious
9833,t24.com.tr,good
9834,zapmeta.co.za,good
9835,shopgoodwill.com,good
9836,vodafone.com.eg,good
9837,irdownload.net,malicious
9838,synergytraffic.com,malicious
9839,digimail.in,good
9840,mistrzowie.org,good
9841,jp.net,good
9842,llnwd.net,good
9843,novafile.com,good
9844,zorpia.com,good
9845,adultmult.tv,adult
9846,khmer-press.com,good
9847,whattoexpect.com,good
9848,imbc.com,good
9849,zynga.com,good
9850,factorio.com,good
9851,ceesty.com,good
9852,trk.plus,good
9853,fodors.com,good
9854,gigafree.net,good
9855,alltube.tv,good
9856,haber3.com,good
9857,delhi.gov.in,good
9858,nrega.nic.in,good
9859,poimel.net,good
9860,antena3.ro,good
9861,idol-blog.com,good
9862,ietf.org,good
9863,pocket-lint.com,good
9864,lovetoknow.com,good
9865,thatav.net,good
9866,very.co.uk,good
9867,livescores.com,good
9868,youngcons.com,good
9869,j-lyric.net,good
9870,indeed.co.za,good
9871,devexpress.com,good
9872,khodrobank.com,good
9873,sisigames.com,good
9874,unknowncheats.me,malicious
9875,jinshuju.net,good
9876,yify.is,illegal
9877,sekindo.com,good
9878,uned.es,good
9879,ddl.me,malicious
9880,rmit.edu.au,good
9881,minkch.com,malicious
9882,batmanstream.com,good
9883,zalo.me,good
9884,rrdiscovery.com,good
9885,jameda.de,good
9886,egov-nsdl.com,good
9887,swisscom.ch,good
9888,media-serving.com,good
9889,skyscanner.jp,good
9890,bigpoint.com,good
9891,cineca.it,good
9892,uba.ar,good
9893,hotlaksa.com,good
9894,itesm.mx,good
9895,warbyparker.com,good
9896,jav101.com,adult
9897,muslima.com,good
9898,whatismyip.com,good
9899,treasureinlove.com,good
9900,forumophilia.com,good
9901,foxtube.com,adult
9902,evga.com,good
9903,yupptv.com,good
9904,jvpnews.com,good
9905,twoplayergames.org,good
9906,jobsite.co.uk,good
9907,1september.ru,good
9908,adidas.jp,good
9909,lexisnexis.com,good
9910,redmondpie.com,good
9911,mykajabi.com,good
9912,desktoptrack.com,malicious
9913,androidforums.com,good
9914,leggo.it,good
9915,boerse.sx,illegal
9916,pdx.edu,good
9917,supercheats.com,good
9918,port.hu,good
9919,filmionlineizle.net,good
9920,wikiwiki.jp,good
9921,bobs-tube.com,adult
9922,landsend.com,good
9923,myus.com,good
9924,drosskype.com,malicious
9925,latinamweb.com,good
9926,flvs.net,good
9927,tvm.com.mt,good
9928,serienjunkies.de,good
9929,baogiaothong.vn,good
9930,sc2spotlight.com,good
9931,powerthesaurus.org,good
9932,hanfan.cc,good
9933,megashara.com,good
9934,monoprice.com,good
9935,bellanaija.com,good
9936,vcg.com,good
9937,trafficnetworkads.com,malicious
9938,foreca.fi,good
9939,arabdict.com,good
9940,macx.cn,good
9941,gmu.edu,good
9942,xecce.com,good
9943,bih.nic.in,good
9944,photoshelter.com,good
9945,portaldasfinancas.gov.pt,good
9946,technopoint.ru,good
9947,yupoo.com,good
9948,bloodyelbow.com,good
9949,zoo.com,good
9950,kmeiju.net,good
9951,fumara.gr,good
9952,filecast.co.kr,good
9953,guardaserie.online,good
9954,wipo.int,good
9955,celebritynetworth.com,good
9956,healthymummy.com,good
9957,dropbooks.tv,good
9958,sucursalelectronica.com,good
9959,mgtv.com,good
9960,hd-kinomax.org,good
9961,angelfire.com,good
9962,cbp.gov,good
9963,taisha.org,good
9964,imperial.ac.uk,good
9965,postmates.com,good
9966,amung.us,good
9967,mmorpg.com,good
9968,legalzoom.com,good
9969,dailytelegraph.com.au,good
9970,popbela.com,good
9971,deichmann.com,good
9972,kmcert.com,good
9973,zakupka.com,good
9974,golang.org,good
9975,systemrtb.com,good
9976,aramex.com,good
9977,astrosage.com,good
9978,channelfireball.com,good
9979,hh010.com,good
9980,time.is,good
9981,canlitv.stream,good
9982,eharmony.com,good
9983,overclockers.co.uk,good
9984,nlwy0.com,malicious
9985,toadgo.net,malicious
9986,onesearch.org,good
9987,jkanimeonline.com,good
9988,hotchatdate.com,adult
9989,bamtoki.com,good
9990,chaos2ch.com,good
9991,igromania.ru,good
9992,likesforinsta.com,good
9993,bookfi.net,good
9994,adac.de,good
9995,audiofanzine.com,good
9996,omqygrfokyxg.com,malicious
9997,outsideonline.com,good
9998,nvidia.ru,good
9999,iplocation.net,good
10000,dumpaday.com,good
10001,bludv.com,good
10002,sociaplus.com,good
10003,66ys.tv,malicious
10004,deliveroo.co.uk,good
10005,bet365.it,illegal
10006,hdfull.tv,malicious
10007,clarovideo.com,good
10008,mtv.fi,good
10009,oraclecloud.com,good
10010,dobbyporn.com,adult
10011,monster.co.uk,good
10012,upmedia.mg,good
10013,gestyy.com,malicious
10014,diepresse.com,good
10015,1mg.com,good
10016,hatenadiary.com,good
10017,104.ua,good
10018,iribnews.ir,good
10019,osdownloader.org,malicious
10020,javbus2.com,adult
10021,vktarget.ru,good
10022,crmls.org,good
10023,pdftoword.com,good
10024,forumactif.com,good
10025,usgamer.net,good
10026,worldofbrowsers.com,good
10027,vatgia.com,good
10028,cpuboss.com,good
10029,chatango.com,good
10030,catracalivre.com.br,good
10031,gameinformer.com,good
10032,teacup.com,good
10033,color-hex.com,good
10034,picresize.com,good
10035,cnodejs.org,good
10036,albamon.com,good
10037,hiyoko.to,good
10038,honto.jp,good
10039,boxrec.com,good
10040,halkbank.com.tr,good
10041,getcourse.ru,good
10042,emedicinehealth.com,good
10043,k73.com,good
10044,srad.jp,good
10045,nd.edu,good
10046,uic.edu,good
10047,hitbtc.com,good
10048,scarymommy.com,good
10049,worldoftanks.asia,good
10050,rakuten-it.com,good
10051,istripper.com,adult
10052,hautelook.com,good
10053,save-video.com,good
10054,guatevision.com,good
10055,estrenosly.org,good
10056,ab4hr.com,malicious
10057,espn.co.uk,good
10058,savebt.com,malicious
10059,ucanapply.com,good
10060,parlamentnilisty.cz,good
10061,englishforums.com,good
10062,instyle.com,good
10063,tubexclips.com,adult
10064,powershow.com,good
10065,worldatlas.com,good
10066,bls.gov,good
10067,kurier.at,good
10068,quickbase.com,good
10069,nn.ru,good
10070,4j.com,good
10071,click-sec.com,malicious
10072,grtyb.com,malicious
10073,search.ch,good
10074,symfony.com,good
10075,auckland.ac.nz,good
10076,niche.com,good
10077,epidemz.co,malicious
10078,namava.ir,good
10079,stream2watch.cc,illegal
10080,ondramacool.com,adult
10081,redalyc.org,good
10082,rtp.pt,good
10083,anon-ib.co,adult
10084,coolapk.com,good
10085,dpd.de,good
10086,pbworks.com,good
10087,ugr.es,good
10088,elcooperante.com,good
10089,uconn.edu,good
10090,poradnikzdrowie.pl,good
10091,spaggiari.eu,good
10092,mz-mz.net,good
10093,adespresso.com,good
10094,peopleclick.com,good
10095,2chmm.com,good
10096,angop.ao,good
10097,oszone.net,good
10098,ukutabs.com,good
10099,cht.com.tw,good
10100,flashscore.pl,good
10101,bikroy.com,good
10102,selectminds.com,good
10103,milf-finder.com,adult
10104,datatables.net,good
10105,crazyhd.com,good
10106,hankookilbo.com,good
10107,tvguide.co.uk,good
10108,abidjan.net,good
10109,netgeek.biz,good
10110,covox.xyz,good
10111,startlap.hu,good
10112,bangwoya.com,good
10113,wordplays.com,good
10114,blog.google,good
10115,daftporn.com,adult
10116,soundofhope.org,good
10117,clickvideodownload.com,malicious
10118,mxhichina.com,good
10119,loveread.ec,good
10120,koolearn.com,good
10121,musinsa.com,good
10122,ebgames.ca,good
10123,tjsp.jus.br,good
10124,thithtoolwin.com,malicious
10125,neko-miku.com,good
10126,joindota.com,good
10127,cn2che.com,malicious
10128,ey.com,good
10129,myprivatesearch.com,good
10130,linio.com.mx,good
10131,taobao.org,good
10132,yaporn.sex,adult
10133,kuaizhan.com,good
10134,digisport.ro,good
10135,nicmusic.net,good
10136,povar.ru,good
10137,thewrap.com,good
10138,adrunnr.com,good
10139,gismeteo.kz,good
10140,beyazperde.com,good
10141,pacogames.com,good
10142,livingly.com,good
10143,photoshop-master.ru,good
10144,indusind.com,good
10145,dirtyhomeclips.com,adult
10146,isputlocker.to,illegal
10147,uoarbhxfyygn.com,malicious
10148,moviesstak.co,illegal
10149,theoutnet.com,good
10150,kordonivkakino.club,malicious
10151,aiueo.me,good
10152,telegraf.rs,good
10153,nightbot.tv,good
10154,hqbigboobs.com,adult
10155,interswitchng.com,good
10156,daraz.com.bd,good
10157,nautiljon.com,good
10158,utdallas.edu,good
10159,walian-adaddy.com,adult
10160,vesti.bg,good
10161,wbsedcl.in,good
10162,revistaclass.al,good
10163,sub.tw,good
10164,pornflip.com,adult
10165,telkomsel.com,good
10166,ing.be,good
10167,teensnow.com,good
10168,bettycrocker.com,good
10169,nintendolife.com,good
10170,almydannews.com,good
10171,premium.wix.com,good
10172,dana.ir,good
10173,denik.cz,good
10174,serie-vostfr.com,good
10175,ccma.cat,good
10176,csu.edu.cn,good
10177,zapimoveis.com.br,good
10178,ucalgary.ca,good
10179,glassdoor.ca,good
10180,poetryfoundation.org,good
10181,coinigy.com,good
10182,wyndhamhotels.com,good
10183,omniture.com,good
10184,civilica.com,good
10185,easycounter.com,good
10186,80s.tw,good
10187,themoneyconverter.com,good
10188,superbahis91.com,illegal
10189,thinkphp.cn,good
10190,nadaguides.com,good
10191,momondo.ru,good
10192,psnprofiles.com,good
10193,entrancecorner.com,good
10194,qut.edu.au,good
10195,sparkpeople.com,good
10196,govastileto.gr,good
10197,kobo.com,good
10198,woolworths.com.au,good
10199,clip-studio.com,good
10200,dbs.com,good
10201,teknosa.com,good
10202,alientab.net,good
10203,edreams.es,good
10204,securesurf.biz,good
10205,uberconference.com,good
10206,huffingtonpost.in,good
10207,seg-social.es,good
10208,bluejeans.com,good
10209,esunbank.com.tw,good
10210,520cc.me,good
10211,amobbs.com,good
10212,lync.com,good
10213,which.co.uk,good
10214,scp-wiki.net,good
10215,flvcd.com,good
10216,guiainfantil.com,good
10217,nastyvideotube.com,adult
10218,qqtn.com,good
10219,cmcigroup.com,good
10220,cern.ch,good
10221,gaijinpot.com,good
10222,musicjinni.com,good
10223,imss.gob.mx,good
10224,juicyads.com,adult
10225,manaa.space,good
10226,oceanofmovies.ws,malicious
10227,velvet.hu,good
10228,akherkhabaronline.com,good
10229,btbtt.co,malicious
10230,mediaexpert.pl,good
10231,koreanair.com,good
10232,kyushu-u.ac.jp,good
10233,watchuseek.com,good
10234,vatandanhaber.com,good
10235,dailysnark.com,good
10236,w3layouts.com,good
10237,record.com.mx,good
10238,costcotravel.com,good
10239,santander.cl,good
10240,prtimes.jp,good
10241,automaton.am,good
10242,coco.fr,good
10243,uniregistry.com,good
10244,animesorion.org,good
10245,lifecard.co.jp,good
10246,itorrents.org,malicious
10247,p3.no,good
10248,tusciaweb.eu,good
10249,ipaddress.com,good
10250,javbus.info,adult
10251,calpoly.edu,good
10252,philstar.com,good
10253,redtubelive.com,adult
10254,changelly.com,good
10255,manageengine.com,good
10256,zimuku.net,good
10257,dinside.no,good
10258,jx.tmall.com,good
10259,rus24.tv,good
10260,viralnova.it,good
10261,sorozat-barat.club,good
10262,canna.to,illegal
10263,his-j.com,good
10264,razlozhi.ru,good
10265,ocregister.com,good
10266,hashblock.net,good
10267,uts.edu.au,good
10268,lmgtfy.com,good
10269,nationalexpress.com,good
10270,orientaltrading.com,good
10271,cardgames.io,good
10272,utah.gov,good
10273,cnpq.br,good
10274,worldmarket.com,good
10275,relink.to,good
10276,mydocomo.com,good
10277,exiporn.com,adult
10278,hawahome.com,good
10279,orgasmatrix.com,adult
10280,getyourguide.com,good
10281,gateway.gov.uk,good
10282,ru-xvideos.tv,adult
10283,aramame.net,good
10284,eccn.com,good
10285,buenosaires.gob.ar,good
10286,dongqiudi.com,good
10287,anu.edu.au,good
10288,disneylatino.com,good
10289,learnersdictionary.com,good
10290,centrum.sk,good
10291,a.jimdo.com,good
10292,usa.gov,good
10293,hd-stream.net,good
10294,h2porn.com,adult
10295,jobinja.ir,good
10296,futureadpro.com,good
10297,ugent.be,good
10298,i3investor.com,good
10299,scrap.tf,good
10300,duplicashapp.com,malicious
10301,numbeo.com,good
10302,sacbee.com,good
10303,anastasiadate.com,adult
10304,9xupload.me,malicious
10305,lineageos.org,good
10306,stonybrook.edu,good
10307,dailyfx.com,good
10308,f95zone.com,adult
10309,ilgazzettino.it,good
10310,alfajertv.com,good
10311,cryptonator.com,good
10312,urcosme.com,good
10313,ioredi.com,good
10314,vestniktm.com,good
10315,rahvar120.ir,good
10316,festyy.com,good
10317,myegy.to,good
10318,dnainfo.com,good
10319,webnovel.com,good
10320,lpu.in,good
10321,mrunal.org,good
10322,cartasi.it,good
10323,scdn.co,good
10324,coinwarz.com,good
10325,snhu.edu,good
10326,emex.ru,good
10327,skokka.com,adult
10328,asiatech.ir,good
10329,goodstuffbuzz.com,good
10330,derpibooru.org,good
10331,businessinsider.com.pl,good
10332,woop.buzz,good
10333,comparethemarket.com,good
10334,paris.fr,good
10335,ninemanga.com,good
10336,ubibanca.com,good
10337,edupage.org,good
10338,smartserials.com,good
10339,lcwaikiki.com,good
10340,nextlnk12.com,good
10341,narkive.com,good
10342,cpuid.com,good
10343,lamar.edu,good
10344,coldwellbankerhomes.com,good
10345,banglanews24.com,good
10346,emc.com,good
10347,fnac.pt,good
10348,the-village.ru,good
10349,aplitrak.com,good
10350,heart.org,good
10351,harveynorman.com.au,good
10352,pornocarioca.com,adult
10353,cdbaby.com,good
10354,justclick.ru,good
10355,lomadee.com,good
10356,asg.to,good
10357,ratopati.com,good
10358,craftsy.com,good
10359,blogspot.qa,good
10360,typingclub.com,good
10361,rich-birds.com,good
10362,note.mu,good
10363,ghanamotion.com,good
10364,pikio.pl,good
10365,csc.edu.cn,good
10366,webuy.com,good
10367,bankleumi.co.il,good
10368,hobbylobby.com,good
10369,steadyhealth.com,good
10370,securesuite.co.uk,good
10371,narvii.com,good
10372,excite.com,good
10373,oloadcdn.net,malicious
10374,demae-can.com,good
10375,tdsrmbl.net,malicious
10376,dlut.edu.cn,good
10377,cam4.de.com,adult
10378,newspapers.com,good
10379,rosreestr.ru,good
10380,gob.bo,good
10381,cnwnews.com,good
10382,mp3fiber.com,good
10383,luminpdf.com,good
10384,ticketone.it,good
10385,livetvcdn.net,good
10386,caradisiac.com,good
10387,careerpark.jp,good
10388,blog.wordpress.com,good
10389,bunte.de,good
10390,only-tv.org,good
10391,origer.info,good
10392,strawpoll.com,good
10393,colg.cn,good
10394,mp3tunes.cd,good
10395,ghafla.com,good
10396,network-auth.com,good
10397,tedata.net,good
10398,52av.tv,adult
10399,heatst.com,good
10400,dr.com.tr,good
10401,propakistani.pk,good
10402,matplotlib.org,good
10403,newsweekjapan.jp,good
10404,vgtime.com,good
10405,postnews.media,good
10406,stamps.com,good
10407,tportal.hr,good
10408,ufrj.br,good
10409,wayn.com,good
10410,adelaide.edu.au,good
10411,svd.se,good
10412,msu.ru,good
10413,finofilipino.org,good
10414,icarros.com.br,good
10415,kasikornbankgroup.com,good
10416,avery.com,good
10417,classmates.com,good
10418,damplips.com,adult
10419,gematsu.com,good
10420,iitm.ac.in,good
10421,chromium.org,good
10422,draugiem.lv,good
10423,smotri.com,good
10424,xxxbunker.com,adult
10425,anibis.ch,good
10426,ygdy8.net,malicious
10427,takuhai.jp,good
10428,wsu.edu,good
10429,2345.com,good
10430,mtonews.com,good
10431,flixbus.de,good
10432,annonceintime.com,good
10433,scut.edu.cn,good
10434,fanpiece.com,good
10435,ristekdikti.go.id,good
10436,rojadirecta.eu,illegal
10437,adsl.free.fr,good
10438,logic-immo.com,good
10439,yell.com,good
10440,tsdm.me,good
10441,triviatoday.com,good
10442,travelgenio.com,good
10443,duxiu.com,good
10444,iskysoft.com,good
10445,neowin.net,good
10446,hq-sex-tube.com,adult
10447,merrjep.al,good
10448,4club.com,good
10449,newadsclicks.com,good
10450,qubit.tv,good
10451,couponfollow.com,good
10452,nga.cn,good
10453,dandwiki.com,good
10454,szu.edu.cn,good
10455,wral.com,good
10456,tcfbank.com,good
10457,topface.com,good
10458,ru-board.com,good
10459,ipn.mx,good
10460,newtab.club,good
10461,golfdigest.co.jp,good
10462,pwn.pl,malicious
10463,cam4.fr,adult
10464,basnews.com,good
10465,360game.vn,good
10466,tinkercad.com,good
10467,tamilrasigan.net,good
10468,wego.com,good
10469,30nama9.in,malicious
10470,viceland.com,good
10471,legifrance.gouv.fr,good
10472,moppy.jp,good
10473,shahidlive.co,good
10474,javmost.com,adult
10475,admin5.com,good
10476,techinasia.com,good
10477,stitchfix.com,good
10478,webhostingtalk.com,good
10479,cineaste.co.kr,good
10480,tvsubs.net,good
10481,inazumanews2.com,good
10482,eq28.cn,good
10483,woorank.com,good
10484,xemvtv.net,good
10485,beon.ru,good
10486,liul.net,good
10487,steamcharts.com,good
10488,trudvsem.ru,good
10489,twrp.me,good
10490,naviance.com,good
10491,zain.com,good
10492,visionias.in,good
10493,teercounter.com,good
10494,kasi-time.com,good
10495,washwasha.org,good
10496,daz3d.com,good
10497,iitkgp.ac.in,good
10498,hitek.fr,good
10499,yesbank.in,good
10500,croco.site,good
10501,jobartis.com,good
10502,phoenix.edu,good
10503,g2crowd.com,good
10504,hotcleaner.com,good
10505,intouchweekly.com,good
10506,hizliizlefilm.net,good
10507,dengekionline.com,good
10508,freemusicarchive.org,good
10509,tviso.com,good
10510,state.fl.us,good
10511,tour.ne.jp,good
10512,realpage.com,good
10513,google.rw,good
10514,zigwheels.com,good
10515,crictime.com,good
10516,bradsdeals.com,good
10517,blogspot.fi,good
10518,milannews.it,good
10519,fazmusic21.com,good
10520,putlocker1.fit,malicious
10521,player.uz,good
10522,thestival.gr,good
10523,seslisozluk.net,good
10524,cloudfile.co,good
10525,drweb.ru,good
10526,shueisha.co.jp,good
10527,nirsoft.net,good
10528,mcmaster.ca,good
10529,xici.net,good
10530,allegiantair.com,good
10531,vrporn.com,adult
10532,c9.io,good
10533,free3d.com,good
10534,baur.de,good
10535,lance.com.br,good
10536,pc-karuma.net,good
10537,lipstickalley.com,good
10538,pazar3.mk,good
10539,myavsuper.com,adult
10540,hao245.com,good
10541,rochester.edu,good
10542,createsend.com,good
10543,opensubtitles.website,good
10544,odoo.com,good
10545,5kplayer.com,good
10546,server.pro,good
10547,aabbir.com,good
10548,hunter.io,good
10549,scan-av.in,malicious
10550,gokano.com,good
10551,whoscored.com,good
10552,freeforums.net,good
10553,grandbux.net,malicious
10554,acidknife.win,malicious
10555,flixbus.com,good
10556,ebsi.co.kr,good
10557,leeds.ac.uk,good
10558,sbux-portal.appspot.com,good
10559,natunsomoy.com,good
10560,gameskinny.com,good
10561,imagespicy.site,adult
10562,ftvgirls.com,adult
10563,todamateria.com.br,good
10564,cienradios.com,good
10565,voluumtrk3.com,malicious
10566,abc7.com,good
10567,movie4kto.site,illegal
10568,mp3indirdur.com,illegal
10569,galsen221.com,good
10570,epfl.ch,good
10571,mangaupdates.com,good
10572,takprosto.cc,malicious
10573,lmjx.net,malicious
10574,k12.ga.us,good
10575,au.ru,good
10576,americanupbeat.com,good
10577,fedoraproject.org,good
10578,later.com,good
10579,hecklerspray.com,good
10580,akc.org,good
10581,unitymedia.de,good
10582,bajaryoutube.com,good
10583,guru.com,good
10584,geek.com,good
10585,wnacg.org,adult
10586,videohelp.com,good
10587,gohappy.com.tw,good
10588,hellorf.com,good
10589,komputronik.pl,good
10590,pixta.jp,good
10591,af2f04d5bdd.com,malicious
10592,sierratradingpost.com,good
10593,online-life.in,good
10594,cdn77.org,good
10595,friday-deals.top,good
10596,whowatch.tv,good
10597,nomura.co.jp,good
10598,doustiha.com,good
10599,nv.ua,good
10600,newegg.ca,good
10601,ipa.go.jp,good
10602,online-stopwatch.com,good
10603,9tv.co.il,good
10604,roozame.com,good
10605,mafa.com,good
10606,estilo.uol.com.br,good
10607,chetor.com,good
10608,webcrow.jp,good
10609,indianporncave.com,adult
10610,allaboutcircuits.com,good
10611,cheatengine.org,malicious
10612,forobeta.com,good
10613,kshowid.co,good
10614,copart.com,good
10615,limeroad.com,good
10616,ryerson.ca,good
10617,coolenjoy.net,malicious
10618,trueactivist.com,good
10619,flirt-and-sex.com,adult
10620,rcgroups.com,good
10621,fx112.com,good
10622,6pan.cc,good
10623,filmeseseriesonline.gratis,good
10624,02aa19117f396e9.com,malicious
10625,7ya.ru,good
10626,gandi.net,good
10627,assistirhdonline.net,good
10628,youngliving.com,good
10629,fgv.br,good
10630,networksolutionsemail.com,good
10631,edu-dz.com,good
10632,pornodingue.com,adult
10633,ojooo.com,good
10634,sendinblue.com,good
10635,digitalpoint.com,good
10636,lootcrate.com,good
10637,uta-net.com,good
10638,hitfile.net,good
10639,openculture.com,good
10640,filmesonlineagora.com,good
10641,fco.gov.uk,good
10642,filmstreamvk.ws,malicious
10643,right.com.cn,good
10644,tt-torrent.com,illegal
10645,fasttorrent.ru,illegal
10646,tsinghua.edu.cn,good
10647,jojothemes.com,good
10648,n-torrents.ru,illegal
10649,meshok.net,good
10650,fashionnova.com,good
10651,altadefinizione01.onl,malicious
10652,planet.fr,good
10653,fansided.com,good
10654,sweclockers.com,good
10655,impressrd.jp,good
10656,olx.com.pe,good
10657,bloomberg.co.jp,good
10658,enallaktikidrasi.com,good
10659,temple.edu,good
10660,189.cn,good
10661,pornozak.xxx,adult
10662,thejournal.ie,good
10663,mmfilmes.com,good
10664,clutchpoints.com,good
10665,yoreparo.com,good
10666,f1news.ru,good
10667,radio-canada.ca,good
10668,expensify.com,good
10669,booksecure.net,good
10670,xtrawx.com,good
10671,sportdog.gr,good
10672,dizist1.com,good
10673,vodafone.com.tr,good
10674,politifact.com,good
10675,e-radio.gr,good
10676,fssprus.ru,good
10677,gnula.se,good
10678,embedsr.to,good
10679,nielsen.com,good
10680,cpic.com.cn,good
10681,transbank.cl,good
10682,pib.nic.in,good
10683,assistirfilmeshd.org,good
10684,smmmafia.com,malicious
10685,netbeans.org,good
10686,popearn.com,malicious
10687,filejo.com,good
10688,pubg.me,good
10689,feide.no,good
10690,fnac.es,good
10691,kth.se,good
10692,alfafile.net,good
10693,eviderable.com,good
10694,annunci69.it,adult
10695,mejorenvo.com,good
10696,draftexpress.com,good
10697,e-onec.com,good
10698,tz.de,good
10699,dfiles.ru,good
10700,lidl-flyer.com,good
10701,matichon.co.th,good
10702,antiplagiat.ru,good
10703,the72.co.uk,good
10704,uukanshu.net,good
10705,eatingwell.com,good
10706,samagra.gov.in,good
10707,elnoticiero.com.ec,good
10708,drexel.edu,good
10709,domru.ru,good
10710,webhostingtalk.ir,good
10711,bibliaonline.com.br,good
10712,geneanet.org,good
10713,bitminer.io,good
10714,qwertee.com,good
10715,torrenty.to,illegal
10716,tvbok.com,good
10717,proceso.com.mx,good
10718,peatix.com,good
10719,inclk.com,malicious
10720,apteka.ru,good
10721,pairs.lv,good
10722,hlxiang.com,good
10723,mofang.com.tw,good
10724,jobstreet.com.ph,good
10725,cnn.co.jp,good
10726,bancopopular.es,good
10727,free-power-point-templates.com,good
10728,craigslist.jp,good
10729,materializecss.com,good
10730,ecnu.edu.cn,good
10731,freemovieswatchonline.com,illegal
10732,watch32.is,illegal
10733,hoovers.com,good
10734,dapenti.com,good
10735,consumeraffairs.com,good
10736,someecards.com,good
10737,digital-photography-school.com,good
10738,sweet-page.com,malicious
10739,ruralvia.com,good
10740,gmx.ch,good
10741,picodi.com,good
10742,abcnewsgo.net,good
10743,youthwant.com.tw,good
10744,booru.org,good
10745,ponisha.ir,good
10746,dollarshaveclub.com,good
10747,designboom.com,good
10748,softgozar.com,good
10749,airtable.com,good
10750,bitter.io,good
10751,gov.hu,good
10752,roadandtrack.com,good
10753,mypoints.com,good
10754,vorkers.com,good
10755,wrapbootstrap.com,good
10756,xapads.com,good
10757,film-streaming.club,good
10758,btdx8.com,good
10759,aviny.com,good
10760,startgo123.com,good
10761,adsvlad.info,malicious
10762,laawoo.com,good
10763,kidshealth.org,good
10764,8drama.ru,good
10765,x-rates.com,good
10766,subway.com,good
10767,mediatakeout.com,good
10768,google.com.gi,good
10769,gameblog.fr,good
10770,nowtv.com,good
10771,mbusa.com,good
10772,weather-genie.com,good
10773,dashlane.com,good
10774,edreams.com,good
10775,uky.edu,good
10776,piterpunk.com,good
10777,bmwusa.com,good
10778,anon-ib.su,malicious
10779,hyperproxy.net,malicious
10780,meti.go.jp,good
10781,decathlon.pl,good
10782,sextubeset.com,adult
10783,com--win.net,malicious
10784,wyzant.com,good
10785,bolha.com,good
10786,vyapam.nic.in,good
10787,fblife.com,good
10788,isthereanydeal.com,good
10789,travelclick.com,good
10790,excel-easy.com,good
10791,kyivstar.ua,good
10792,sunstar.com.ph,good
10793,quadrinhoseroticos.net,adult
10794,mywork.com.vn,good
10795,sabbnet.com,good
10796,portalprogramas.com,good
10797,xvideos-field5.com,adult
10798,arabysexy.com,adult
10799,vccs.edu,good
10800,jq22.com,good
10801,fsymbols.com,good
10802,viamichelin.fr,good
10803,elgrafico.com,good
10804,dekiru.net,good
10805,dietlast.com,good
10806,dillards.com,good
10807,blessbiz.online,malicious
10808,polit.info,good
10809,beappsliks.com,malicious
10810,yan.vn,good
10811,cdw.com,good
10812,bluelight.org,good
10813,getfireshot.com,good
10814,instamojo.com,good
10815,kontur.ru,good
10816,24smi.org,good
10817,pornreactor.cc,adult
10818,fbfd396918c60838.com,malicious
10819,rutor.is,illegal
10820,alphapolis.co.jp,good
10821,faradars.org,good
10822,paypal-community.com,malicious
10823,pornjam.com,adult
10824,cooperativa.cl,good
10825,justdating.online,good
10826,daad.de,good
10827,paopaoche.net,good
10828,internet-start.net,good
10829,rp.pl,good
10830,melodrama1.com,good
10831,libertatea.ro,good
10832,cifnews.com,good
10833,rtl-theme.com,good
10834,kekenet.com,good
10835,leclercdrive.fr,good
10836,simplesite.com,good
10837,arcgames.com,good
10838,strikingly.com,good
10839,pepper.pl,good
10840,games-post.com,good
10841,pearl.de,good
10842,wisconsin.edu,good
10843,mpg.de,good
10844,sixflags.com,good
10845,urasunday.com,good
10846,dittytv.com,good
10847,ambito.com,good
10848,umuc.edu,good
10849,nazwa.pl,good
10850,mp3.cc,good
10851,wallstreetoasis.com,good
10852,otpbank.hu,good
10853,femo.com,good
10854,acunn.com,good
10855,ilmatieteenlaitos.fi,good
10856,pravda.ru,good
10857,aleteia.org,good
10858,genfb.com,good
10859,elibrary.ru,good
10860,pornoeggs.com,adult
10861,jind.gdn,malicious
10862,blitz.bg,good
10863,startminer.com,malicious
10864,zarpanews.gr,good
10865,coreldraw.com,good
10866,movies123.in,illegal
10867,ohio-state.edu,good
10868,avistaz.to,adult
10869,xdomain.jp,good
10870,worldjournal.com,good
10871,jkanime.co,good
10872,adrenaline.uol.com.br,good
10873,indianrailways.gov.in,good
10874,h-o-g-w-a-r-t-s.com,good
10875,gala.de,good
10876,clasohlson.com,good
10877,theblackloop.com,good
10878,tju.edu.cn,good
10879,hobbyconsolas.com,good
10880,targobank.de,good
10881,tqdk.gov.az,good
10882,businessinsider.jp,good
10883,ertelecom.ru,good
10884,larazon.es,good
10885,telkom.co.za,good
10886,bathandbodyworks.com,good
10887,mope.io,good
10888,games.co.id,good
10889,elfinanciero.com.mx,good
10890,goldenline.pl,good
10891,mitele.es,good
10892,aldi-sued.de,good
10893,stgeorge.com.au,good
10894,jlu.edu.cn,good
10895,mediaoffering.com,good
10896,starfall.com,good
10897,idbi.com,good
10898,samandehi.ir,good
10899,investorshangout.com,good
10900,raymond.cc,good
10901,tech-camp.net,good
10902,unibytes.com,good
10903,dangi.co.kr,good
10904,torrentsgroup.com,illegal
10905,romhustler.net,illegal
10906,66law.cn,good
10907,subscribe.free.fr,good
10908,cuni.cz,good
10909,scholarships.gov.in,good
10910,moo.com,good
10911,ontario.ca,good
10912,moodle.org,good
10913,centralbank.net.in,good
10914,longzhu.com,good
10915,shixiseng.com,good
10916,gototrk.com,malicious
10917,bricodepot.fr,good
10918,boredomtherapy.com,good
10919,jecontacte.com,good
10920,ownedcore.com,good
10921,jovemnerd.com.br,good
10922,pebadu.com,good
10923,leral.net,good
10924,allmodern.com,good
10925,careerpower.in,good
10926,8btc.com,good
10927,kinosvit.tv,good
10928,igihe.com,good
10929,zattoo.com,good
10930,comingsoon.net,good
10931,acronymfinder.com,good
10932,asrock.com,good
10933,expat.com,good
10934,hamshahrionline.ir,good
10935,joygame.com,good
10936,sinemalar.com,good
10937,biggerpockets.com,good
10938,smm.cn,good
10939,planetlagu.download,good
10940,pricepony.com.ph,good
10941,cybersport.ru,good
10942,whathifi.com,good
10943,news.am,good
10944,rb24.ir,good
10945,onegreenplanet.org,good
10946,etnews.com,good
10947,ytn.co.kr,good
10948,nttxstore.jp,good
10949,acehardware.com,good
10950,jigsawplanet.com,good
10951,enbank.net,good
10952,healthcare.gov,good
10953,voglioporno.com,adult
10954,shangc.net,good
10955,sexvid.xxx,adult
10956,simfileshare.net,good
10957,sankuai.com,good
10958,filmon.com,good
10959,poki.com.br,good
10960,mathway.com,good
10961,bauhaus.info,good
10962,hubspot.net,good
10963,hsoub.com,good
10964,mouthshut.com,good
10965,vitacost.com,good
10966,maam.ru,good
10967,ubuntu-fr.org,good
10968,warwick.ac.uk,good
10969,lalibre.be,good
10970,flypool.org,good
10971,presidentmommy.com,good
10972,taz.de,good
10973,upstore.net,good
10974,streamate.com,adult
10975,gulfeconnection.com,good
10976,telcel.com,good
10977,vidz7.com,good
10978,fow.kr,good
10979,visa.com.ar,good
10980,inflibnet.ac.in,good
10981,lyrsense.com,good
10982,61saat.com,good
10983,mobile.bg,good
10984,videosexarchive.com,adult
10985,trannytube.tv,adult
10986,inpaok.com,good
10987,ethiojobs.net,good
10988,ovkuse.ru,good
10989,lambingan.su,good
10990,shafa.ua,good
10991,cartoonnetworkarabic.com,good
10992,tim.blog,good
10993,thiruttuvcd.me,malicious
10994,crictracker.com,good
10995,yellowpages.ca,good
10996,ulisboa.pt,good
10997,dittotv.com,good
10998,kanui.com.br,good
10999,pelis24.mobi,malicious
11000,tommy.com,good
11001,symbianize.com,good
11002,bluesystem.org,good
11003,pornwhite.com,adult
11004,bighole.cc,adult
11005,calottery.com,illegal
11006,public.gr,good
11007,fewo-direkt.de,good
11008,gameofglam.com,good
11009,online-video-cutter.com,good
11010,vcu.edu,good
11011,filebase.ws,good
11012,kd2244.com,malicious
11013,starbucks.co.jp,good
11014,nuget.org,good
11015,russkoe-porno.xxx,adult
11016,bitadexchange.com,malicious
11017,apunkagames.net,good
11018,matome-plus.net,good
11019,meetme.com,good
11020,bwin.com,illegal
11021,gossip-tv.gr,good
11022,1password.com,good
11023,quickmeme.com,good
11024,free.com.tw,good
11025,cultofmac.com,good
11026,bose.com,good
11027,carsforsale.com,good
11028,kotaku.com.au,good
11029,samurai-games.net,good
11030,elrdar.com,good
11031,yesware.com,good
11032,allo.ua,good
11033,impresclkd.com,malicious
11034,coeg.in,good
11035,idlebrain.com,good
11036,vc.ru,good
11037,flamingtext.com,good
11038,showup.tv,good
11039,rvnc72k.com,malicious
11040,animesubhd.net,good
11041,hdfilmesonlinegratis.net,illegal
11042,swappa.com,good
11043,download-genius.com,malicious
11044,glodls.to,illegal
11045,dlink.com,good
11046,imobie.com,good
11047,tictail.com,good
11048,tvshows4mobile.com,illegal
11049,ikco.ir,good
11050,uniroma1.it,good
11051,kbagi.com,good
11052,xo.gr,good
11053,miss-no1.com,good
11054,pb.com,good
11055,racedepartment.com,good
11056,pearltrees.com,good
11057,lakome2.com,good
11058,bufferapp.com,good
11059,topgear.com,good
11060,grapee.jp,good
11061,blizko.ru,good
11062,naughtyblog.org,adult
11063,imgix.net,good
11064,ethtrade.org,good
11065,7sur7.be,good
11066,chomanga.com,good
11067,foreignpolicy.com,good
11068,edaily.co.kr,good
11069,konachan.com,adult
11070,financika.net,good
11071,vndb.org,good
11072,cfe.gob.mx,good
11073,regmovies.com,good
11074,che168.com,good
11075,definicionabc.com,good
11076,101xp.com,good
11077,listchallenges.com,good
11078,pc-magazin.de,good
11079,gm.com,good
11080,andro4all.com,good
11081,k12.com,good
11082,wordcounter.net,good
11083,wework.com,good
11084,searspartsdirect.com,good
11085,mec.es,good
11086,51240.com,good
11087,kbstar.com,good
11088,vivareal.com.br,good
11089,usingenglish.com,good
11090,homebank.ro,good
11091,videodownloaderultimate.com,malicious
11092,123moviesfree.com,illegal
11093,naftemporiki.gr,good
11094,kino-hd720.net,malicious
11095,classes.ru,good
11096,1999.co.jp,good
11097,elecom.co.jp,good
11098,jansatta.com,good
11099,ebela.in,good
11100,novostionline.net,malicious
11101,radiojavan.com,good
11102,medisite.fr,good
11103,casio.jp,good
11104,reliefweb.int,good
11105,888pic.com,good
11106,franceculture.fr,good
11107,keralapsc.gov.in,good
11108,kotlinlang.org,good
11109,btdigg.co,good
11110,eposcard.co.jp,good
11111,juejin.im,good
11112,dealscove.com,good
11113,btcprominer.life,malicious
11114,vistaprint.in,good
11115,tapatalk.com,good
11116,singleplatform.com,good
11117,uvic.ca,good
11118,gunosy.com,good
11119,sagepay.com,good
11120,ed-protect.org,malicious
11121,mobwon.net,malicious
11122,akamai.com,good
11123,hssc.gov.in,good
11124,dish.com,good
11125,microsoftstore.com.cn,good
11126,maxim.com,good
11127,5pao.com,adult
11128,video.az,adult
11129,gameinfo.io,good
11130,flyuia.com,good
11131,rmz.cr,malicious
11132,uitm.edu.my,good
11133,tetrisfriends.com,good
11134,dataprev.gov.br,good
11135,ankiweb.net,good
11136,kancloud.cn,good
11137,mellowads.com,malicious
11138,vine.co,good
11139,gamefactory.jp,good
11140,livwrite.com,good
11141,mobileoffertype.com,good
11142,lifeandstylemag.com,good
11143,powerschool.com,good
11144,elqanah-news.com,good
11145,btkitty.kim,malicious
11146,bleedingcool.com,good
11147,onelife.eu,good
11148,e3expo.com,good
11149,kmf.com,good
11150,mobinnet.ir,good
11151,nottingham.ac.uk,good
11152,geekandsundry.com,good
11153,espreso.tv,good
11154,mediamarkt.com.tr,good
11155,w.org,good
11156,suomi24.fi,good
11157,comixology.com,good
11158,seedpeer.eu,good
11159,ikyu.com,good
11160,vatera.hu,good
11161,google.com.om,good
11162,247realmedia.com,good
11163,filmapik.tv,good
11164,merojax.tv,good
11165,uw.edu.pl,good
11166,specialized.com,good
11167,marketium.ru,good
11168,marvelapp.com,good
11169,r-aly.ru,good
11170,elnuevoherald.com,good
11171,frdic.com,good
11172,thomson.co.uk,good
11173,wikihow.it,good
11174,vit.ac.in,good
11175,startbootstrap.com,good
11176,networksolutions.com,good
11177,hl.co.uk,good
11178,khamenei.ir,good
11179,sine.com.br,good
11180,chann.net,good
11181,grunge.com,good
11182,enuygun.com,good
11183,easyicon.net,good
11184,ciudad.com.ar,good
11185,dev-point.com,good
11186,media-find-it.com,good
11187,buzzsumo.com,good
11188,nemzetisport.hu,good
11189,dzsc.com,good
11190,extratorrents.ch,illegal
11191,decider.com,good
11192,indeed.ca,good
11193,lupoporno.com,adult
11194,airav.cc,adult
11195,softlay.net,good
11196,zserials.cc,illegal
11197,sprzedajemy.pl,good
11198,leadio.in,good
11199,ltaaa.com,malicious
11200,kabutan.jp,good
11201,rezultati.com,good
11202,vatican.va,good
11203,uc.edu,good
11204,kyofun.com,good
11205,kino.de,good
11206,fender.com,good
11207,teamspeak.com,good
11208,colaboraread.com.br,good
11209,mp3cut.net,good
11210,fimfiction.net,good
11211,drakemoon.com,good
11212,lawebdelprogramador.com,good
11213,applesfera.com,good
11214,newyx.net,malicious
11215,questdiagnostics.com,good
11216,fashionizers.com,good
11217,readers.jp,good
11218,ailete.com,good
11219,spacex.com,good
11220,findeen.com,good
11221,gamekit.com,good
11222,wicurio.com,good
11223,mastersportal.eu,good
11224,duke-energy.com,good
11225,ebgames.com.au,good
11226,panathinaikoskosmos.com,good
11227,bnl.it,good
11228,ru-m.org,good
11229,canon-asia.com,good
11230,sarsefiling.co.za,good
11231,wormax.io,good
11232,wayfair.ca,good
11233,hepe.gdn,malicious
11234,1111.tmall.com,good
11235,banksifsccode.com,malicious
11236,sosista.live,adult
11237,makeagif.com,good
11238,diki.pl,good
11239,torrentkitty.tv,illegal
11240,avatan.ru,adult
11241,google.ci,good
11242,yenicag.az,good
11243,businessinsider.com.au,good
11244,metaspoon.com,good
11245,slb.com,good
11246,javfull.tv,adult
11247,builtwith.com,good
11248,lendingclub.com,good
11249,thiraivideo.com,good
11250,secretcv.com,good
11251,simplyhired.com,good
11252,edreams.it,good
11253,mylovedtube.com,adult
11254,clickhole.com,good
11255,flytap.com,good
11256,okcaller.com,good
11257,midiario.com,good
11258,youtubemultidownloader.com,malicious
11259,shashidthakur23.wordpress.com,good
11260,volkskrant.nl,good
11261,livecounts.net,good
11262,hudong.com,good
11263,mineo.jp,good
11264,analyticsvidhya.com,good
11265,xiclassadmission.gov.bd,good
11266,programcreek.com,good
11267,synonymo.fr,good
11268,elnuevodia.com,good
11269,maketecheasier.com,good
11270,hust.edu.cn,good
11271,goalegypt.com,good
11272,cc98.org,good
11273,wallpaperup.com,good
11274,ver-novelas-online.com,good
11275,gethelpworldwide.com,good
11276,bttt99.com,illegal
11277,ugc.ac.in,good
11278,xgo.com.cn,good
11279,hdmoviespoint.club,malicious
11280,linkis.com,good
11281,3dlat.net,good
11282,ohmirevista.com,good
11283,ef43.com.cn,good
11284,vulearning.com,good
11285,cinemagia.ro,good
11286,barbri.com,good
11287,swiss.com,good
11288,domo.com,good
11289,googleadservices.com,good
11290,quran.com,good
11291,qunar.com,good
11292,pdfdrive.net,good
11293,bc3ts.com,good
11294,arcadetab.com,good
11295,downcc.com,good
11296,lamabang.com,good
11297,winscp.net,good
11298,ojogos.com.br,good
11299,bolsamania.com,good
11300,kerbalspaceprogram.com,good
11301,chinesean.com,good
11302,bankofscotland.co.uk,good
11303,forbesjapan.com,good
11304,cnrs.fr,good
11305,vshare.eu,malicious
11306,tudelft.nl,good
11307,sportal.bg,good
11308,libaclub.com,good
11309,majorleaguegaming.com,good
11310,chip.com.tr,good
11311,hangame.co.jp,good
11312,mass.gov,good
11313,towleroad.com,good
11314,challenges.fr,good
11315,fx678.com,good
11316,cosstores.com,good
11317,unbounce.com,good
11318,bandicam.com,good
11319,kmib.co.kr,good
11320,fanatics.com,good
11321,spieletipps.de,good
11322,shemsfm.net,good
11323,cinematicket.org,good
11324,bejson.com,good
11325,emb-japan.go.jp,good
11326,stantondaily.com,good
11327,kogan.com,good
11328,d-addicts.com,good
11329,exceedlms.com,good
11330,claro.com.br,good
11331,piktochart.com,good
11332,peliculasabc.net,good
11333,dailysuperheroes.com,good
11334,shop.com,good
11335,getsurl.com,good
11336,mononews.gr,good
11337,biedronka.pl,good
11338,safelinkconverter.com,good
11339,avianca.com,good
11340,appsflyer.com,good
11341,pusan.ac.kr,good
11342,vipkid.com.cn,good
11343,softcoin.com,good
11344,on24.com,good
11345,poczta-polska.pl,good
11346,youth4work.com,good
11347,expertreviews.co.uk,good
11348,opodo.de,good
11349,yeah.net,good
11350,da60995df247712.com,malicious
11351,filmeseseriesonline.net,good
11352,expedia.de,good
11353,ezinearticles.com,good
11354,basecamphq.com,good
11355,splice.com,good
11356,trendnova.nl,good
11357,peru.com,good
11358,baiscopelk.com,good
11359,mashahed.info,good
11360,katespade.com,good
11361,ticketcamp.net,good
11362,easynutritionplans.com,good
11363,aristeguinoticias.com,good
11364,t0p0ff3rs.com,malicious
11365,fakings.com,malicious
11366,nsportal.ru,good
11367,javout.net,adult
11368,hellowork.go.jp,good
11369,cncv.org.cn,good
11370,baku.ws,good
11371,juniper.net,good
11372,lohaco.jp,good
11373,muji8.org,good
11374,nagoya-u.ac.jp,good
11375,10minutemail.com,good
11376,fakenamegenerator.com,good
11377,missouri.edu,good
11378,thepanelstation.com,good
11379,khabartrend.com,good
11380,royalgames.com,good
11381,slack.help,good
11382,aternos.org,good
11383,allcalidad.com,good
11384,rgho.st,good
11385,zonarutoppuden.com,good
11386,skyscanner.co.kr,good
11387,tinydeal.com,good
11388,starslandings4.com,good
11389,deturl.com,good
11390,topachat.com,good
11391,750g.com,good
11392,zi-m.com,good
11393,bibliofond.ru,good
11394,diynetwork.com,good
11395,ebcbuzz.com,good
11396,portableapps.com,good
11397,biglion.ru,good
11398,techgig.com,good
11399,400.cn,good
11400,bahamut.com.tw,good
11401,gettyimages.co.uk,good
11402,hitachi.co.jp,good
11403,capital.gr,good
11404,uploadocean.com,good
11405,samatak.com,good
11406,ffbody.com,good
11407,apec.fr,good
11408,gfk.com,good
11409,hackforums.net,malicious
11410,suntimes.com,good
11411,skinhub.com,good
11412,katcr.to,illegal
11413,splitwise.com,good
11414,artelled.com,good
11415,h1g.jp,good
11416,zalando.es,good
11417,greeningz.com,good
11418,parapolitika.gr,good
11419,grasscity.com,illegal
11420,unipd.it,good
11421,familyclix.com,good
11422,ayzdorov.ru,good
11423,genti.stream,good
11424,pclady.com.cn,good
11425,elitepvpers.com,good
11426,ekino-tv.pl,good
11427,taptap.com,good
11428,aradrama.tv,good
11429,teleman.pl,good
11430,searchemaila.com,malicious
11431,tourister.ru,good
11432,seb.se,good
11433,darkwarez.pl,malicious
11434,heroeswm.ru,good
11435,yesasia.ru,good
11436,fux.com,adult
11437,nav.no,good
11438,lent.az,good
11439,geni.com,good
11440,axshare.com,good
11441,reserved.com,good
11442,ufmg.br,good
11443,cloudforce.com,good
11444,betensured.com,illegal
11445,afip.gov.ar,good
11446,hartgeld.com,malicious
11447,lieferando.de,good
11448,teepublic.com,good
11449,upv.es,good
11450,arubanetworks.com,good
11451,hypoot.com,good
11452,igxe.cn,good
11453,custojusto.pt,good
11454,flashresultats.fr,good
11455,dxy.cn,good
11456,taxguru.in,good
11457,bitclubnetwork.com,malicious
11458,add0n.com,good
11459,htmlbook.ru,good
11460,planetatvonlinehd.com,good
11461,stockx.com,good
11462,sodao.com,good
11463,adultdvdtalk.com,adult
11464,simple2date.com,good
11465,quattroruote.it,good
11466,numerama.com,good
11467,rhcloud.com,good
11468,mikrotik.com,good
11469,dexonline.ro,good
11470,alwasela.com,good
11471,tokenmarket.net,good
11472,unionbankofindia.co.in,good
11473,payserve.com,good
11474,compass.education,good
11475,weddingforward.com,good
11476,myslimpics.com,good
11477,malaysiaairlines.com,good
11478,stream-tv-series.net,good
11479,uestc.edu.cn,good
11480,nowaroos.com,good
11481,mynewswire.co,good
11482,travelchinaguide.com,good
11483,ocado.com,good
11484,getnews.jp,good
11485,usopen.com,good
11486,cpta.com.cn,good
11487,shopserve.jp,good
11488,fate-go.jp,good
11489,lxax.com,good
11490,searchlf.com,good
11491,freecodecamp.org,good
11492,ovguide.com,good
11493,brainberries.co,good
11494,poezdato.net,good
11495,leroymerlin.pl,good
11496,voyeur-house.tv,adult
11497,hyundai.com,good
11498,lbcgroup.tv,good
11499,jeecup.nic.in,good
11500,hesport.com,good
11501,flyasiana.com,good
11502,titshits.com,adult
11503,fearer.info,malicious
11504,sandisk.com,good
11505,pussl9.com,adult
11506,megacurioso.com.br,good
11507,avangate.com,good
11508,hikarinoakariost.info,good
11509,prepscholar.com,good
11510,infd.edu.ar,good
11511,documents.tips,good
11512,51yes.com,good
11513,ku.dk,good
11514,visitkorea.or.kr,good
11515,joysporn.com,adult
11516,online-freebee.ru,malicious
11517,mycloud.com,good
11518,parismatch.com,good
11519,nationtv.tv,good
11520,addapinch.com,good
11521,element14.com,good
11522,met-art.com,adult
11523,soundpark.win,good
11524,calc.ru,good
11525,kbn-live.com,good
11526,zanox.com,good
11527,arah.com,good
11528,freepostcodelottery.com,illegal
11529,inhabitat.com,good
11530,newmatures.com,adult
11531,panorama.com.ve,good
11532,ucas.com,good
11533,thetvdb.com,good
11534,dugtor.ru,good
11535,compul.in,good
11536,orcid.org,good
11537,pdalife.ru,good
11538,123-reg.co.uk,good
11539,millenniumbcp.pt,good
11540,jossandmain.com,good
11541,fashion-press.net,good
11542,uniraj.ac.in,good
11543,queensu.ca,good
11544,trainspnrstatus.com,good
11545,camsoda.com,adult
11546,bombuj.eu,malicious
11547,downxia.com,malicious
11548,findbetterresults.com,good
11549,pinterest.com.mx,good
11550,fakaza.com,illegal
11551,hentaku.net,adult
11552,kinogo1.club,illegal
11553,pleer.ru,good
11554,joxi.ru,good
11555,kcl.ac.uk,good
11556,gettraff.com,malicious
11557,cargocollective.com,good
11558,alsdara.com,good
11559,newser.cc,good
11560,nla.gov.au,good
11561,minecraftmaps.com,good
11562,android-hilfe.de,good
11563,pulse.ng,good
11564,unal.edu.co,good
11565,sport.ro,good
11566,todo1.com,good
11567,technicpack.net,good
11568,kamigame.jp,good
11569,czc.cz,good
11570,youjizzlive.com,adult
11571,javfinder.com,adult
11572,inside.com.tw,good
11573,suicidegirls.com,adult
11574,ekabu.ru,good
11575,loxblog.com,good
11576,descargaryoutube.com,good
11577,labnol.org,good
11578,wheniwork.com,good
11579,pandamovie.eu,good
11580,ltt.ly,good
11581,jsbin.com,good
11582,yoo7.com,good
11583,donpornogratis.com,adult
11584,dibamovie.in,good
11585,kmart.com.au,good
11586,immihelp.com,good
11587,doope.jp,good
11588,quizony.com,good
11589,elestimulo.com,good
11590,jiumei.com,good
11591,olx.com.ng,good
11592,nola.com,good
11593,padmanews.com,good
11594,9r.cn,good
11595,wits.ac.za,good
11596,wnacg.com,adult
11597,viralinindia.in,good
11598,yiannopoulos.net,good
11599,pinkoi.com,good
11600,inep.gov.br,good
11601,jamiiforums.com,good
11602,dothome.co.kr,good
11603,revues.org,good
11604,dcnepal.com,good
11605,unblocked.lol,malicious
11606,mobihall.com,good
11607,7po.com,good
11608,360totalsecurity.com,good
11609,minimalistbaker.com,good
11610,vakifbank.com.tr,good
11611,satu.kz,good
11612,androidapksfree.com,good
11613,adsparkmedia.net,good
11614,makeding.com,good
11615,pjmedia.com,good
11616,sitecoin.com,good
11617,bjtu.edu.cn,good
11618,cmle.ru,good
11619,residentportal.com,good
11620,coffetube.com,good
11621,123movies.film,illegal
11622,alxsite.com,good
11623,watchtheofficeonline.cc,illegal
11624,kankanwu.com,illegal
11625,bter.com,good
11626,ntt.com,good
11627,pngimg.com,good
11628,kleiderkreisel.de,good
11629,e-boks.dk,good
11630,sakidori.co,good
11631,hdxnxx.xxx,adult
11632,dotesports.com,good
11633,rbi.org.in,good
11634,fashionstuds.com,good
11635,cinematoday.jp,good
11636,zhulong.com,good
11637,filmow.com,good
11638,priceza.com,good
11639,ingatlan.com,good
11640,gismeteo.by,good
11641,upsee.nic.in,good
11642,grande-enquete-ete.com,malicious
11643,expreview.com,good
11644,rojadirecta.me,illegal
11645,onlinebank.com,good
11646,howtoforge.com,good
11647,instapaper.com,good
11648,virtualdj.com,good
11649,thesweethome.com,good
11650,z.cash,good
11651,firstcry.com,good
11652,hidoctor.ir,good
11653,artsy.net,good
11654,cheaptickets.com,good
11655,myunidays.com,good
11656,nginx.org,good
11657,magiccards.info,good
11658,youtubecomtomp3.com,malicious
11659,jeuneafrique.com,good
11660,apk4fun.com,malicious
11661,google.ps,good
11662,minhaconexao.com.br,good
11663,pivotaltracker.com,good
11664,gov.si,good
11665,fiu.edu,good
11666,arga-mag.com,good
11667,tamilrockers.co,illegal
11668,ass4all.com,adult
11669,plejada.pl,good
11670,hotnigerianjobs.com,good
11671,wto168.net,illegal
11672,formulatv.com,good
11673,paruvendu.fr,good
11674,itbazar.com,good
11675,us.es,good
11676,hooch.net,adult
11677,aesoponline.com,good
11678,100sp.ru,good
11679,pinoybay.ch,good
11680,aleks.com,good
11681,pximg.net,good
11682,pzy.be,good
11683,gob.do,good
11684,hhs.gov,good
11685,sinoptik.bg,good
11686,raftaar.in,good
11687,onclktrk.com,good
11688,xvideos-d.com,adult
11689,sporza.be,good
11690,nxp.com,good
11691,rarbt.com,illegal
11692,loveread.me,good
11693,bestblackhatforum.com,malicious
11694,fgowiki.com,good
11695,filesend.to,good
11696,lifeder.com,good
11697,17life.com,good
11698,linkshare.com,good
11699,zalando.co.uk,good
11700,trashbox.ru,good
11701,vl.ru,good
11702,pixroute.com,malicious
11703,shoes.com,good
11704,div.as,good
11705,eghtesadban.com,good
11706,transavia.com,good
11707,ninjajournalist.com,good
11708,antyweb.pl,good
11709,mignews.com,good
11710,sodimac.cl,good
11711,halfords.com,good
11712,37signals.com,good
11713,mihanwebhost.com,good
11714,seyirlikfilm.net,good
11715,downsub.com,good
11716,gfsexvideos.com,adult
11717,moonliteco.in,good
11718,sobaidupan.com,good
11719,ns.nl,good
11720,slader.com,good
11721,staples.ca,good
11722,clavier-arab.org,good
11723,humanservices.gov.au,good
11724,thewatchseries.us,good
11725,uob.com.sg,good
11726,wasu.cn,good
11727,medsci.cn,good
11728,adsmarket.com,good
11729,coinone.co.kr,good
11730,3dsky.org,good
11731,settrade.com,good
11732,crackle.com,good
11733,hsw.cn,good
11734,abchina.com,good
11735,pornoid.com,adult
11736,videobokepz.me,adult
11737,inboxdollars.com,good
11738,perfecto.guru,good
11739,maxbet.ro,illegal
11740,godlikeproductions.com,good
11741,s8ads.com,malicious
11742,funtude.com,good
11743,lobstertube.com,adult
11744,3ain.net,good
11745,ittefaq.com.bd,good
11746,p9a.space,good
11747,zhaket.com,good
11748,9978.cn,good
11749,backpack.tf,good
11750,clickbank.net,good
11751,film.ru,good
11752,kojaro.com,good
11753,av.by,good
11754,siilu.com,good
11755,apostrophe.ua,good
11756,xxxkingtube.com,adult
11757,infor.pl,good
11758,pcgames.de,good
11759,stan.com.au,good
11760,empiresoption.com,illegal
11761,celx.gdn,malicious
11762,supereva.it,good
11763,thehackernews.com,good
11764,zamanalwsl.net,good
11765,diyanet.gov.tr,good
11766,swimswam.com,good
11767,ecanlitvizle.net,illegal
11768,merkur.de,good
11769,eastcoastdaily.com,good
11770,hnonline.sk,good
11771,bnf.fr,good
11772,above.com,good
11773,manototv.com,good
11774,3d66.com,good
11775,ylilauta.org,good
11776,liquidweb.com,good
11777,saude.gov.br,good
11778,streamlord.com,good
11779,unesp.br,good
11780,peekyou.com,good
11781,login.squarespace.com,good
11782,telemetro.com,good
11783,cliffsnotes.com,good
11784,vietq.vn,good
11785,volaris.com,good
11786,raywenderlich.com,good
11787,metropcs.com,good
11788,socratic.org,good
11789,daybreakgames.com,good
11790,tweakbit.com,good
11791,blitzortung.org,good
11792,horoscope-daily-free.net,good
11793,douban.fm,good
11794,web.tv,good
11795,livereports.tv,good
11796,poliziadistato.it,good
11797,jc35.com,good
11798,getcomics.info,good
11799,wapking.live,good
11800,coderwall.com,good
11801,imgbabes.com,adult
11802,blogcu.com,good
11803,meczyki.pl,good
11804,naturalnews.com,good
11805,eqla3.com,good
11806,mol.gov.sa,good
11807,mob.org,good
11808,cqvip.com,good
11809,about.me,good
11810,glarysoft.com,good
11811,oyorooms.com,good
11812,batdongsan.com.vn,good
11813,nissanusa.com,good
11814,arting365.com,good
11815,tumejortorrent.com,illegal
11816,zuipin.cn,good
11817,rtl.hr,good
11818,jobtalk.jp,good
11819,easychair.org,good
11820,accountonline.com,good
11821,vipbox.nu,malicious
11822,wear.jp,good
11823,mnregaweb2.nic.in,good
11824,rajanews.com,good
11825,animenova.org,good
11826,rtl.be,good
11827,wishpond.com,good
11828,infinitiads.com,good
11829,songxs.pk,malicious
11830,tsdm.tv,good
11831,pcpop.com,good
11832,manmanbuy.com,good
11833,usersfiles.com,good
11834,hudl.com,good
11835,ftbwiki.org,good
11836,muzisoft.com,good
11837,expedia.it,good
11838,zenfolio.com,good
11839,112.ua,good
11840,world-art.ru,good
11841,clickredirection.com,malicious
11842,kaufmich.com,adult
11843,meristation.com,good
11844,bluedart.com,good
11845,everyeye.it,good
11846,istiklal.com.tr,good
11847,tcyonline.com,good
11848,mytvsuper.com,good
11849,shopee.vn,good
11850,qu.la,malicious
11851,viu.tv,good
11852,foxitsoftware.com,good
11853,erate.co.il,good
11854,bitnami.com,good
11855,elcorreo.com,good
11856,313.cn,good
11857,tractorsupply.com,good
11858,dualshockers.com,good
11859,equifax.com,good
11860,cdmx.gob.mx,good
11861,marocannonces.com,good
11862,movieonline.io,good
11863,torontosun.com,good
11864,uj.ac.za,good
11865,spot.im,good
11866,microsoftstore.com,good
11867,gtavicecity.ru,good
11868,register.it,good
11869,muffingroup.com,good
11870,eepw.com.cn,good
11871,dontpayfull.com,good
11872,hegre.com,adult
11873,evaair.com,good
11874,gikx.gdn,malicious
11875,uio.no,good
11876,social-datings.com,good
11877,tp.edu.tw,good
11878,tufos.com.br,good
11879,h1z1.com,good
11880,elisa.fi,good
11881,uchile.cl,good
11882,teniesonline.ucoz.com,good
11883,gihyo.jp,good
11884,bangbrosnetwork.com,adult
11885,minecraft-inside.ru,good
11886,3987.com,illegal
11887,fluege.de,good
11888,gazetabota.com,good
11889,foxporns.com,adult
11890,jamanetwork.com,good
11891,ap7am.com,good
11892,wormate.io,good
11893,balatarin.com,good
11894,linksys.com,good
11895,dominos.jp,good
11896,adidas.ru,good
11897,socalgas.com,good
11898,nile.eg,good
11899,hotline.ua,good
11900,kajx.gdn,good
11901,3rbup.com,malicious
11902,tohotheater.jp,good
11903,watchsnk.net,good
11904,11thadmission.net,good
11905,poppen.de,good
11906,cia.gov,good
11907,b2b168.com,good
11908,consumercomplaints.in,good
11909,ancestry.co.uk,good
11910,porlaputa.com,adult
11911,matomame.jp,good
11912,uni-muenchen.de,good
11913,gogo.mn,good
11914,imgsking.com,malicious
11915,a2hosting.com,good
11916,l-tike.com,good
11917,via.com,good
11918,playstarbound.com,good
11919,xlovecam.com,adult
11920,hastidl.net,malicious
11921,love4single.com,good
11922,leprogres.fr,good
11923,mobile-game-reviews.com,good
11924,mlbtraderumors.com,good
11925,natura.net,good
11926,memecenter.com,good
11927,list.am,good
11928,tripadvisor.com.mx,good
11929,fullerton.edu,good
11930,nsfc.gov.cn,good
11931,ezprice.com.tw,good
11932,hornycase.com,adult
11933,rikkisreviews.com,good
11934,mt.gov.br,good
11935,pervclips.com,adult
11936,sarkariresults.info,good
11937,citizensbank.com,good
11938,pornfreeze.com,adult
11939,previdencia.gov.br,good
11940,volagratis.com,good
11941,bayern.de,good
11942,dresslily.com,good
11943,belgianrail.be,good
11944,urodakt.com,good
11945,laweekly.com,good
11946,nettiauto.com,good
11947,filegozar.com,good
11948,pushauction.com,good
11949,ittoolbox.com,good
11950,pagalguy.com,good
11951,buxinside.com,good
11952,bangkokbank.com,good
11953,thedeadbolt.com,good
11954,zappit.gr,good
11955,jugantor.com,good
11956,personaleme.pro,malicious
11957,graphicstock.com,good
11958,scvtup.in,malicious
11959,cheathappens.com,good
11960,funktionstjanster.se,good
11961,driveragentplus.com,malicious
11962,continuum.io,good
11963,busyteacher.org,good
11964,sc2playback.com,good
11965,alberta.ca,good
11966,real-debrid.com,illegal
11967,badabun.guru,good
11968,gooool.org,good
11969,diariocorreo.pe,good
11970,deseretnews.com,good
11971,lordandtaylor.com,good
11972,porzo.com,adult
11973,mywot.com,good
11974,hi-pda.com,good
11975,spine-health.com,good
11976,noticias24.com,good
11977,readingfanatic.com,good
11978,csgoatse.com,malicious
11979,suntory.co.jp,good
11980,greatschools.org,good
11981,earthlinktele.com,good
11982,nikkei225jp.com,good
11983,dubbed.me,good
11984,emule-island.ru,good
11985,zhuixinfan.com,good
11986,globallysearch.com,good
11987,archives-ouvertes.fr,good
11988,cas.org,good
11989,malijet.com,good
11990,vanillagaming.org,good
11991,movoto.com,good
11992,pushbulletusercontent.com,good
11993,movie4all.co,good
11994,exam8.com,good
11995,ablebits.com,good
11996,computerworld.com,good
11997,aiimsexams.org,good
11998,trome.pe,good
11999,flashnews.gr,good
12000,sportsbet.com.au,illegal
12001,archive.fo,good
12002,tvigle.ru,good
12003,netralnews.com,good
12004,nudevista.tv,adult
12005,arabsong.top,good
12006,besthdmovies.com,good
12007,divcss5.com,good
12008,meteo.it,good
12009,gfpornmovies.com,adult
12010,kingsoft.jp,good
12011,fednetbank.com,good
12012,calculatorsoup.com,good
12013,chdbits.co,illegal
12014,eventful.com,good
12015,xtx6.com,malicious
12016,javdude.com,adult
12017,rent.com,good
12018,runetki.tv,adult
12019,imiker.com,good
12020,support.squarespace.com,good
12021,birgun.net,good
12022,wa.edu.au,good
12023,znaj.ua,good
12024,usvisa-info.com,good
12025,mibinim.com,good
12026,abyvhqmfnvih.com,malicious
12027,clevelandclinic.org,good
12028,projectme.work,good
12029,clip16.com,good
12030,zxxk.com,good
12031,nextmag.com.tw,good
12032,s7.ru,good
12033,ixigo.com,good
12034,netcarshow.com,good
12035,seriesgato.com,good
12036,stuff.tv,good
12037,jpnumber.com,good
12038,egnyte.com,good
12039,sjsu.edu,good
12040,1c.ru,good
12041,frontlineeducation.com,good
12042,dng65.com,good
12043,hinode.com.br,good
12044,watchseriesfree.to,illegal
12045,lowcygier.pl,good
12046,spotrac.com,good
12047,picdn.net,good
12048,webflow.com,good
12049,zzqrt.com,good
12050,fucktonite.com,adult
12051,bestdeals.today,good
12052,opinionlab.com,good
12053,lidl.pl,good
12054,bancainternet.com.ar,good
12055,filmlinks4u.is,good
12056,dpd.co.uk,good
12057,coupondunia.in,good
12058,elcolombiano.com,good
12059,ticketmaster.ca,good
12060,lamp.im,good
12061,cazin.net,good
12062,transcredit.ru,good
12063,1024sj.com,adult
12064,adoptapet.com,good
12065,netafraz.com,good
12066,draftkings.com,illegal
12067,separists.com,good
12068,thesukan.com,good
12069,prwidgets.com,good
12070,arealme.com,good
12071,itstillworks.com,good
12072,wenku1.com,good
12073,9111.ru,good
12074,axeso5.com,illegal
12075,estantevirtual.com.br,good
12076,sendvid.com,good
12077,laynews.ru,good
12078,ooo-sex.tv,adult
12079,brigitte.de,good
12080,stiripesurse.ro,good
12081,manoramanews.com,good
12082,punjabkesari.in,good
12083,filmeonline.biz,malicious
12084,anz.co.nz,good
12085,touchnet.com,good
12086,lenta365.ru,good
12087,transfermarkt.co.uk,good
12088,01torrent.com,illegal
12089,mofa.go.jp,good
12090,vizagsteel.com,good
12091,sweetshow.com,good
12092,obeyter.com,good
12093,androidworld.it,good
12094,analkhabar.com,adult
12095,bangbrothers.net,adult
12096,dragonballtime.to,good
12097,sex8.cc,adult
12098,lagacetasalta.com.ar,good
12099,soccerline.kr,good
12100,haber61.net,good
12101,mmoga.de,good
12102,dapi.gdn,malicious
12103,rustorka.com,malicious
12104,eatthis.com,good
12105,zameen.com,good
12106,bizimyol.info,malicious
12107,rewe.de,good
12108,dndnha.com,malicious
12109,appleinsider.com,good
12110,maiche168.com,malicious
12111,coppel.com,good
12112,open.ac.uk,good
12113,budget.com,good
12114,mext.go.jp,good
12115,tamasha.com,good
12116,primark.com,good
12117,forumactif.org,good
12118,resellerclub.com,good
12119,tlife.gr,good
12120,metart.com,adult
12121,firstdata.com,good
12122,vtorrents.net,malicious
12123,edgenuity.com,good
12124,guidingtech.com,good
12125,feemoo.com,good
12126,npo.nl,good
12127,chinayigui.com,good
12128,plaisio.gr,good
12129,daryo.uz,good
12130,diarioregistrado.com,good
12131,cameraboys.com,good
12132,anchorfree.us,good
12133,twasul.info,good
12134,linguee.com.br,good
12135,renewitnow.co,good
12136,edutopia.org,good
12137,gearpatrol.com,good
12138,mineduc.cl,good
12139,annauniv.edu,good
12140,9xrockers.in,good
12141,avenues.info,good
12142,hotair.com,good
12143,bit.edu.cn,good
12144,haowu.com,good
12145,tutti.ch,good
12146,torrentcounter.cc,malicious
12147,guitarchina.com,good
12148,oe24.at,good
12149,5yfi7sy.com,malicious
12150,sharewareonsale.com,good
12151,homebase.co.uk,good
12152,lpsnmedia.net,good
12153,whalecashads.com,malicious
12154,dailyhunt.in,good
12155,wugu.com.cn,good
12156,cafeastrology.com,good
12157,sabanet.ir,good
12158,k-streaming.com,illegal
12159,cheatcc.com,good
12160,clickradio.me,malicious
12161,infoalert.ro,good
12162,omgpm.com,good
12163,howtoexportimport.com,good
12164,footyroom.com,good
12165,w3snoop.com,good
12166,youradexchange.com,good
12167,onvasortir.com,good
12168,microchip.com,good
12169,americatv.com.pe,good
12170,nctu.edu.tw,good
12171,zoodfood.com,good
12172,bbvacompass.com,good
12173,mediaget.com,good
12174,guangdiu.com,good
12175,aegeanair.com,good
12176,crobads.com,good
12177,rthk.hk,good
12178,mycashmethod.co,good
12179,pes-patch.com,good
12180,r-bloggers.com,good
12181,wiggle.co.uk,good
12182,spin.com,good
12183,canstockphoto.com,good
12184,windows-driver-42717.win,malicious
12185,52poke.com,good
12186,tv-subs.com,good
12187,telegra.ph,good
12188,evike.com,good
12189,movs4u.com,good
12190,ganool.li,illegal
12191,eluniversal.com,good
12192,circleci.com,good
12193,avature.net,good
12194,uplod.ws,malicious
12195,fpsc.gov.pk,good
12196,tubous.com,adult
12197,nextdirect.com,good
12198,eda.ru,good
12199,siliconera.com,good
12200,indane.co.in,good
12201,eliteprospects.com,good
12202,classdojo.com,good
12203,av4.xyz,adult
12204,lawtime.cn,good
12205,niazerooz.com,malicious
12206,hdreactor.info,malicious
12207,lookae.com,good
12208,peliculaschingonas.org,adult
12209,nascar.com,good
12210,demorgen.be,good
12211,solarmovie.st,illegal
12212,yiibai.com,good
12213,outofmemory.cn,good
12214,vintage-erotica-forum.com,adult
12215,audioblocks.com,good
12216,hothta.com,malicious
12217,quotev.com,good
12218,fmovies.to,illegal
12219,garena.vn,good
12220,domestika.org,good
12221,9lianmeng.com,malicious
12222,obconline.co.in,good
12223,zeldadungeon.net,good
12224,tqcode.com,good
12225,cajamar.es,good
12226,interactivebrokers.com,good
12227,findwide.com,good
12228,unb.br,good
12229,tripadvisor.com.tr,good
12230,nifty.org,good
12231,molihua.org,good
12232,ofweek.com,good
12233,toolslib.net,good
12234,comic-walker.com,good
12235,memedeportes.com,good
12236,bigthink.com,good
12237,rxlist.com,good
12238,callofduty.com,good
12239,zerozero.pt,good
12240,moomoo.io,good
12241,piknu.com,good
12242,tochka.net,good
12243,nikki.ne.jp,good
12244,thy.com,good
12245,revistaforum.com.br,good
12246,upm.es,good
12247,bna.com.ar,good
12248,banggood.cn,good
12249,apple.news,good
12250,ui.cn,good
12251,tatarstan.ru,good
12252,humoron.com,good
12253,embedy.cc,good
12254,kemenag.go.id,good
12255,myfreemp3.click,malicious
12256,microsoftonline.cn,good
12257,ryusoku.com,good
12258,comingsoon.it,good
12259,pianetadonna.it,good
12260,c5game.com,illegal
12261,girlsgogames.ru,good
12262,thedailystar.net,good
12263,pdfmerge.com,good
12264,hiddenlol.com,good
12265,genuinesecurejump.com,malicious
12266,ftc.gov,good
12267,keeplinks.link,malicious
12268,animebracket.com,good
12269,vitalk.vn,good
12270,saten.ir,good
12271,wmflabs.org,good
12272,msdn.com,good
12273,mercadopago.com.br,good
12274,seeklogo.com,good
12275,yourarticlelibrary.com,good
12276,soundrad.net,good
12277,rakuten.de,good
12278,wnu.com,good
12279,akizukidenshi.com,good
12280,midomi.com,good
12281,hellosign.com,good
12282,scarlet-clicks.info,malicious
12283,removeandreplace.com,good
12284,wbifms.gov.in,good
12285,seventeen.com,good
12286,windows-movie-maker.org,good
12287,samanews.ps,good
12288,hddizifullizle.com,malicious
12289,fvdmedia.com,good
12290,ust.hk,good
12291,activebuilding.com,good
12292,registro.br,good
12293,slobodnadalmacija.hr,good
12294,voeazul.com.br,good
12295,indigo.ca,good
12296,applytojob.com,good
12297,2ddl.download,malicious
12298,trivago.in,good
12299,immi.gov.au,good
12300,hol.es,good
12301,foreca.com,good
12302,thaqafnafsak.com,good
12303,51nb.com,good
12304,relief.jp,good
12305,thredup.com,good
12306,interspace.site,good
12307,officeholidays.com,good
12308,xehay.vn,good
12309,waybig.com,good
12310,gizmodo.com.au,good
12311,scroll.in,good
12312,newrepublic.com,good
12313,tiphero.com,good
12314,pmi.org,good
12315,t13.cl,good
12316,fortissima.com.br,good
12317,tube2012.com,adult
12318,indexxx.com,adult
12319,vodacom.co.za,good
12320,zhiyoo.com,good
12321,thesilphroad.com,good
12322,uhc.com,good
12323,kriesi.at,good
12324,privateinternetaccess.com,good
12325,audible.co.uk,good
12326,tapochek.net,good
12327,piluli.ru,good
12328,feed-the-beast.com,good
12329,mockbank.com,good
12330,bibme.org,good
12331,informit.com,good
12332,inforeactor.ru,good
12333,hdvidz.co,good
12334,dfpan.com,good
12335,iscanews.ir,good
12336,highporn.net,adult
12337,mediaalpha.com,good
12338,jesarat.com,good
12339,weatherzone.com.au,good
12340,newsweek.pl,good
12341,your-server.de,good
12342,gimi.gdn,malicious
12343,fantasypros.com,good
12344,opencart.com,good
12345,kingsmanga.net,good
12346,x-art.com,adult
12347,slt.lk,good
12348,asiandate.com,adult
12349,apk-dl.com,good
12350,nameberry.com,good
12351,sandiegouniontribune.com,good
12352,missguided.co.uk,good
12353,downloadming.la,illegal
12354,iplayer.fm,good
12355,kaist.ac.kr,good
12356,realist.com,good
12357,coderanch.com,good
12358,gcflearnfree.org,good
12359,megafilmesserieshd.com,malicious
12360,dheodisha.gov.in,good
12361,bpiexpressonline.com,good
12362,agh.edu.pl,good
12363,nap-camp.com,good
12364,ciberpeliculashd.net,good
12365,babble.com,good
12366,eldestapeweb.com,good
12367,siol.net,good
12368,gadgetnews.ir,good
12369,blogspot.ch,good
12370,gradesaver.com,good
12371,dayanzai.me,malicious
12372,tamildbox.com,good
12373,alfemminile.com,good
12374,personalcapital.com,good
12375,therealreal.com,good
12376,doccheck.com,good
12377,oneman.gr,good
12378,gazetadopovo.com.br,good
12379,uoc.edu,good
12380,abcmouse.com,good
12381,bigo.tv,good
12382,eroticity.net,adult
12383,blogotale.com,good
12384,thecinebay.com,good
12385,9rendezvous-l.com,good
12386,beforeitsnews.com,good
12387,447651.com,good
12388,blueletterbible.org,good
12389,tennis-warehouse.com,good
12390,kabu.co.jp,good
12391,kiabi.com,good
12392,sportsreporttoday.com,good
12393,tianqi.com,good
12394,lativ.com.tw,good
12395,sella.it,good
12396,wsbtv.com,good
12397,nintendo.net,good
12398,baydin.com,good
12399,pttweb.tw,good
12400,myflorida.com,good
12401,pngall.com,good
12402,mediamarkt.ru,good
12403,proxfree.com,good
12404,pvplive.net,good
12405,allkeyshop.com,good
12406,mahresult.nic.in,good
12407,stu.edu.cn,good
12408,femmeactuelle.fr,good
12409,images-amazon.com,good
12410,bible.org,good
12411,citrus.ua,good
12412,ubergizmo.com,good
12413,leroymerlin.it,good
12414,youporngay.com,adult
12415,buyee.jp,good
12416,guardaserie.club,good
12417,eki-net.com,good
12418,webempresa.com,good
12419,expedia.co.kr,good
12420,animestigma.com,good
12421,thehotgames.com,good
12422,premiumtimesng.com,good
12423,oddschecker.com,illegal
12424,caramelmature.com,adult
12425,disneystore.com,good
12426,eeworld.com.cn,good
12427,rinmarugames.com,good
12428,wandoujia.com,good
12429,d-upp.com,malicious
12430,jnu.edu.cn,good
12431,stheadline.com,good
12432,toodledo.com,good
12433,live24.gr,good
12434,javfun.net,adult
12435,jorsindo.com,good
12436,bengo4.com,good
12437,almaghribtoday.net,good
12438,ecwid.com,good
12439,shinseibank.com,good
12440,apachefriends.org,good
12441,fliggy.com,good
12442,syncer.jp,good
12443,pc-alert.club,malicious
12444,mobileclickoffer.com,malicious
12445,sosobtc.com,illegal
12446,journaldev.com,good
12447,tri.co.id,good
12448,oregon.gov,good
12449,coach.com,good
12450,elbilad.net,good
12451,centauro.com.br,good
12452,chronofhorse.com,good
12453,eranico.com,good
12454,footyheadlines.com,good
12455,findthecompany.com,good
12456,ballotpedia.org,good
12457,uj.edu.pl,good
12458,baltimoresun.com,good
12459,doramy.su,good
12460,cracked-games.org,malicious
12461,psdkeys.com,good
12462,ele.me,good
12463,haodf.com,good
12464,surveymonkey.co.uk,good
12465,westbengalssc.com,good
12466,elcats.ru,good
12467,gamesfull.org,good
12468,filmai.in,good
12469,twomovies.tv,good
12470,assistindoseriesonline.net,good
12471,trekbikes.com,good
12472,bitpalas.biz,malicious
12473,best-games.today,good
12474,wellandgood.com,good
12475,efilmy.tv,adult
12476,dtvce.com,good
12477,playbar.biz,good
12478,deakin.edu.au,good
12479,batsa.me,good
12480,dropmefiles.com,good
12481,purplemath.com,good
12482,st.com,good
12483,gdedak.com,good
12484,dazeddigital.com,good
12485,jiankang.com,good
12486,tunovela.tv,good
12487,crushandflirt.online,adult
12488,kulturologia.ru,good
12489,specialfinanceoffers.com,malicious
12490,torrentmoa.com,illegal
12491,91.com,good
12492,etrain.info,good
12493,examresults2016.in,good
12494,grabagun.com,illegal
12495,ssrn.com,good
12496,javseen.com,adult
12497,tubewolf.com,adult
12498,anser.ne.jp,good
12499,ghacks.net,good
12500,d2kdi2ss.com,malicious
12501,kenyamoja.com,good
12502,instapage.com,good
12503,zapmeta.com.ar,good
12504,onvista.de,good
12505,rtl.de,good
12506,bladeandsoul.com,good
12507,bnu.edu.cn,good
12508,calcalist.co.il,good
12509,santandertotta.pt,good
12510,jobriya.in,good
12511,farmerama.com,good
12512,7db0b2a0ee95f557904.com,malicious
12513,privat-zapisi.com,adult
12514,muni.cz,good
12515,ritsumei.ac.jp,good
12516,dailyfeed.co.uk,good
12517,greek-movies.com,good
12518,bancaribe.com.ve,good
12519,manicomio-share.com,malicious
12520,btmeet.org,malicious
12521,paddypower.com,illegal
12522,mq.edu.au,good
12523,periodistadigital.com,good
12524,kuku.lu,good
12525,shawacademy.com,good
12526,seoul.go.kr,good
12527,seg-social.gob.es,good
12528,kinogo-online.com,illegal
12529,shu.edu.cn,good
12530,thuocbietduoc.com.vn,good
12531,iphones.ru,good
12532,apotheken-umschau.de,good
12533,minfin.com.ua,good
12534,ebags.com,good
12535,stocksnap.io,good
12536,mediamarkt.pl,good
12537,p2peye.com,good
12538,timebie.com,good
12539,hellven.net,good
12540,uploadgig.com,good
12541,christianbook.com,good
12542,busters.porn,adult
12543,autovit.ro,good
12544,dramabeans.com,good
12545,hinkhoj.com,good
12546,abhibus.com,good
12547,jeep.com,good
12548,n1info.com,good
12549,oursurfing.com,good
12550,honesttopaws.com,good
12551,emaze.com,good
12552,har.com,good
12553,what-character-are-you.com,good
12554,gaadiwaadi.com,good
12555,al-eman.com,good
12556,udel.edu,good
12557,11street.co.th,good
12558,everhelper.me,good
12559,wisgoon.com,good
12560,policybazaar.com,good
12561,mid-day.com,good
12562,politico.eu,good
12563,webcamtoy.com,good
12564,edomex.gob.mx,good
12565,gfxcamp.com,good
12566,bangbrothers.com,adult
12567,blogspot.cz,good
12568,habitaclia.com,good
12569,postcard.news,good
12570,womany.net,good
12571,tamilo.com,good
12572,undefined.com,good
12573,ncl.com,good
12574,korea.ac.kr,good
12575,teechip.com,good
12576,popjav.com,adult
12577,shejis.com,good
12578,watchfilmy.com,good
12579,ratemyserver.net,good
12580,blablacar.de,good
12581,clipsage.com,good
12582,websudoku.com,good
12583,scimagojr.com,good
12584,adsvids.com,good
12585,codementor.io,good
12586,loop.co.id,good
12587,vozforums.com,good
12588,freenom.com,good
12589,alltor.me,malicious
12590,abc.com.py,good
12591,newbalance.com,good
12592,eroticbeauties.net,adult
12593,blogg.no,good
12594,littleone.ru,good
12595,permanyb.com,good
12596,tu-berlin.de,good
12597,paladins.com,good
12598,torrentsmd.com,illegal
12599,paginabrazil.com,good
12600,smn.gov.ar,good
12601,holactu.com,good
12602,billmatrix.com,good
12603,hronika.info,good
12604,wi2.ne.jp,good
12605,clicksor.net,malicious
12606,containerstore.com,good
12607,piratebay.red,illegal
12608,ebuyer.com,good
12609,typingtest.com,good
12610,wallst.com,good
12611,suda.edu.cn,good
12612,time4education.com,good
12613,francaisfacile.com,good
12614,macromedia.com,good
12615,owata-net.com,good
12616,wuzzuf.net,good
12617,xuetangx.com,good
12618,brt.it,good
12619,hqbabes.com,adult
12620,bizzclick.com,good
12621,bowlroll.net,good
12622,kpmg.com,good
12623,estrategiaconcursos.com.br,good
12624,gushiwen.org,good
12625,wickes.co.uk,good
12626,mapmyrun.com,good
12627,barrons.com,good
12628,lavoixdunord.fr,good
12629,3m.com,good
12630,itschool.gov.in,good
12631,iqoo.me,good
12632,parsiblog.com,good
12633,baitoru.com,good
12634,przelewy24.pl,good
12635,nontongo.me,good
12636,mature-beauty.com,adult
12637,kuai8.com,good
12638,guidechem.com,good
12639,almesryoon.com,good
12640,dfsites.com.br,good
12641,openclipart.org,good
12642,go.gov.br,good
12643,musiceiranian.ir,good
12644,lesinrocks.com,good
12645,leagueoflegends.co.kr,good
12646,boxof.porn,adult
12647,hardsextube.com,adult
12648,express-scripts.com,good
12649,japscan.com,good
12650,radaronline.com,good
12651,videoupload.space,good
12652,nationalinterest.org,good
12653,mmamania.com,good
12654,cman.jp,good
12655,grand-casino0.com,illegal
12656,yume551.com,good
12657,quickteller.com,good
12658,tct.ir,good
12659,studyblue.com,good
12660,bitcoinvalues.co,good
12661,princetonreview.com,good
12662,mercatinomusicale.com,good
12663,wellhello.com,adult
12664,excnn.xyz,malicious
12665,first-game.club,good
12666,zattini.com.br,good
12667,odbabo.info,malicious
12668,jxmall.com,good
12669,imgclick.net,good
12670,hideproxy.me,malicious
12671,gla.ac.uk,good
12672,small-industry.com,good
12673,stage32.com,good
12674,zurb.com,good
12675,autosport.com,good
12676,dijb.gdn,malicious
12677,starbounder.org,good
12678,enikos.gr,good
12679,sledujufilmy.cz,good
12680,bits.media,good
12681,erail.in,good
12682,360safe.com,good
12683,ostrovok.ru,good
12684,todayifoundout.com,good
12685,888mov.com,adult
12686,87gt2.com,malicious
12687,skycn.com,good
12688,he2eini7ka.com,malicious
12689,living.al,good
12690,lsu.edu,good
12691,wired.co.uk,good
12692,trovit.it,good
12693,amateri.com,good
12694,bloggang.com,good
12695,ideal.es,good
12696,xtec.cat,good
12697,golfchannel.com,good
12698,trivago.it,good
12699,podbean.com,good
12700,codeigniter.com,good
12701,hk-bc.xyz,malicious
12702,lyricsmode.com,good
12703,series-onlines.com,good
12704,gameloft.com,good
12705,otorrents.com,illegal
12706,okay-dating.com,adult
12707,ct.gov,good
12708,yuki.la,malicious
12709,westjet.com,good
12710,sudrf.ru,good
12711,xunta.gal,good
12712,lesports.com,good
12713,ushareit.com,good
12714,webopedia.com,good
12715,skincare-univ.com,good
12716,90skidsonly.com,good
12717,elasticbeanstalk.com,good
12718,gamasutra.com,good
12719,admvncln.com,malicious
12720,almasdarnews.com,good
12721,el-carabobeno.com,good
12722,nemlog-in.dk,malicious
12723,puzzledragonx.com,good
12724,compressjpeg.com,good
12725,audiusa.com,good
12726,dailystormer.com,illegal
12727,zonetelechargement.org,illegal
12728,playerauctions.com,good
12729,minne.com,good
12730,justporno.nu,adult
12731,opposingviews.com,good
12732,cdek.ru,good
12733,inbank.it,good
12734,indiacarnews.com,good
12735,sdmoviespoint.com,good
12736,sdu.edu.cn,good
12737,yemen.net.ye,good
12738,kraloyun.com,good
12739,notebookreview.com,good
12740,962.net,good
12741,owler.com,good
12742,tvonline.id,good
12743,postype.com,good
12744,hermo.my,good
12745,tvn24bis.pl,good
12746,malwarebytes.org,good
12747,mojevideo.sk,good
12748,pricerunner.dk,good
12749,elgenero.com,good
12750,makezine.com,good
12751,eclypsia.com,good
12752,autohotkey.com,good
12753,gottabemobile.com,good
12754,feber.se,good
12755,golfwrx.com,good
12756,frmtr.com,good
12757,linux.com,good
12758,qianzhan.com,good
12759,vjshi.com,good
12760,sscnr.net.in,good
12761,vu.edu.pk,good
12762,risingbd.com,good
12763,atozmp3.co,good
12764,chinaswitch.com,good
12765,red-by-sfr.fr,good
12766,codezine.jp,good
12767,athemes.com,good
12768,coolmobithing.com,good
12769,2conv.com,good
12770,funnyordie.com,good
12771,tv.wtf,good
12772,a-rakumo.appspot.com,good
12773,matadornetwork.com,good
12774,upi.com,good
12775,alignable.com,good
12776,faranesh.com,good
12777,iranjavanmusic.com,good
12778,funmix.eu,good
12779,the-cinema.net,good
12780,soumu.go.jp,good
12781,realtbclkd.com,malicious
12782,sm.cn,good
12783,goqrench.net,malicious
12784,rude.com,adult
12785,dailyview.tw,good
12786,otzyv.ru,good
12787,insight.ly,good
12788,chatroulette.com,adult
12789,jdownloader.org,good
12790,catho.com.br,good
12791,kocpc.com.tw,good
12792,f-list.net,adult
12793,assrt.net,good
12794,flyeralarm.com,good
12795,softwarefixed.com,good
12796,yourtango.com,good
12797,desiringgod.org,good
12798,wikileaks.org,good
12799,tusubtitulo.com,good
12800,kela.fi,good
12801,desidime.com,good
12802,justpaste.it,good
12803,sa.gov.au,good
12804,sportshd.me,good
12805,mnn.com,good
12806,corpretail.com,good
12807,virginamerica.com,good
12808,plesk.com,good
12809,searchenginejournal.com,good
12810,secretlanguage.co,good
12811,piraeusbank.gr,good
12812,evenue.net,good
12813,cps.com.cn,good
12814,cancan.ro,good
12815,business2community.com,good
12816,ragalahari.com,good
12817,sid.ir,good
12818,videomore.ru,good
12819,ets2.lt,good
12820,101greatgoals.com,good
12821,ttu.edu,good
12822,gcu.edu,good
12823,fortinet.com,good
12824,usertesting.com,good
12825,sandesh.com,good
12826,sanakirja.org,good
12827,housing.com,good
12828,021lh.net,good
12829,epson.jp,good
12830,salefiles.com,malicious
12831,tantifilm.me,good
12832,style-tips.com,good
12833,gamea.co,good
12834,diziay.com,good
12835,huodongxing.com,good
12836,sis001.com,adult
12837,ytmonster.net,malicious
12838,savido.net,good
12839,libguides.com,good
12840,medside.ru,good
12841,10best.com,good
12842,spiritfanfics.com,good
12843,ezbuy.sg,good
12844,k12.nc.us,good
12845,lonny.com,good
12846,quickanddirtytips.com,good
12847,crowdflower.com,good
12848,torn.com,good
12849,tenor.com,good
12850,morazzia.com,adult
12851,occupydemocrats.com,good
12852,688de7b3822de.com,malicious
12853,campaign-archive2.com,good
12854,eniro.se,good
12855,apygame.com,good
12856,itpub.net,good
12857,softasm.com,good
12858,mkfzovhrfrre.com,malicious
12859,youcaring.com,good
12860,gramblr.com,good
12861,sq.cn,good
12862,kanagawa.jp,good
12863,iznb.cn,good
12864,workday.com,good
12865,movies2days.com,good
12866,ahgame.com,good
12867,infonavit.org.mx,good
12868,vkkpv.com,good
12869,hsex.tv,adult
12870,pso2.jp,good
12871,islamicfinder.org,good
12872,xserver.ne.jp,good
12873,letpub.com.cn,good
12874,japantoday.com,good
12875,kvraudio.com,good
12876,klook.com,good
12877,spacebattles.com,good
12878,pinky-media.jp,good
12879,7769domain.com,good
12880,pectit.info,good
12881,nrl.com,good
12882,ga-dev-tools.appspot.com,good
12883,passion.ru,adult
12884,elog-ch.com,good
12885,quotidiano.net,good
12886,xiaoman.cn,good
12887,johnshopkins.edu,good
12888,affroba.net,malicious
12889,ktla.com,good
12890,kidsa-z.com,good
12891,lendingtree.com,good
12892,nubiles.net,adult
12893,truekey.com,good
12894,p-bandai.jp,good
12895,routerlogin.net,good
12896,liveperson.net,good
12897,laestrella.com.pa,good
12898,laonanren.com,good
12899,e621.net,adult
12900,befuck.com,adult
12901,onlyfans.com,adult
12902,granma.cu,good
12903,linkbucks.com,malicious
12904,flynas.com,good
12905,gaytorrent.ru,illegal
12906,csun.edu,good
12907,englisch-hilfen.de,good
12908,foodpanda.in,good
12909,gp.se,good
12910,polyu.edu.hk,good
12911,hqbutt.com,adult
12912,bpjs-kesehatan.go.id,good
12913,leroymerlin.com.br,good
12914,tv-torrent.club,illegal
12915,kotc.gdn,malicious
12916,vidstream.co,good
12917,1yme78h.com,malicious
12918,geenstijl.nl,good
12919,guff.com,good
12920,kutxabank.es,good
12921,ezanga.com,good
12922,yesbank.co.in,good
12923,everymac.com,good
12924,doujins.com,adult
12925,manga.ae,good
12926,gter.net,good
12927,acuityscheduling.com,good
12928,gamesofdesire.com,adult
12929,securebanklogin.com,malicious
12930,jr-odekake.net,good
12931,howlongtobeat.com,good
12932,elephant-ads.com,malicious
12933,hwcdn.net,good
12934,news-channel-live.com,good
12935,askmrrobot.com,good
12936,abaenglish.com,good
12937,kent.ac.uk,good
12938,sudaneseonline.com,good
12939,ratewrite.tmall.com,good
12940,fbi.gov,good
12941,olpair.com,good
12942,supercell.com,good
12943,nissan.co.jp,good
12944,shasha.ps,good
12945,subaru.com,good
12946,jjgirls.com,adult
12947,homedepot.com.mx,good
12948,vivaolinux.com.br,good
12949,uk.gov.in,good
12950,vicente-news.com,good
12951,paizo.com,good
12952,wsop.com,illegal
12953,bitconnect.co,malicious
12954,play-asia.com,good
12955,absoluporn.com,adult
12956,wanbizu.com,good
12957,anekdot.ru,good
12958,unian.net,good
12959,jira.com,good
12960,ingdirect.fr,good
12961,linux.cn,good
12962,farming-simulator.com,good
12963,anudetube.com,adult
12964,javmix.tv,adult
12965,lasexta.com,good
12966,filmesetorrent.net,illegal
12967,3ds.com,good
12968,rstudio.com,good
12969,finya.de,good
12970,thriveglobal.com,good
12971,huya.com,good
12972,ert.gr,good
12973,lioncomputer.ir,good
12974,jr-central.co.jp,good
12975,tiensmed.ru,good
12976,vesti-ukr.com,good
12977,avaaz.org,good
12978,topescortbabes.com,adult
12979,myvideo.ge,good
12980,coolpc.com.tw,good
12981,gaoqing.la,good
12982,trovit.co.in,good
12983,fonts2u.com,good
12984,dotnetperls.com,good
12985,naijavibes.com,good
12986,mylove.ru,good
12987,tentonhammer.com,good
12988,eligasht.com,good
12989,metmuseum.org,good
12990,zacks.com,good
12991,vozpopuli.com,good
12992,neko-san.fr,good
12993,smartworld.it,good
12994,mo999.net,good
12995,ddizi1.com,good
12996,manew.com,good
12997,turkishtv.ru,good
12998,mariowiki.com,good
12999,csgofast.com,illegal
13000,fdn.ir,good
13001,hiphopdx.com,good
13002,fastpopunder.com,malicious
13003,weeronline.nl,good
13004,otomania.com,good
13005,toroporno.com,adult
13006,astrology.com,good
13007,crucial.com,good
13008,internetslang.com,good
13009,tower.jp,good
13010,packageintransit.com,good
13011,ufc.tv,good
13012,ihned.cz,good
13013,tuwien.ac.at,good
13014,china-airlines.com,good
13015,shinhancard.com,good
13016,illinois.gov,good
13017,portal-rangi.com,good
13018,a1.net,good
13019,pyszne.pl,good
13020,capcom.co.jp,good
13021,pricecheck.co.za,good
13022,unjobs.org,good
13023,t.cn,good
13024,observer.com,good
13025,okmall.tw,good
13026,weeb.tv,good
13027,jumia.ci,good
13028,sur.ly,good
13029,trfmxt.com,good
13030,xp510.com,good
13031,go108.com.cn,good
13032,prozeny.cz,adult
13033,raiffeisen.ru,good
13034,upc.edu,good
13035,subf2m.co,malicious
13036,journaldemontreal.com,good
13037,quechoisir.org,good
13038,showmax.com,good
13039,shorouknews.com,good
13040,jpg4.club,adult
13041,wrierville.com,good
13042,huaren.us,good
13043,ua.es,good
13044,pointemout.com,good
13045,apexlearning.com,good
13046,pornokivi.net,adult
13047,hockey30.com,good
13048,googlesource.com,good
13049,amoma.com,good
13050,northerntool.com,good
13051,mgm.gov.tr,good
13052,am15.net,good
13053,ctc.ru,good
13054,salary.com,good
13055,sedaily.com,good
13056,kafeteria.pl,good
13057,wikiloc.com,good
13058,8tracks.com,good
13059,rada.gov.ua,good
13060,mature.nl,adult
13061,thisoldhouse.com,good
13062,dajie.com,good
13063,shared.com,good
13064,benesse.ne.jp,good
13065,thisiscolossal.com,good
13066,educamos.com,good
13067,nios.ac.in,good
13068,overclockzone.com,good
13069,1de10ecf04779.com,malicious
13070,championat.asia,good
13071,haspa.de,good
13072,uni-heidelberg.de,good
13073,trafficholder.com,good
13074,chinagate.cn,good
13075,maltapark.com,good
13076,udg.mx,good
13077,gaoloumi.com,good
13078,downloadvideosfrom.com,good
13079,milfmovs.com,adult
13080,www.ne.jp,good
13081,mop.com,good
13082,webnode.com,good
13083,osapublishing.org,good
13084,sej.co.jp,good
13085,despegar.com.ar,good
13086,30nama.today,good
13087,jisakutech.com,good
13088,telechargementz.tv,good
13089,post.ch,good
13090,cda-hd.pl,good
13091,fanli.com,good
13092,totalnewstoday.com,good
13093,steinberg.net,good
13094,watchcric.org,good
13095,tushy.com,adult
13096,minkabu.jp,good
13097,traders-community.com,good
13098,cheaperthandirt.com,good
13099,rentasic.com,good
13100,aafp.org,good
13101,qantas.com.au,good
13102,21csp.com.cn,good
13103,pnet.co.za,good
13104,encyclopedia.com,good
13105,mindtools.com,good
13106,bike-discount.de,good
13107,e-leclerc.com,good
13108,sinchew.com.my,good
13109,okazii.ro,good
13110,surfsecured.net,good
13111,allwomenstalk.com,good
13112,nix.ru,good
13113,ocnk.net,malicious
13114,starz.com,good
13115,fileinfo.com,good
13116,nbadraft.net,good
13117,olx.co.za,good
13118,smash.gg,good
13119,nextinpact.com,good
13120,digitizeindia.gov.in,good
13121,itsass.com,good
13122,wearehairy.com,adult
13123,hardreset.info,good
13124,style-style.com,good
13125,qattierflebnie.ru,malicious
13126,tellyupdates.com,good
13127,asm.org,good
13128,jobcan.jp,good
13129,seoul.co.kr,good
13130,public-api.wordpress.com,good
13131,siasat.pk,good
13132,asb.co.nz,good
13133,thewaycloud.com,good
13134,torrentbrazil.org,illegal
13135,dcrazed.com,good
13136,pornolomka.com,adult
13137,gamesdonequick.com,good
13138,chitai-gorod.ru,good
13139,ustc.edu.cn,good
13140,mr-johal.com,good
13141,msecnd.net,good
13142,cloudtime.to,good
13143,admission-postbac.fr,good
13144,crazyshit.com,adult
13145,bhinneka.com,good
13146,thelallantop.com,good
13147,nnews1.com,good
13148,ictv.ua,good
13149,sltrib.com,good
13150,pornototale.com,adult
13151,mangaeden.com,good
13152,findlaw.cn,good
13153,golfdigest.com,good
13154,gooya.com,good
13155,zdnet.co.kr,good
13156,novosti.rs,good
13157,allbesta.cc,malicious
13158,expedia.com.sg,good
13159,elempleo.com,good
13160,versus.com,good
13161,flypeach.com,good
13162,neakriti.gr,good
13163,kiosko.net,good
13164,rainews.it,good
13165,bricklink.com,good
13166,bomi.jp,good
13167,patrasevents.gr,good
13168,esteri.it,good
13169,kinogo-2017.com,malicious
13170,xrea.com,good
13171,infinitecampus.org,good
13172,tnews.co.th,good
13173,malwaretips.com,good
13174,newsis.com,good
13175,drikpanchang.com,good
13176,vistoenlasredes.com,good
13177,elle.ru,good
13178,planyournight.link,good
13179,se7ensins.com,good
13180,barchart.com,good
13181,mtbr.com,good
13182,adshort.co,malicious
13183,papy.co.jp,good
13184,carleton.ca,good
13185,chromecleanerpro.com,malicious
13186,freeform.go.com,good
13187,ncar.cc,good
13188,sahaj.co.in,good
13189,clicky.com,good
13190,distrowatch.com,good
13191,dohillright.com,good
13192,milfzr.com,adult
13193,beyondmenu.com,good
13194,free-css.com,good
13195,rice.edu,good
13196,psnine.com,good
13197,sarkarinaukridaily.in,good
13198,hellofresh.com,good
13199,couponcabin.com,good
13200,vulcan.net.pl,good
13201,ananmanan.lk,good
13202,sho.com,good
13203,firstdirect.com,good
13204,tuttoandroid.net,good
13205,amarktflow.com,good
13206,bessporno.tv,adult
13207,ok4ddelaj.ru,good
13208,thebrofessional.net,good
13209,putlocker.kim,illegal
13210,ghostxx.com,good
13211,dom2.ru,good
13212,smart-gsm.com,good
13213,manager-magazin.de,good
13214,filmehd.net,good
13215,mp.br,good
13216,filmpalast.to,good
13217,dominos.com.au,good
13218,viddyoze.com,good
13219,goplayslots.com,illegal
13220,nesine.com,illegal
13221,macshield.online,malicious
13222,englishclub.com,good
13223,pornolenta.tv,adult
13224,jetsetmag.com,good
13225,hackhome.com,malicious
13226,italotreno.it,good
13227,chipotle.com,good
13228,schulferien.org,good
13229,thepiratedownload.com,illegal
13230,pinsdaddy.com,adult
13231,bigpicture.ru,good
13232,gitter.im,good
13233,gnome.org,good
13234,riot-digital.com,good
13235,vcgbtlktbagb.com,malicious
13236,brit.co,good
13237,moed.gov.sy,good
13238,naasongs.audio,good
13239,lowes.ca,good
13240,zdic.net,good
13241,serials.be,good
13242,hea.cn,good
13243,standardchartered.com.hk,good
13244,romper.com,good
13245,irctctourism.com,good
13246,pixologic.com,good
13247,indiansexstories.net,adult
13248,bilgiustam.com,good
13249,vzw.com,good
13250,moondoge.co.in,good
13251,hh.kz,good
13252,spbu.ru,good
13253,dn.no,good
13254,biografiasyvidas.com,good
13255,kernel.org,good
13256,moto.it,good
13257,wmmail.ru,malicious
13258,business.gov.au,good
13259,bancopopolare.it,good
13260,kenrockwell.com,good
13261,psarips.com,good
13262,closermag.fr,good
13263,khinsider.com,good
13264,convert-jpg-to-pdf.net,good
13265,itjuzi.com,good
13266,ruposters.ru,good
13267,evz.ro,good
13268,elsiglodetorreon.com.mx,good
13269,nerfplz.com,good
13270,66cruises.com,good
13271,photoshopvip.net,good
13272,investors.com,good
13273,altibbi.com,good
13274,motorola.com,good
13275,vivastreet.co.uk,good
13276,akbank.com,good
13277,syfy.com,good
13278,ufret.jp,good
13279,beepcar.ru,good
13280,bestwestern.com,good
13281,heyvagroup.com,good
13282,vsnp.net,good
13283,campaign-archive1.com,good
13284,rsch.jp,good
13285,creativelive.com,good
13286,wmaraci.com,good
13287,harley-davidson.com,good
13288,tilegrafima.gr,good
13289,tournamentsoftware.com,good
13290,nrw.de,good
13291,latestfamilynews.com,good
13292,avtb678.com,good
13293,dlsite.net,good
13294,rocketlawyer.com,good
13295,travian.net,good
13296,tamilmatrimony.com,good
13297,brandsoftheworld.com,good
13298,griffith.edu.au,good
13299,themarker.com,good
13300,mforos.com,good
13301,sonystyle.com.cn,good
13302,xatakandroid.com,good
13303,v4.cc,good
13304,peixeurbano.com.br,good
13305,treehugger.com,good
13306,yes.xxx,adult
13307,myrealgames.com,good
13308,avon.com.br,good
13309,medialeaks.ru,good
13310,inspirobot.me,good
13311,watchwrestling.uno,good
13312,iitd.ac.in,good
13313,sreality.cz,good
13314,tworld.co.kr,good
13315,windfinder.com,good
13316,swtor.com,good
13317,nuaa.edu.cn,good
13318,360buyimg.com,good
13319,fullhdfilmizleyicisi.com,good
13320,tabi-labo.com,good
13321,solarcity.com,good
13322,ymail.com,good
13323,minecrafteo.com,malicious
13324,alba.co.kr,good
13325,axar.az,good
13326,xerox.com,good
13327,starstable.com,good
13328,investorplace.com,good
13329,sisal.it,illegal
13330,ufpr.br,good
13331,dicom.gob.ve,good
13332,findgofind.co,good
13333,gaokao.com,good
13334,wowma.jp,good
13335,timinternet.it,good
13336,myexception.cn,good
13337,elgoog.im,good
13338,bdo.com.ph,good
13339,lephoceen.fr,good
13340,iso.org,good
13341,unionbank.com,good
13342,synonym.com,good
13343,aritzia.com,good
13344,rakyatku.com,good
13345,lovetvshow.com,good
13346,vpgame.com,illegal
13347,rebuy.de,good
13348,japanhub.net,adult
13349,wedisk.co.kr,good
13350,justporno.sex,adult
13351,lenskart.com,good
13352,autoanything.com,good
13353,scirp.org,good
13354,addictivetips.com,good
13355,toy-people.com,good
13356,xitongcheng.com,good
13357,699pic.com,good
13358,autoscout24.be,good
13359,360grade.al,good
13360,gahe.com,good
13361,df.gov.br,good
13362,campusfrance.org,good
13363,cgmodel.cn,good
13364,singtao.ca,good
13365,bfsu.edu.cn,good
13366,eldorar.com,good
13367,enjoei.com.br,good
13368,google.co.zw,good
13369,linkomanija.net,malicious
13370,fxnetworks.com,good
13371,bitfun.co,good
13372,simplyrecipes.com,good
13373,papstream.com,good
13374,redbull.tv,good
13375,omiga-plus.com,good
13376,al3omk.com,good
13377,julesjordan.com,adult
13378,portaltvto.com,good
13379,enmasse.com,good
13380,9apps.com,good
13381,afzhan.com,good
13382,8761f9f83613.com,malicious
13383,torrentz2.me,illegal
13384,webhallen.com,good
13385,dm.de,good
13386,luc.edu,good
13387,tv3.lt,good
13388,ilireg.ir,good
13389,ilmkidunya.com,good
13390,easylife.tw,good
13391,haodou.com,good
13392,carscoops.com,good
13393,filmvf.cc,good
13394,pccasegear.com,good
13395,iphone-mania.jp,good
13396,recruitmentresult.com,good
13397,filesflash.net,good
13398,igraal.com,good
13399,shatelland.com,good
13400,chinadigitaltimes.net,good
13401,youyouku8.com,good
13402,nicequest.com,good
13403,rubyonrails.org,good
13404,app-liv.jp,good
13405,top90.ir,good
13406,insajderi.com,good
13407,animeland.tv,good
13408,51qe.cn,good
13409,themerkle.com,good
13410,canaltech.com.br,good
13411,juegosfriv2016.org,good
13412,telugumatrimony.com,good
13413,fastcodesign.com,good
13414,trkerrr.com,malicious
13415,2dfan.com,good
13416,sheshaft.com,adult
13417,yoke918.com,illegal
13418,yindou.com,good
13419,goodhouse.ru,good
13420,torrent-filmi.net,illegal
13421,dramakoreaindo.com,good
13422,jobbank.gc.ca,good
13423,evand.com,good
13424,fansshare.com,good
13425,pier1.com,good
13426,masterclass.com,good
13427,elitetorrent.website,illegal
13428,cars.co.za,good
13429,laizquierdadiario.com,good
13430,ikoh6ie.top,malicious
13431,lamiareport.gr,good
13432,notdoppler.com,good
13433,adopteunmec.com,adult
13434,flowlz.com,good
13435,bankofthewest.com,good
13436,hostgator.in,good
13437,shush.se,good
13438,webconsultas.com,good
13439,jobomas.com,good
13440,meteoinfo.ru,good
13441,topman.com,good
13442,fantlab.ru,good
13443,berliner-zeitung.de,good
13444,mebook.cc,good
13445,fidor.de,good
13446,successcds.net,good
13447,sverigesradio.se,good
13448,alestube.com,good
13449,megalyrics.ru,good
13450,haberts.com,good
13451,zalando.be,good
13452,gendama.jp,good
13453,portaleargo.it,good
13454,abof.com,good
13455,streamay.ws,good
13456,mdr.de,good
13457,rule34hentai.net,adult
13458,vsetv.com,good
13459,putlockerhd.co,illegal
13460,bangaholic.co,good
13461,xvideosmtm.com,adult
13462,miami.edu,good
13463,photokade.com,good
13464,kat.co.nz,good
13465,hasbro.com,good
13466,thehealthsite.com,good
13467,vivalocal.com,good
13468,mediavida.com,good
13469,mojifen.com,good
13470,zaif.jp,good
13471,bovada.lv,illegal
13472,thejigsawpuzzles.com,good
13473,thepsurvey.com,good
13474,sofmap.com,good
13475,mcskinsearch.com,good
13476,sdsu.edu,good
13477,rolloid.org,good
13478,oakley.com,good
13479,totalcar.hu,good
13480,nouonline.net,good
13481,91p12.space,malicious
13482,puzzle-english.com,good
13483,pembepanjur.com,good
13484,tonymacx86.com,good
13485,nk.pl,good
13486,needtoporn.com,adult
13487,all-inkl.com,good
13488,rqb.ir,good
13489,polito.it,good
13490,cao0002.com,malicious
13491,tabnakbato.ir,good
13492,latribune.fr,good
13493,openstack.org,good
13494,koovs.com,good
13495,significados.com,good
13496,watch-series.com,good
13497,8684.cn,good
13498,mediatemple.net,good
13499,sprashivalka.com,good
13500,siren24.com,good
13501,spartoo.com,good
13502,gjoyz.co,good
13503,ansarbank.com,good
13504,92to.com,good
13505,sgamer.com,good
13506,prisjakt.no,good
13507,eska.pl,good
13508,blogo.jp,good
13509,cedacri.it,good
13510,epidemicsound.com,good
13511,rexeret.online,malicious
13512,canyon.com,good
13513,orient-news.net,good
13514,price.ua,good
13515,catfly.com.br,good
13516,egyptair.com,good
13517,drafthouse.com,good
13518,senac.br,good
13519,lifehacker.com.au,good
13520,fxstreet.com,good
13521,sowetanlive.co.za,good
13522,hirezstudios.com,good
13523,olacabs.com,good
13524,surveymonkey.net,good
13525,gmx.fr,good
13526,chooseauto.com.cn,good
13527,tophatter.com,good
13528,paadalvarigal.com,good
13529,productreview.com.au,good
13530,goal.in.th,good
13531,jeux.fr,good
13532,counter-strike.net,good
13533,dbr.ee,good
13534,nosteam.ro,malicious
13535,macupdate.com,good
13536,coqnu.com,adult
13537,upload8.net,malicious
13538,ncku.edu.tw,good
13539,vip.wordpress.com,good
13540,baixarviatorrent.com.br,illegal
13541,biggboss10.me,good
13542,ruc.edu.cn,good
13543,blogjav.net,good
13544,jwvwak1a.com,good
13545,valueresearchonline.com,good
13546,cyberport.de,good
13547,caparran.com,good
13548,freewebcams.com,adult
13549,pcsx2.net,good
13550,ecourts.gov.in,good
13551,mrrebates.com,good
13552,mofcom.gov.cn,good
13553,teenee.com,good
13554,caichongwang.com,good
13555,commonfloor.com,good
13556,ozon.travel,good
13557,largehdtube.com,adult
13558,madmoizelle.com,good
13559,af.mil,good
13560,qj.com.cn,good
13561,qweasd1.com,good
13562,axsam.az,good
13563,infojobs.it,good
13564,btcherry.info,good
13565,gismeteo.lt,good
13566,pisos.com,good
13567,gnc.com,good
13568,x0.com,good
13569,konami.com,good
13570,asahi-net.or.jp,good
13571,bellemaison.jp,good
13572,k12.or.us,good
13573,turkpress.co,good
13574,bbv.com.ar,good
13575,uniprot.org,good
13576,hamburg.de,good
13577,joe.co.uk,good
13578,pcdiga.com,good
13579,leagueofgraphs.com,good
13580,ruenu.com,good
13581,hasoffers.com,good
13582,torrentsgames.org,illegal
13583,hikvision.com,good
13584,dating-snap.com,good
13585,rupornotube.me,adult
13586,tkmaxx.com,good
13587,tacobell.com,good
13588,totifiquo.com,good
13589,worldofwarships.com,good
13590,hentaicore.net,adult
13591,promodescuentos.com,good
13592,backstage.com,good
13593,osd.mil,good
13594,zdface.com,good
13595,auth.gr,good
13596,ne10.uol.com.br,good
13597,gamereleasedate.info,good
13598,egou.com,good
13599,queerty.com,good
13600,videostripe.com,good
13601,advice.co.th,good
13602,ccbill.com,good
13603,zip-rar.com,good
13604,sugobbs.com,good
13605,appinn.com,good
13606,kosmetista.ru,good
13607,mockupworld.co,good
13608,ac-versailles.fr,good
13609,outlook.cn,good
13610,levante-emv.com,good
13611,castorama.pl,good
13612,pornorama.com,adult
13613,cqu.edu.cn,good
13614,bookoffonline.co.jp,good
13615,cgv.co.kr,good
13616,gov.ao,good
13617,arbetsformedlingen.se,good
13618,multporn.com,adult
13619,unitedbankofindia.com,good
13620,unblocksites.co,malicious
13621,webmail-seguro.com.br,malicious
13622,fzmovies.net,good
13623,tokyo-hot.com,adult
13624,topcashback.com,good
13625,himselves.com,good
13626,tvcf.co.kr,good
13627,gum-gum-streaming.com,malicious
13628,oremanga.com,good
13629,uottawa.ca,good
13630,altinn.no,good
13631,tokyodisneyresort.jp,good
13632,sdpnoticias.com,good
13633,clker.com,good
13634,charmdate.com,good
13635,pcgarage.ro,good
13636,artnet.com,good
13637,hardmob.com.br,good
13638,thaiairways.com,good
13639,suddenlink.net,good
13640,swarovski.com,good
13641,dclinks.info,malicious
13642,fly4free.pl,good
13643,paper.li,good
13644,bb.org.bd,good
13645,tvonlinegratis1.com,good
13646,gamedesign.jp,good
13647,smmplanner.com,good
13648,nigma.ru,good
13649,blogtamsu.vn,good
13650,forebet.com,good
13651,poczta.home.pl,good
13652,pichau.com.br,good
13653,discas.net,good
13654,chanel.com,good
13655,steamcn.com,good
13656,covers.com,good
13657,iracing.com,good
13658,ummat.net,good
13659,lidl.it,good
13660,robotshop.com,good
13661,dot.gov,good
13662,seesaa.jp,good
13663,lidl.fr,good
13664,bncollege.com,good
13665,stfi.re,malicious
13666,goha.ru,good
13667,saat24.com,good
13668,openlibrary.org,good
13669,zybuluo.com,good
13670,stake7.com,illegal
13671,pokemon-matome.net,good
13672,theoldreader.com,good
13673,steamcardexchange.net,good
13674,proporn.com,adult
13675,kmplayer.com,good
13676,abritel.fr,good
13677,matsui.co.jp,good
13678,miles-and-more.com,good
13679,theladders.com,good
13680,youflix.is,good
13681,unadmexico.mx,good
13682,catchvideo.net,good
13683,voyeurweb.com,adult
13684,madmimi.com,good
13685,songfacts.com,good
13686,cxem.net,good
13687,gulesider.no,good
13688,sketchapp.com,good
13689,koreaba.com,good
13690,frontier.co.uk,good
13691,iisc.ernet.in,good
13692,arabtimes.bid,good
13693,ipsy.com,good
13694,melty.fr,good
13695,betterment.com,good
13696,greenhunt.gg,good
13697,myvideo.az,good
13698,pahe.in,good
13699,tuneuppctools.com,good
13700,dualpaste.net,good
13701,supersuis.men,malicious
13702,55online.ir,illegal
13703,midilibre.fr,good
13704,5156edu.com,good
13705,moviestab.com,good
13706,roham.ws,malicious
13707,interestingengineering.com,good
13708,playpcesor.com,malicious
13709,norisbank.de,good
13710,bnonline.fi.cr,malicious
13711,findyouraudience.online,good
13712,crohasit.com,good
13713,tmearn.com,good
13714,myjobhelper.com,good
13715,wbjeeb.nic.in,good
13716,avto.net,good
13717,uva.nl,good
13718,newsday.com,good
13719,saime.gob.ve,good
13720,elgiganten.se,good
13721,anntaylor.com,good
13722,webpagefx.com,good
13723,namshi.com,good
13724,indiafilings.com,good
13725,yourmechanic.com,good
13726,embedupload.com,good
13727,koreadaily.com,good
13728,hdsky.me,malicious
13729,download-free-fonts.com,malicious
13730,beliefnet.com,good
13731,epost.go.kr,good
13732,utk.edu,good
13733,resonabank.co.jp,good
13734,modanisa.com,good
13735,liveonlineradio.net,good
13736,bnc.com.ve,good
13737,freebunker.com,malicious
13738,piratefilmestorrent.com,illegal
13739,mzstatic.com,good
13740,autoexpress.co.uk,good
13741,iranfilms.co,good
13742,xxeronetxx.info,malicious
13743,crackingpatching.com,malicious
13744,genshuixue.com,good
13745,thisiswhyimbroke.com,good
13746,googletraveladservices.com,good
13747,ticketmaster.com.mx,good
13748,popyard.org,good
13749,xclient.info,malicious
13750,inbox.com,good
13751,tenplay.com.au,good
13752,bbwhf.com,malicious
13753,biquge.com.tw,good
13754,allover30.com,adult
13755,getapp.com,good
13756,zapmeta.fr,good
13757,jarm.com,good
13758,shapeways.com,good
13759,trivago.de,good
13760,reason.com,good
13761,whowhatwear.com,good
13762,rubias19.com,adult
13763,alkislarlayasiyorum.com,good
13764,bugaga.ru,good
13765,royanews.tv,good
13766,bank-maskan.ir,good
13767,kasamterepyaarki.me,good
13768,picbear.com,good
13769,igroutka.net,good
13770,pw.edu.pl,good
13771,zoombangla.com,good
13772,blabbermouth.net,good
13773,51test.net,good
13774,zhipin.com,good
13775,sustc.edu.cn,good
13776,bkstr.com,good
13777,tastyblacks.com,adult
13778,chinaacc.com,good
13779,worldstaruncut.com,adult
13780,sayidaty.net,good
13781,sexyandfunny.com,adult
13782,top10homeremedies.com,good
13783,andyroid.net,good
13784,tabletwise.com,good
13785,myaccountaccess.com,good
13786,downloadly.ir,malicious
13787,accaglobal.com,good
13788,atv.com.tr,good
13789,hawzah.net,good
13790,joinhandshake.com,good
13791,rueconomics.ru,good
13792,online-tech-tips.com,good
13793,wannonce.com,good
13794,mapsofworld.com,good
13795,sakh.com,good
13796,skyscanner.fr,good
13797,travelask.ru,good
13798,businesstoday.in,good
13799,babylon-software.com,good
13800,ashampoo.com,good
13801,sozialy.com,good
13802,sex3.com,adult
13803,mmorpgfree.ru,good
13804,orlandosentinel.com,good
13805,deyi.com,good
13806,ertk.net,good
13807,burbuja.info,good
13808,gva.be,good
13809,citehr.com,good
13810,csai.cn,good
13811,gear4music.com,good
13812,inkbunny.net,adult
13813,tasvirezendegi.com,good
13814,derwesten.de,good
13815,eff.org,good
13816,qianx6.com,malicious
13817,bd24report.com,good
13818,adidas.de,good
13819,vox-cdn.com,good
13820,meijer.com,good
13821,techowiz.com,good
13822,topsage.com,good
13823,managewp.com,good
13824,medyafaresi.com,good
13825,acronis.com,good
13826,byui.edu,good
13827,watchwrestling.in,good
13828,49bets10.com,illegal
13829,studiofutbol.com.ec,good
13830,periscope.tv,good
13831,clickmeeting.com,good
13832,cnn.gr,good
13833,instadating.club,good
13834,upbed.nic.in,good
13835,telstra.com,good
13836,cibex.xyz,good
13837,acg18.us,good
13838,fossil.com,good
13839,jsyks.com,good
13840,napster.com,good
13841,coalindia.in,good
13842,xjtour.com,good
13843,ibabyzone.cn,good
13844,meendorus.com,good
13845,mubi.com,good
13846,yooying.com,good
13847,shopfacil.com.br,good
13848,revcontent.com,good
13849,wooribank.com,good
13850,porseshkadeh.com,good
13851,silverchair-cdn.com,good
13852,yixiaoba.com,good
13853,sportchek.ca,good
13854,ant1iwo.com,malicious
13855,shouji56.com,good
13856,aut.ac.ir,good
13857,bugs.co.kr,good
13858,lvmama.com,good
13859,testonlinespeed.com,good
13860,imageban.ru,good
13861,5-tv.ru,good
13862,vertex42.com,good
13863,ebanking-services.com,good
13864,sololearn.com,good
13865,cancer.gov,good
13866,fxopen.com,good
13867,ys168.com,good
13868,alaoual.com,good
13869,coldfilm.ru,good
13870,talksport.com,good
13871,firmy.cz,good
13872,charlotterusse.com,good
13873,gol.mk,good
13874,dramacity.se,good
13875,mebank.ir,good
13876,23us.com,good
13877,korben.info,good
13878,mikocon.com,adult
13879,lulu.com,good
13880,higheredjobs.com,good
13881,gobiernodecanarias.org,good
13882,fanlibang.com,good
13883,googleoutlook.com,malicious
13884,comando-filmes.org,good
13885,screencast-o-matic.com,good
13886,csgolive.com,illegal
13887,rit.edu,good
13888,mydiv.net,good
13889,wines-info.com,good
13890,iod2.cn,good
13891,musicradar.com,good
13892,cv.ee,good
13893,myportfolio.com,good
13894,telesurtv.net,good
13895,wmj.ru,good
13896,nextshark.com,good
13897,s-oman.net,good
13898,viooz.ac,good
13899,yieldtraffic.com,good
13900,pcmastercard.ca,good
13901,coles.com.au,good
13902,drive2.com,good
13903,lectio.dk,good
13904,telekom.hu,good
13905,pornolandia.xxx,adult
13906,lifeinthefastlane.com,good
13907,parallels.com,good
13908,ad6media.fr,good
13909,mercedes-benz.com,good
13910,cduniverse.com,good
13911,dolldivine.com,good
13912,swr.de,good
13913,amiami.jp,good
13914,91p10.space,malicious
13915,bj-share.me,malicious
13916,szhome.com,good
13917,dist-app.com,good
13918,moe.gov.sa,good
13919,airfarewatchdog.com,good
13920,morefriv.com,good
13921,finnair.com,good
13922,russian-porn.online,adult
13923,kinarino.jp,good
13924,huobi.com,good
13925,ozvzmgvssaou.com,malicious
13926,manhuatai.com,good
13927,bicycling.com,good
13928,banyungong.org,good
13929,care2.com,good
13930,musicema.com,good
13931,topvideo.tj,good
13932,prosport.ro,good
13933,manageflitter.com,good
13934,devmedia.com.br,good
13935,lexigram.gr,good
13936,sipo.gov.cn,good
13937,tenhou.net,good
13938,qqm98.com,good
13939,cb2.com,good
13940,1plus1.ua,good
13941,filmorias.com,good
13942,arabstoday.net,good
13943,toneden.io,good
13944,technologycraze.net,good
13945,openworldnews.net,good
13946,ilsecoloxix.it,good
13947,daemon-tools.cc,malicious
13948,ipuadmissions.nic.in,good
13949,888casino.com,illegal
13950,pikolive.com,good
13951,brasil247.com,good
13952,upload.mn,good
13953,pucp.edu.pe,good
13954,yes24.vn,good
13955,carsdirect.com,good
13956,haosou.com,good
13957,realtek.com.tw,good
13958,bipwrite.com,good
13959,pornogratisdiario.com,adult
13960,piluli.kharkov.ua,good
13961,shippingeasy.com,good
13962,jpg2pdf.com,good
13963,rts.rs,good
13964,vitutor.com,good
13965,androidheadlines.com,good
13966,lzfvonzwjzhz.com,malicious
13967,bitcoin.it,good
13968,eghtesadeiranonline.com,good
13969,semptum.com,good
13970,kodi.wiki,good
13971,vwvortex.com,good
13972,nikkan-spa.jp,good
13973,qiushibaike.com,good
13974,pmu.fr,illegal
13975,h1bb.com,good
13976,fbr.gov.pk,good
13977,fhm.com.tw,adult
13978,bancogalicia.com,good
13979,avforums.com,good
13980,elkjop.no,good
13981,newzealandgirls.co.nz,adult
13982,letv.com,good
13983,trbonlineexams.in,good
13984,ripple.com,good
13985,norwegian.no,good
13986,open2ch.net,good
13987,rug.nl,good
13988,soccer.ru,good
13989,theoatmeal.com,good
13990,userecho.com,good
13991,pelismegahd.pe,good
13992,tigerdroppings.com,good
13993,locaweb.com.br,good
13994,bbvanetcash.com,good
13995,north-plus.net,good
13996,wi.gov,good
13997,tescobank.com,good
13998,awesomescreenshot.com,good
13999,bgzbnpparibas.pl,good
14000,smartschool.be,good
14001,egirlgames.net,good
14002,shlandscape.com,good
14003,rankia.com,good
14004,hentaimama.com,adult
14005,subjectpolitics.com,good
14006,simplenote.com,good
14007,cengagebrain.com,good
14008,suprafiles.co,malicious
14009,coolors.co,good
14010,couchtuner.fr,illegal
14011,ah.nl,good
14012,wireshark.org,good
14013,cretapost.gr,good
14014,yifile.com,good
14015,zaobao.com.sg,good
14016,thiendia.com,good
14017,hinative.com,good
14018,pdfconverterhq.com,good
14019,123greetings.com,good
14020,3lian.com,good
14021,photoshop.com,good
14022,planoinformativo.com,good
14023,pearsoned.com,good
14024,hostgator.com.br,good
14025,estrenosdtl.com,good
14026,toshiba.co.jp,good
14027,analog.com,good
14028,video-shock.net,good
14029,animetv.to,good
14030,landerforoffers.com,good
14031,dlisted.com,good
14032,ethiopianairlines.com,good
14033,yourcinema.tv,good
14034,imgspice.com,good
14035,streamxxx.tv,adult
14036,topnews.ru,good
14037,thepetitionsite.com,good
14038,aryion.com,good
14039,eurosportplayer.com,good
14040,whatschrome.org,good
14041,xcadr.com,good
14042,kitty-kats.net,good
14043,teleprogramma.pro,good
14044,trt.net.tr,good
14045,87643.net,good
14046,shoes.net.cn,good
14047,pornovideoshub.com,adult
14048,letsencrypt.org,good
14049,gofeminin.de,good
14050,niedziela.nl,good
14051,naekranie.pl,good
14052,topyaps.com,good
14053,padmapper.com,good
14054,sita.aero,good
14055,6068a17eed25.com,malicious
14056,appexus.review,malicious
14057,billiger.de,good
14058,altadefinizione.bid,illegal
14059,clipartpanda.com,good
14060,the-flow.ru,good
14061,wizaz.pl,good
14062,comunidades.net,good
14063,chinamobile.com,good
14064,pornozavr.net,adult
14065,hypestat.com,good
14066,mall.cz,good
14067,main-rutor.org,malicious
14068,darksky.net,good
14069,mybb.ru,good
14070,kayak.fr,good
14071,nacion.com,good
14072,mamicode.com,good
14073,anichart.net,good
14074,pornsocket.com,adult
14075,sokmil.com,good
14076,kriminalitas.com,good
14077,twoptrip.com,good
14078,jus.com.br,good
14079,futwiz.com,good
14080,gazprombank.ru,good
14081,videopornstories.com,adult
14082,hostiran.net,good
14083,skiplagged.com,good
14084,4oof.com,good
14085,sport5.co.il,good
14086,dtdc.in,good
14087,plataformaarquitectura.cl,good
14088,katohika.gr,good
14089,foody.vn,good
14090,allboxing.ru,good
14091,azureedge.net,good
14092,nrc.nl,good
14093,moviesdaa.com,good
14094,fixsub.com,good
14095,xinnet.com,good
14096,pokemongohub.net,good
14097,inmanga.com,good
14098,um.es,good
14099,radio.garden,good
14100,koreanturk.com,good
14101,dufile.com,malicious
14102,shazoo.ru,good
14103,bitsler.com,illegal
14104,seu.edu.cn,good
14105,pegast.ru,good
14106,sscadda.com,good
14107,socialbakers.com,good
14108,secure-booker.com,malicious
14109,uswitch.com,good
14110,iask.ca,good
14111,bangkokpost.com,good
14112,plus28.com,adult
14113,anime-sugoi.com,good
14114,nowvideo.li,malicious
14115,biglots.com,good
14116,niroensani.ir,good
14117,uzzf.com,malicious
14118,laguiadelvaron.com,good
14119,somon.tj,good
14120,yimg.jp,good
14121,discovercard.com,good
14122,helsinki.fi,good
14123,amazon.com.au,good
14124,perueduca.pe,good
14125,wildcase.com,good
14126,sccnn.com,good
14127,saaid.net,good
14128,ca.com,good
14129,mathletics.com,good
14130,pixelfederation.com,good
14131,remax.com,good
14132,playstation.net,good
14133,serials.ws,malicious
14134,bookmeter.com,good
14135,shaanig.org,good
14136,simozo.com,good
14137,atlaskhabar.ir,good
14138,kent.edu,good
14139,chuapp.com,good
14140,newser.com,good
14141,twinkl.co.uk,good
14142,tiscali.cz,good
14143,state.ma.us,good
14144,tra.gov.tw,good
14145,backpage.ca,illegal
14146,19d12dd9de1.com,malicious
14147,ganjoor.net,good
14148,behindthevoiceactors.com,good
14149,universfreebox.com,good
14150,radiozet.pl,good
14151,wtfast.com,good
14152,nationwide.com,good
14153,tmorez.com,good
14154,sovendus.com,good
14155,javacodegeeks.com,good
14156,local.com,good
14157,pornky.com,adult
14158,ewn.co.za,good
14159,zr.ru,good
14160,gstindia.com,good
14161,news-choice.net,good
14162,ttdsevaonline.com,good
14163,ymobile.jp,good
14164,keralamatrimony.com,good
14165,convertonlinefree.com,good
14166,shoryuken.com,good
14167,uoguelph.ca,good
14168,downace.com,good
14169,brownells.com,good
14170,aerlingus.com,good
14171,maturezilla.com,adult
14172,17jita.com,good
14173,largus.fr,good
14174,drivespark.com,good
14175,watchop.io,good
14176,easy2date.net,good
14177,momomall.com.tw,good
14178,planet-streaming.com,good
14179,fossbytes.com,good
14180,francebleu.fr,good
14181,otakumode.com,good
14182,pointtown.com,good
14183,pconline.com.cn,good
14184,poemhunter.com,good
14185,osinka.ru,good
14186,airbnb.com.br,good
14187,c4dsky.com,good
14188,leaf.tv,good
14189,vtracker.org,good
14190,niniweblog.com,good
14191,uoa.gr,good
14192,hongfire.com,good
14193,thebestgoodgame.com,good
14194,goodgame.ru,good
14195,engvid.com,good
14196,tapoos.com,good
14197,charlotteobserver.com,good
14198,educacion.es,good
14199,otakomu.jp,good
14200,0101.co.jp,good
14201,6.cn,good
14202,in.com,good
14203,ptbus.com,good
14204,limitsizamca.org,malicious
14205,wheninmanila.com,good
14206,nudevista.com.br,adult
14207,plaff-go.ru,malicious
14208,ffilms.org,malicious
14209,153105c2f9564.com,malicious
14210,ideone.com,good
14211,pmgdisha.in,good
14212,3367.com,good
14213,magix.com,good
14214,fourfourtwo.com,good
14215,qmaths.in,good
14216,frontgatetickets.com,good
14217,88beto.com,illegal
14218,au.dk,good
14219,metasrc.com,good
14220,sofoot.com,good
14221,anonym.to,good
14222,tumbex.com,good
14223,transfermarkt.com.tr,good
14224,saksoff5th.com,good
14225,beszamolok.com,good
14226,chronopost.fr,good
14227,thinkific.com,good
14228,pixiz.com,good
14229,aihami.com,good
14230,persiangfx.com,good
14231,veeam.com,good
14232,forbes.ru,good
14233,pcfreetime.com,good
14234,wikidata.org,good
14235,brainly.ph,good
14236,postimage.co.nr,good
14237,ixueshu.com,good
14238,pravoved.ru,good
14239,autoscout24.ch,good
14240,picstate.com,good
14241,roozno.com,good
14242,dynsrvaba.com,good
14243,gamestorrent.co,illegal
14244,digitalcitizen.life,good
14245,yournewswire.com,good
14246,asus.com.cn,good
14247,ncaa.com,good
14248,lionair.co.id,good
14249,265.com,good
14250,barnamenevis.org,good
14251,xelk.org,good
14252,listotic.com,good
14253,aliyuncs.com,good
14254,dtu.dk,good
14255,avaz.ba,good
14256,sm3na.com,good
14257,gapcanada.ca,good
14258,navigaweb.net,good
14259,ambafrance.org,good
14260,allitebooks.com,good
14261,email.uol.com.br,good
14262,straighttalk.com,good
14263,looperman.com,good
14264,theyoump3.com,malicious
14265,startpagina.nl,good
14266,bankcomm.com,good
14267,h65sd.com,malicious
14268,raag.me,good
14269,liderhaber.org,good
14270,algebra.com,good
14271,zhonghongwang.com,good
14272,hosteurope.de,good
14273,cztv.com,good
14274,sciencing.com,good
14275,metaffiliation.com,good
14276,coolmaterial.com,good
14277,searchtabnew.com,good
14278,cngold.org,good
14279,magister.net,good
14280,corazondemelon.es,good
14281,toyotafinancial.com,good
14282,honeyfeed.fm,good
14283,merrickbank.com,good
14284,educacion.gob.ar,good
14285,wps.cn,good
14286,profesia.sk,good
14287,dnspod.cn,good
14288,en-hyouban.com,good
14289,movavi.ru,good
14290,meeseva.gov.in,good
14291,pronhere.xyz,adult
14292,one.co.il,good
14293,banglarbhumi.gov.in,good
14294,tasteofcinema.com,good
14295,juanpi.com,good
14296,shahvani.com,adult
14297,xs.la,adult
14298,theadsteam.com,good
14299,emailsrvr.com,good
14300,wetpussygames.com,adult
14301,calend.ru,good
14302,mymodernmet.com,good
14303,desitvbox.net,good
14304,fasub.in,malicious
14305,bancomercantil.com,good
14306,state.ny.us,good
14307,whosdatedwho.com,good
14308,meo.pt,good
14309,igg-games.co,illegal
14310,gomovies.co,illegal
14311,ichunt.com,good
14312,cllkme.com,malicious
14313,mahidol.ac.th,good
14314,sabresonicweb.com,good
14315,twoplustwo.com,good
14316,melody4arab.com,good
14317,euskadi.eus,good
14318,roar.media,good
14319,birkenstock.com,good
14320,cmb.fr,good
14321,egouz.com,good
14322,nikonusa.com,good
14323,chipdip.ru,good
14324,seriesmeme.com,good
14325,babes.com,adult
14326,gomaps.co,good
14327,heteml.jp,good
14328,smhi.se,good
14329,hitleap.com,malicious
14330,motorsport-total.com,good
14331,koreanz.com.au,good
14332,paisdelosjuegos.com.co,good
14333,ollisbumsblog.com,good
14334,managertoday.com.tw,good
14335,95095.com,good
14336,chatspin.com,good
14337,s3blog.org,good
14338,fhda.edu,good
14339,nonghyup.com,good
14340,yepi.com,good
14341,3yg.xyz,malicious
14342,mangachan.me,adult
14343,job-mo.ru,good
14344,cybrary.it,good
14345,sennheiser.com,good
14346,workaway.info,good
14347,peopleanswers.com,good
14348,gulftalent.com,good
14349,2121.club,illegal
14350,pipipan.com,malicious
14351,oxvo.ru,good
14352,orztoon.co,good
14353,igeeksblog.com,good
14354,turo.com,good
14355,soccerstreams.net,good
14356,ricksteves.com,good
14357,usyd.edu.au,good
14358,torrentsmovies.net,illegal
14359,sunsu521.com,good
14360,portfolio.hu,good
14361,baykoreans.net,good
14362,javfinder.to,adult
14363,wayne.edu,good
14364,le10sport.com,good
14365,okchicas.com,good
14366,itaishinja.com,good
14367,webike.net,good
14368,giracoin.com,good
14369,schoolloop.com,good
14370,depaul.edu,good
14371,synology.me,good
14372,indeed.es,good
14373,weather.com.cn,good
14374,brighthouse.com,good
14375,unm.edu,good
14376,ultimasnoticias.com.ve,good
14377,onlineocr.net,good
14378,americanthinker.com,good
14379,87lou.com,good
14380,photofunia.com,good
14381,bada.tv,good
14382,eshield.com,good
14383,bayanbox.ir,good
14384,4players.de,good
14385,icontact.com,good
14386,sony.net,good
14387,watchonline.red,good
14388,hortonworks.com,good
14389,sfimg.com,good
14390,thefederalist.com,good
14391,mcsweeneys.net,good
14392,alvinalexander.com,good
14393,pakutaso.com,good
14394,educ.ar,good
14395,db.com,good
14396,tampabay.com,good
14397,cnmo.com,good
14398,smartasset.com,good
14399,autocentrum.pl,good
14400,clouddn.com,good
14401,worten.pt,good
14402,mhlearnsmart.com,good
14403,dotinstall.com,good
14404,fashionbeans.com,good
14405,tez-tour.com,good
14406,moj.go.jp,good
14407,drive.ru,good
14408,sportingvideo.org,good
14409,ptt.gov.tr,good
14410,etudiant.gouv.fr,good
14411,hkexpress.com,good
14412,paginasamarillas.es,good
14413,gonews24.com,good
14414,putlocker-9.co,malicious
14415,askfrank.net,good
14416,globes.co.il,good
14417,twilog.org,good
14418,airfrance.com,good
14419,adserving.pro,good
14420,checkmytrip.com,good
14421,callername.com,good
14422,webpagetest.org,good
14423,anekdotov.net,good
14424,ou.edu,good
14425,one-time-offer.com,malicious
14426,webdesignerdepot.com,good
14427,expireddomains.net,good
14428,erji.net,good
14429,thebump.com,good
14430,uplus.co.kr,good
14431,crichd.sc,good
14432,newsmemory.com,good
14433,mediamarkt.nl,good
14434,c4d.cn,good
14435,dxweather.com,good
14436,vub.sk,good
14437,scu.edu.cn,good
14438,gestiopolis.com,good
14439,abartazeha.com,good
14440,thefederalistpapers.org,good
14441,newpct.com,malicious
14442,lakeertv.com,good
14443,ferra.ru,good
14444,ub.ac.id,good
14445,burberry.com,good
14446,wikr.com,good
14447,filma24.tv,malicious
14448,ninfetasgratis.net,adult
14449,makeup.com.ua,good
14450,rosewholesale.com,good
14451,eghtesadonline.com,good
14452,life-saver.jp,good
14453,indeed.com.br,good
14454,gioco.it,illegal
14455,crx7601.com,malicious
14456,braintreegateway.com,good
14457,anonymox.net,good
14458,mobogenie.com,malicious
14459,baby-kingdom.com,good
14460,walesonline.co.uk,good
14461,ch.com,good
14462,nwanime.tv,good
14463,xilinjie.com,good
14464,eddirasa.com,good
14465,autogidas.lt,good
14466,subthai.co,good
14467,ponichka.com,good
14468,whu.edu.cn,good
14469,myfico.com,good
14470,okstate.edu,good
14471,car.ir,good
14472,bhu.co.kr,good
14473,gesetze-im-internet.de,good
14474,fitnessblender.com,good
14475,wondershare.jp,good
14476,computrabajo.com.pe,good
14477,the4thofficial.net,good
14478,macg.co,good
14479,al-akhbar.com,good
14480,boneprice.com,good
14481,scholars4dev.com,good
14482,deejay.it,good
14483,iwebs.site,good
14484,cityu.edu.hk,good
14485,unimi.it,good
14486,allafrica.com,good
14487,securenetsystems.net,good
14488,irandoc.ac.ir,good
14489,smartoffer.site,good
14490,24horas.cl,good
14491,mijnwoordenboek.nl,good
14492,stories.com,good
14493,biletbayisi.com,good
14494,uny.ac.id,good
14495,coned.com,good
14496,dolphin-emu.org,good
14497,xinwangdai.com.cn,good
14498,mobile-review.com,good
14499,shopee.co.th,good
14500,arbitr.ru,good
14501,qulishi.com,good
14502,talahost.com,good
14503,baiduyunpan.net,good
14504,fz222.com,good
14505,mirrormedia.mg,good
14506,9376ec23d50b1.com,malicious
14507,mediaplex.com,good
14508,kau.edu.sa,good
14509,eurostar.com,good
14510,skuola.net,good
14511,keepa.com,good
14512,ticketnew.com,good
14513,zhangw8.com,good
14514,bbs-tw.com,good
14515,rustory-news.ru,good
14516,elheddaf.com,good
14517,tuberel.com,good
14518,xrysoi.se,good
14519,dreamincode.net,good
14520,doktersehat.com,good
14521,qr-code-generator.com,good
14522,soton.ac.uk,good
14523,drugs-forum.com,illegal
14524,lusongsong.com,good
14525,thenest.com,good
14526,macdigger.ru,good
14527,euroresidentes.com,good
14528,dibe.gdn,malicious
14529,sonxeber.az,good
14530,myqnapcloud.com,good
14531,waldenu.edu,good
14532,memoireonline.com,good
14533,esakal.com,good
14534,karir.com,good
14535,onmeda.de,good
14536,pogodynka.pl,good
14537,sc.edu,good
14538,divxatope1.com,malicious
14539,superdrug.com,good
14540,fptshop.com.vn,good
14541,openbank.es,good
14542,dailyrecord.co.uk,good
14543,jogossantacasa.pt,illegal
14544,thecanary.co,good
14545,szlcsc.com,good
14546,myscrapnook.com,good
14547,sczw.com,good
14548,9876fhj.com,malicious
14549,longfiles.com,good
14550,getfirstcut.com,good
14551,modoo.at,good
14552,lwinpyin.com,good
14553,chainfire.eu,good
14554,sky-anime.com,good
14555,forumeiros.com,good
14556,yidio.com,good
14557,gigantti.fi,good
14558,qinqinbaby.com,good
14559,yesimright.com,good
14560,1lejend.com,good
14561,anonews.co,good
14562,pdftoimage.com,good
14563,gkstk.com,good
14564,mhxg.org,good
14565,ecvv.com,good
14566,imf.org,good
14567,share-links.biz,malicious
14568,ncert.nic.in,good
14569,tv-replay.fr,good
14570,jaidefinichon.com,good
14571,ac-grenoble.fr,good
14572,7-11.com.tw,good
14573,businessnews.com.tn,good
14574,cvut.cz,good
14575,hawtcelebs.com,good
14576,fivb.com,good
14577,bplans.com,good
14578,ashleyfurniturehomestore.com,good
14579,finam.ru,good
14580,peliculasmega1k.com,good
14581,quoracdn.net,good
14582,noonpresse.com,good
14583,1905.com,good
14584,ecoonline.ir,good
14585,hastanerandevu.gov.tr,good
14586,private.com,adult
14587,maduradas.com,good
14588,daniweb.com,good
14589,digiday.com,good
14590,itasportpress.it,good
14591,creditsesame.com,good
14592,mitelcel.com,good
14593,novelashdgratis.tv,good
14594,steelseries.com,good
14595,vibersex.com,adult
14596,radiosorna.com,good
14597,chinapress.com.my,good
14598,bossip.com,good
14599,uwa.edu.au,good
14600,coschedule.com,good
14601,shop-life.net,good
14602,taishinbank.com.tw,good
14603,wataan.com,good
14604,minitoon.net,good
14605,nigeria-mmm.net,illegal
14606,sfchronicle.com,good
14607,mymp3song.org,illegal
14608,lfbzmag.com,good
14609,fido.ca,good
14610,xz7.com,good
14611,unwetterzentrale.de,good
14612,railyatri.in,good
14613,almogaz.com,good
14614,baofeng.com,good
14615,tehnosila.ru,good
14616,telemagazyn.pl,good
14617,universalorlando.com,good
14618,n152adserv.com,malicious
14619,iproblet.com,good
14620,waplog.com,good
14621,rdvmedicaux.com,good
14622,hu-berlin.de,good
14623,kayak.co.uk,good
14624,zxbtz.cn,malicious
14625,typescriptlang.org,good
14626,plus500.com,illegal
14627,latintele.online,good
14628,dalfak.com,adult
14629,wellnessmama.com,good
14630,misoca.jp,good
14631,bohaishibei.com,good
14632,57mh.com,good
14633,oilfortunes.com,good
14634,hmrc.gov.uk,good
14635,orange.ro,good
14636,hugesharing.net,good
14637,shopyourway.com,good
14638,volarenovels.com,good
14639,uanl.mx,good
14640,playhub.biz,good
14641,afh32lkjwe.net,malicious
14642,gistreel.com,good
14643,vrabotuvanje.com.mk,good
14644,filfan.com,good
14645,fxxz.com,good
14646,dygod.net,good
14647,ipornovideos.xxx,adult
14648,wap4game.com,good
14649,zalora.com.my,good
14650,logmi.jp,good
14651,viperial5.co,malicious
14652,pinknews.co.uk,good
14653,getandroid.ir,malicious
14654,mec.ca,good
14655,pebx.pl,malicious
14656,freebox.fr,good
14657,cuidateplus.com,good
14658,jboss.org,good
14659,cricketwireless.com,good
14660,i-3-i.info,malicious
14661,catcut.net,good
14662,cheetahmail.com,good
14663,pkobp.pl,good
14664,nemadgang.dk,good
14665,saharareporters.com,good
14666,uploads.to,malicious
14667,hypovereinsbank.de,good
14668,peekvids.com,adult
14669,sport365.live,good
14670,ynepb.gov.cn,good
14671,salliemae.com,good
14672,carphonewarehouse.com,good
14673,omgubuntu.co.uk,good
14674,serasaconsumidor.com.br,good
14675,fotka.com,good
14676,firedrop.com,good
14677,orsay.com,good
14678,keepo.me,good
14679,generation-nt.com,good
14680,feelunique.com,good
14681,mid.ru,good
14682,psicologiaymente.net,good
14683,tripadvisor.com.tw,good
14684,influenster.com,good
14685,freshlive.tv,good
14686,legendei.com,good
14687,sobhetehran.com,good
14688,techsupportforum.com,good
14689,yicheshi.com,good
14690,hdfcsec.com,good
14691,chmotor.cn,good
14692,cbm.com.ar,good
14693,tuazar.com,good
14694,tips.net,good
14695,tagindex.com,good
14696,zalando.nl,good
14697,doviz.com,good
14698,liveam.tv,good
14699,tamilmv.io,good
14700,depedtambayanph.blogspot.com,good
14701,makro.co.za,good
14702,partsgeek.com,good
14703,javascript.ru,good
14704,budgetbytes.com,good
14705,nowinstock.net,good
14706,loveeto.ru,adult
14707,axfc.net,malicious
14708,oabt03.com,malicious
14709,sheetmusicplus.com,good
14710,bongda.com.vn,good
14711,work.go.kr,good
14712,socpublic.com,good
14713,dxomark.com,good
14714,searchtp.com,good
14715,cnscg.com,good
14716,newindianexpress.com,good
14717,dsebd.org,good
14718,polskieradio.pl,good
14719,demotivateur.fr,good
14720,nationalgridus.com,good
14721,tripit.com,good
14722,joara.com,good
14723,carters.com,good
14724,juegosonce.es,good
14725,rearfront.com,good
14726,le.ac.uk,good
14727,taopaipai.com,good
14728,mee6.xyz,good
14729,webnode.cz,good
14730,today.it,good
14731,cwtv.com,good
14732,readli.net,good
14733,3454.com,good
14734,xoredi.com,good
14735,sexporn99.info,adult
14736,getdrip.com,good
14737,groovehq.com,good
14738,fpsjp.net,good
14739,moeni.net,good
14740,geoguessr.com,good
14741,utwente.nl,good
14742,rus-porno.org,adult
14743,shirazsong.org,good
14744,hdvid.tv,good
14745,chmi.cz,good
14746,kimcurlrvsms.com,malicious
14747,internetplus.biz,good
14748,bbvafrances.com.ar,good
14749,polovniautomobili.com,good
14750,azofreeware.com,good
14751,ablesky.com,good
14752,itc.ua,good
14753,wbijam.pl,good
14754,sucuri.net,good
14755,yonkis.com,adult
14756,avio.pw,malicious
14757,edhrec.com,good
14758,5118.com,good
14759,croma.com,good
14760,davidwalsh.name,good
14761,new-innov.com,good
14762,thenational.ae,good
14763,bluemix.net,good
14764,iscorp.com,good
14765,sportingbet.com,illegal
14766,xinpianchang.com,good
14767,liveomg.com,adult
14768,coconala.com,good
14769,appone.com,good
14770,pandadoc.com,good
14771,nation-news.ru,good
14772,tomshardware.fr,good
14773,xbahis333.com,illegal
14774,raidbots.com,good
14775,youzu.com,good
14776,mega-billing.com,malicious
14777,bki.ir,good
14778,snapfish.com,good
14779,recordchina.co.jp,good
14780,tokyo-porn-tube.com,adult
14781,abscontal.com,good
14782,halocell.com,good
14783,clickppcbuzz.com,malicious
14784,mpasho.co.ke,good
14785,rusplt.ru,good
14786,kraftly.com,good
14787,uc.pt,good
14788,myschoolapp.com,good
14789,jacquieetmicheltv2.net,adult
14790,filmesonlineuhd.com,good
14791,nero.com,good
14792,band.uol.com.br,good
14793,sellfile.ir,good
14794,adbetclickin.pink,malicious
14795,bd-film.com,good
14796,oliveboard.in,good
14797,22find.com,good
14798,nianticlabs.com,good
14799,kcp.co.kr,good
14800,dietdoctor.com,good
14801,adnkronos.com,good
14802,koplayer.com,good
14803,ocaeanofgame.com,good
14804,handelsbanken.se,good
14805,enelenergia.it,good
14806,geny.com,good
14807,qqbaobao.com,good
14808,w3newspapers.com,good
14809,dvdsreleasedates.com,good
14810,comss.ru,malicious
14811,mesmobilea.com,malicious
14812,furusato-tax.jp,good
14813,techsupportalert.com,good
14814,politeka.net,good
14815,ichunqiu.com,good
14816,pc841.com,good
14817,travelplanet.in,good
14818,bz-berlin.de,good
14819,curtin.edu.au,good
14820,spdb.com.cn,good
14821,instantfap.com,adult
14822,mangazuki.co,good
14823,lecai.com,illegal
14824,darkorbit.com,good
14825,thedodo.com,good
14826,tplinkwifi.net,good
14827,cprogramming.com,good
14828,miningclub.info,good
14829,cgown.com,good
14830,ctrip.com.hk,good
14831,wegotthiscovered.com,good
14832,par30dl.com,good
14833,dvet.gov.in,good
14834,myer.com.au,good
14835,torrid.com,good
14836,bankofindia.co.in,good
14837,sportsmansguide.com,good
14838,engineeringtoolbox.com,good
14839,kaufda.de,good
14840,wetter.at,good
14841,popfastpop.com,malicious
14842,adressa.no,good
14843,softportal.com,good
14844,handbrake.fr,good
14845,moegirl.org,good
14846,dispatch.co.kr,good
14847,hawaaworld.com,good
14848,mytoys.de,good
14849,azquotes.com,good
14850,galeria-kaufhof.de,good
14851,dwu.ac.pg,good
14852,tvtoday.de,good
14853,irasutoya.com,good
14854,didyouknowfacts.com,good
14855,downloadgozar.ir,malicious
14856,mp3xd.com,malicious
14857,knowing-jesus.com,good
14858,hipwee.com,good
14859,scbeasy.com,good
14860,alraimedia.com,good
14861,gmatclub.com,good
14862,visir.is,good
14863,jeunesseglobal.com,good
14864,eu4wiki.com,good
14865,appsgeyser.com,good
14866,ageofempires.com,good
14867,pornclustertube.com,adult
14868,toronto.ca,good
14869,virtualpiano.net,good
14870,klmty.net,good
14871,nogizaka46.com,good
14872,speedcars.pw,good
14873,hostingpics.net,good
14874,sanwa.co.jp,good
14875,clipcake.com,good
14876,jav789.com,adult
14877,asiamiles.com,good
14878,palimas.tv,good
14879,muyinteresante.es,good
14880,smbcnikko.co.jp,good
14881,freepornq.com,adult
14882,xinshipu.com,good
14883,vfsvisaonline.com,good
14884,ourtime.com,good
14885,sf-helper.com,good
14886,moresisek.com,good
14887,trovit.com.mx,good
14888,leisu.com,good
14889,doyo.cn,good
14890,megapopads.com,malicious
14891,sport.ua,good
14892,roboform.com,good
14893,bongdaso.com,good
14894,vw.com,good
14895,tripadvisor.co.za,good
14896,ggtujtuyvcci.com,malicious
14897,capfriendly.com,good
14898,www.gov.hk,good
14899,shadowverse-portal.com,good
14900,mgtlocal.net,good
14901,poweriso.com,good
14902,shopee.com.my,good
14903,18374ir.com,malicious
14904,watchformytechstuff.com,good
14905,harrisbank.com,good
14906,intodns.com,good
14907,monster.fr,good
14908,sullca.com,good
14909,netaatoz.jp,good
14910,wq.lt,malicious
14911,euronics.it,good
14912,contactosecreto.com,good
14913,morphebrushes.com,good
14914,leagueesport.org,good
14915,ponparemall.com,good
14916,nitrado.net,good
14917,pornsex99.info,adult
14918,iust.ac.ir,good
14919,statarea.com,good
14920,lacounty.gov,good
14921,test.de,good
14922,lyricsmint.com,good
14923,cdaction.pl,good
14924,nabard.org,good
14925,g9.co.kr,good
14926,video-download.online,good
14927,highcharts.com,good
14928,dnswebhost.com,good
14929,dealsea.com,good
14930,infibeam.com,good
14931,hiapk.com,good
14932,nurxxx.mobi,adult
14933,statusbrew.com,good
14934,speakerdeck.com,good
14935,sephora.fr,good
14936,xoom.com,good
14937,sa.edu.au,good
14938,estadio.ec,good
14939,jobs.cz,good
14940,1stdibs.com,good
14941,movie2k.am,malicious
14942,runehq.com,good
14943,educacao.uol.com.br,good
14944,ipla.tv,good
14945,foreca.ru,good
14946,schoolsfirstfcu.org,good
14947,dealitright.click,malicious
14948,weszlo.com,good
14949,dhl-usa.com,good
14950,torrentoyunindir.com,illegal
14951,uploadrocket.net,malicious
14952,evat.ir,good
14953,bttiantang.org,illegal
14954,monash.edu.au,good
14955,augsburger-allgemeine.de,good
14956,sciencesetavenir.fr,good
14957,tvple.com,good
14958,filmesviatorrents.info,illegal
14959,qixin.com,good
14960,independent.com.mt,good
14961,mangooutlet.com,good
14962,armslist.com,illegal
14963,chengdu.cn,good
14964,free-ebooks.net,good
14965,cinemex.com,good
14966,econet.ru,good
14967,hermesworld.com,good
14968,goop.com,good
14969,delhivery.com,good
14970,gossip1.net,good
14971,warframe.market,good
14972,studyrama.com,good
14973,hawamer.com,good
14974,sahadan.com,good
14975,smallencode.com,good
14976,evozi.com,good
14977,gongkong.com,good
14978,pics.livejournal.com,good
14979,mondialrelay.fr,good
14980,whois.net,good
14981,waxfilm.net,good
14982,commsec.com.au,good
14983,bitporno.com,adult
14984,fastdrama.co,good
14985,dosya.tc,good
14986,damndelicious.net,good
14987,klout.com,good
14988,mcls.gov.ir,good
14989,teamunify.com,good
14990,grancursosonline.com.br,good
14991,danskebank.dk,good
14992,nocowanie.pl,good
14993,kinotut.tv,good
14994,nefisyemektarifleri.com,good
14995,forum.hr,good
14996,atna.jp,good
14997,phpnuke.org,good
14998,linkly.io,good
14999,leguide.com,good
15000,enworld.org,good
15001,pansoso.com,good
15002,7daydaily.com,good
15003,courrierinternational.com,good
15004,audiobookbay.me,illegal
15005,smitegame.com,good
15006,dollskill.com,good
15007,ati.su,malicious
15008,ukzn.ac.za,good
15009,typing.com,good
15010,ziare.com,good
15011,marugujarat.in,good
15012,windowsitpro.com,good
15013,waves.com,good
15014,ncrangola.com,good
15015,everlane.com,good
15016,makeawesomelife.com,good
15017,homeshop18.com,good
15018,congstar.de,good
15019,inkscape.org,good
15020,soutalomma.com,good
15021,vocaroo.com,good
15022,blobar.org,good
15023,tickets.ua,good
15024,prosieben.de,good
15025,jokerquiz.com,good
15026,mcbbs.net,good
15027,ab913aa797e78b3.com,malicious
15028,zalando.se,good
15029,bonobos.com,good
15030,mtv.it,good
15031,daimler.com,good
15032,65439.com,good
15033,hd-area.org,good
15034,hamrobazaar.com,good
15035,aldi.us,good
15036,iodata.jp,good
15037,tokyo-sports.co.jp,good
15038,gamemodding.net,good
15039,expres.cz,good
15040,mivo.com,good
15041,b.dk,good
15042,8notes.com,good
15043,tldp.org,good
15044,gold-price-today.com,good
15045,nos.pt,good
15046,netonnet.se,good
15047,tn.gov,good
15048,knowsky.com,good
15049,labioguia.com,good
15050,altex.ro,good
15051,samba.com,good
15052,ualexa.com,good
15053,noxxic.com,good
15054,hkej.com,good
15055,tubepornstars.com,adult
15056,seetickets.com,good
15057,e-food.gr,good
15058,dedbit.com,good
15059,ncl.ac.uk,good
15060,fullmatchesandshows.com,good
15061,case.edu,good
15062,turkhackteam.org,malicious
15063,topbanger.com,good
15064,phim14.net,good
15065,javhdmovies.com,adult
15066,c114.net,good
15067,macxdvd.com,good
15068,kiji.is,good
15069,scan.co.uk,good
15070,projectfreetv.us,illegal
15071,jobsalert.pk,good
15072,20a840a14a0ef7d6.com,malicious
15073,trustedshops.com,good
15074,livecoin.net,good
15075,dilei.it,good
15076,coinpole.com,good
15077,sansan.com,good
15078,localnewschannel7.online,good
15079,ecuagol.com,good
15080,popfastlite.com,good
15081,mnw.cn,good
15082,fatsecret.com,good
15083,abendblatt.de,good
15084,kinogo-net-2017.ru,malicious
15085,dakaractu.com,good
15086,iaai.com,good
15087,xclusivejams.xyz,good
15088,geekbrains.ru,good
15089,fbise.edu.pk,good
15090,afamily.vn,good
15091,herbeauty.co,good
15092,minted.com,good
15093,theaa.com,good
15094,miitbeian.gov.cn,good
15095,keepvidi.org,malicious
15096,morganstanley.com,good
15097,fashionsnap.com,good
15098,ais.co.th,good
15099,zdusercontent.com,good
15100,testportal.com.ua,good
15101,theeroticreview.com,adult
15102,quizzzat.net,good
15103,bollymoviereviewz.com,good
15104,dba-oracle.com,good
15105,belastingdienst.nl,good
15106,uni-assist.de,good
15107,punterforum.com,illegal
15108,lnmtl.com,good
15109,17house.com,good
15110,sub.jp,good
15111,packagist.org,good
15112,dressupgames.com,good
15113,alamaula.com,good
15114,ebs.co.kr,good
15115,losmovies.cc,illegal
15116,khmer24.com,good
15117,seriestorrent.tv,illegal
15118,ipma.pt,good
15119,cba.pl,good
15120,la7.it,good
15121,eonet.jp,good
15122,research-panel.jp,good
15123,egov.kz,good
15124,rapeton.com,good
15125,sage.com,good
15126,systembooster.info,malicious
15127,foxsports.com.br,good
15128,sauto.cz,good
15129,hdclub.org,good
15130,360nobs.com,good
15131,hmyquickconverter.com,good
15132,tothemaonline.com,good
15133,almanac.com,good
15134,internazionale.it,good
15135,muratordom.pl,good
15136,sosh.fr,good
15137,carthrottle.com,good
15138,bongdaplus.vn,good
15139,golfnow.com,good
15140,videosxxxputas.xxx,adult
15141,fdating.com,adult
15142,cafebiz.vn,good
15143,lovel3money.com,malicious
15144,hotspotshield.com,good
15145,pictoa.com,good
15146,kboing.com.br,good
15147,mensagenscomamor.com,good
15148,huffpost.com,good
15149,stats.gov.cn,good
15150,efiliale.de,good
15151,disclose.tv,good
15152,kotsovolos.gr,good
15153,lasprovincias.es,good
15154,pcmax.jp,good
15155,lordpopup.com,malicious
15156,klart.se,good
15157,societyofrock.com,good
15158,2mdn.net,good
15159,kununu.com,good
15160,chushou.tv,good
15161,google.com.sl,good
15162,rainymood.com,good
15163,beachbodyondemand.com,good
15164,buzzworthy.com,good
15165,dotahighlight.club,good
15166,shabakema.com,good
15167,get2ch.net,good
15168,nimingban.com,good
15169,cmoa.jp,good
15170,1news.az,good
15171,ant.design,good
15172,sinnercomics.com,good
15173,19216811.wiki,good
15174,curioos.com,good
15175,smosh.com,good
15176,openloadmovies.net,illegal
15177,pixivision.net,good
15178,pornonacionais.com,adult
15179,concordia.ca,good
15180,9553.com,good
15181,giustizia.it,good
15182,accordinggifts.racing,malicious
15183,huihui.cn,good
15184,rivalo71.com,illegal
15185,chromeactions.com,good
15186,ironna.jp,good
15187,abc7chicago.com,good
15188,threadless.com,good
15189,alyamanalaraby.com,good
15190,wealthyaffiliate.com,good
15191,shahiid-anime.net,good
15192,mca.gov.in,good
15193,ipsw.me,good
15194,norfipc.com,good
15195,1688.com.au,good
15196,incrivel.club,good
15197,momjunction.com,good
15198,urlaubspiraten.de,good
15199,presseportal.de,good
15200,mmotop.ru,good
15201,ay9244.com,malicious
15202,bigw.com.au,good
15203,bbcamerica.com,good
15204,u-f.ru,malicious
15205,capitaloneinvesting.com,good
15206,viralvds.com,malicious
15207,suny.edu,good
15208,whicdn.com,malicious
15209,groupon.es,good
15210,viraliq.com,malicious
15211,accuradio.com,good
15212,pymovie.co,good
15213,thebridge.jp,good
15214,yupptv.in,good
15215,geogebra.org,good
15216,hyperactivz.com,good
15217,hitosara.com,good
15218,subs4free.com,good
15219,kw.com,good
15220,southernliving.com,good
15221,sougouwiki.com,good
15222,tucao.tv,good
15223,segye.com,good
15224,fun.tv,good
15225,postjung.com,good
15226,dpd.com,good
15227,24livenewspaper.com,good
15228,hentaiheroes.com,adult
15229,silverscreen.cc,good
15230,arcanos.com,good
15231,stitcher.com,good
15232,chumsearch.com,good
15233,lotto.pl,illegal
15234,feidee.com,good
15235,thenorthface.com,good
15236,elementsbrowser.com,good
15237,yeadesktopbr.com,malicious
15238,ulozto.net,good
15239,weequizz.com,good
15240,jida.gdn,malicious
15241,bjhjyd.gov.cn,good
15242,gilabola.com,illegal
15243,eetop.cn,good
15244,docslide.net,good
15245,opensuse.org,good
15246,thetab.com,good
15247,shariyan.com,good
15248,zo.ee,good
15249,commonapp.org,good
15250,tripadvisor.com.hk,good
15251,yen.com.gh,good
15252,newstatesman.com,good
15253,bancoexterior.com,good
15254,ga.gov,good
15255,syoboi.jp,good
15256,letsrun.com,good
15257,promiedos.com.ar,good
15258,fin24.com,good
15259,gtu.ac.in,good
15260,nthu.edu.tw,good
15261,di.se,good
15262,rolex.com,good
15263,kepu.net.cn,good
15264,topmusic.uz,good
15265,jollychic.com,good
15266,bpinet.pt,good
15267,kija.gdn,malicious
15268,speedtest.cn,good
15269,takvim.com.tr,good
15270,egghead.io,good
15271,optimizely.com,good
15272,es.wix.com,good
15273,kapitalis.com,good
15274,erogamescape.dyndns.org,adult
15275,dogtime.com,good
15276,phcmb5mpf62o.ru,malicious
15277,go4up.com,good
15278,fantasy-worlds.org,good
15279,10x10.co.kr,good
15280,fitnessmagazine.com,good
15281,gotinder.com,good
15282,heroacademia2.com,good
15283,rosettastone.com,good
15284,onlineaccess1.com,good
15285,idol001.com,good
15286,anime47.com,good
15287,zipcar.com,good
15288,pics.ee,adult
15289,piratebayproxy.tf,illegal
15290,fawan.com,good
15291,bokingokin.pro,malicious
15292,mybogo.net,good
15293,sudinfo.be,good
15294,91danji.com,good
15295,fithacker.ru,malicious
15296,contw.com,good
15297,careers24.com,good
15298,jango.com,good
15299,ayoye.com,good
15300,volotea.com,good
15301,sinica.edu.tw,good
15302,arcadeprehacks.com,malicious
15303,collarspace.com,adult
15304,acesso.gov.pt,good
15305,ovid.com,good
15306,ara.cat,good
15307,ingrammicro.com,good
15308,pricetar.com,good
15309,asiatvdrama.com,good
15310,moeimg.net,good
15311,adhoc2.net,good
15312,androidhive.info,good
15313,gettvstreamnow.com,good
15314,danviet.vn,good
15315,netapp.com,good
15316,dailynews.co.th,good
15317,kir.jp,good
15318,parscenter.com,good
15319,domain.com,good
15320,cliquesteria.net,good
15321,ubldirect.com,good
15322,dailyqudrat.com,good
15323,polybius.io,good
15324,ubuntuusers.de,good
15325,pioncoo.net,good
15326,bjrbj.gov.cn,good
15327,birminghammail.co.uk,good
15328,mibet.com,good
15329,sarenza.com,good
15330,taleworlds.com,good
15331,cloudup.com,good
15332,soccerstand.com,good
15333,pr-cy.ru,good
15334,toofab.com,good
15335,gledalica.com,good
15336,pkstep.com,good
15337,yifytorrent.xyz,illegal
15338,makuake.com,good
15339,news.cn,good
15340,showmyhomework.co.uk,good
15341,tillys.com,good
15342,cagesideseats.com,good
15343,onedio.ru,good
15344,srchmgrh.com,malicious
15345,tedbaker.com,good
15346,lobi.co,good
15347,loudwire.com,good
15348,tfc.tv,good
15349,gem-flash.com,good
15350,solarmovie.net,illegal
15351,keras.io,good
15352,car-moby.jp,good
15353,jappy.com,good
15354,bikedekho.com,good
15355,cafezinhoguacu.com.br,good
15356,dashbo15myapp.com,malicious
15357,km.ru,good
15358,greenrushdaily.com,good
15359,dabang.pk,good
15360,accountingcoach.com,good
15361,1xbet.com,illegal
15362,aponline.gov.in,good
15363,autoscout24.com,good
15364,trend.az,good
15365,kaotic.com,adult
15366,act.org,good
15367,osaka.lg.jp,good
15368,spr.ru,good
15369,ct10000.com,malicious
15370,blogspot.rs,good
15371,sankeibiz.jp,good
15372,besttorrent.org,illegal
15373,graphicburger.com,good
15374,aeon.co,good
15375,thrivemarket.com,good
15376,espn.com.mx,good
15377,sahamyab.com,good
15378,kejixun.com,good
15379,leetchi.com,good
15380,leomanga.com,adult
15381,ncix.com,good
15382,tripadvisor.ie,good
15383,baiduyuns.com,malicious
15384,mnregaweb4.nic.in,good
15385,lacoste.com,good
15386,tizam.tv,adult
15387,bina.az,good
15388,mosenergosbyt.ru,good
15389,jobtome.com,good
15390,cityadspix.com,malicious
15391,trivago.com.tr,good
15392,libertymutual.com,good
15393,basketusa.com,good
15394,athensvoice.gr,good
15395,polnometrazhnoe-porno.video,adult
15396,scolinfo.net,good
15397,bang.com,adult
15398,iinet.net.au,good
15399,sobt8.com,malicious
15400,kit.edu,good
15401,sacitaslan.com,good
15402,walmartone.com,good
15403,tal.net,good
15404,gotceleb.com,good
15405,macro.com.ar,good
15406,isitdownrightnow.com,good
15407,compareraja.in,good
15408,newsthump.com,good
15409,girlsplay.com,adult
15410,654894.net,good
15411,free-av-douga.com,adult
15412,untappd.com,good
15413,refund2.tmall.com,good
15414,kinonews.ru,good
15415,2chcopipe.com,good
15416,stream-tv3.co,malicious
15417,ppdbjatim.net,good
15418,xy280.com,adult
15419,searchnow.com,good
15420,oplata.info,good
15421,impawards.com,good
15422,morgenpost.de,good
15423,onlinemapsearch.com,good
15424,fastmail.com,good
15425,pop-rev.com,good
15426,zanbil.ir,good
15427,softschools.com,good
15428,sims3pack.ru,good
15429,ufc.br,good
15430,eldolar.info,good
15431,myawesomecash.com,good
15432,vtt.tumblr.com,good
15433,spectator.co.uk,good
15434,gotoknow.org,good
15435,arabic-keyboard.org,good
15436,fpl.com,good
15437,uta.edu,good
15438,gulf-times.com,good
15439,galloniz.win,good
15440,apetube.com,adult
15441,goldtag.net,good
15442,piratestreaming.black,illegal
15443,allegorithmic.com,good
15444,quickheal.co.in,good
15445,iphonehacks.com,good
15446,i-say.com,good
15447,polskibus.com,good
15448,lanrentuku.com,good
15449,84529.com,good
15450,fichajes.com,good
15451,privateproperty.co.za,good
15452,qlik.com,good
15453,aptoide.com,good
15454,unibet.be,illegal
15455,theartistunion.com,good
15456,chaosgroup.com,good
15457,mapbar.com,good
15458,jubi.com,good
15459,kisssub.org,good
15460,alienwarearena.com,good
15461,thsrc.com.tw,good
15462,nijie.info,good
15463,saucenao.com,good
15464,joy.land,good
15465,sina.com.hk,good
15466,apkmonk.com,good
15467,hdfilmevreni.co,good
15468,ddooo.com,good
15469,themillionaireinpjs.com,good
15470,broadwayworld.com,good
15471,serif.com,good
15472,democracynow.org,good
15473,alvolante.it,good
15474,thedirty.com,adult
15475,politnavigator.net,good
15476,next-episode.net,good
15477,varsitytutors.com,good
15478,lotteimall.com,good
15479,crowdflower.io,good
15480,sportstg.com,good
15481,wangpansou.cn,good
15482,istar.cn,good
15483,despegar.com.mx,good
15484,cnrencai.com,good
15485,porn00.org,adult
15486,hotmovies.com,adult
15487,cjmall.com,good
15488,srmuniv.ac.in,good
15489,kariera.mk,good
15490,dvdprime.com,good
15491,iranproud.net,good
15492,syracuse.com,good
15493,ericsson.com,good
15494,football-italia.net,good
15495,sportingz.com,good
15496,jaewinter.com,good
15497,anastasiabeverlyhills.com,good
15498,ros.org,good
15499,starcrafthighlight.org,good
15500,nana10.co.il,good
15501,moe.edu.tw,good
15502,tuttojuve.com,good
15503,sqlservercentral.com,good
15504,redcross.org,good
15505,hanhande.com,good
15506,jharkhand.gov.in,good
15507,lifeplunge.com,good
15508,t-mobile.pl,good
15509,dl.free.fr,good
15510,postermywall.com,good
15511,gnezdo.ru,good
15512,ijjnews.com,good
15513,uc.cl,good
15514,weddingbee.com,good
15515,dpstreaming.watch,malicious
15516,raiffeisen.ch,good
15517,dailyentertainments.com,good
15518,singlove.com,good
15519,evidea.com,good
15520,apartmentfinder.com,good
15521,flyordie.com,good
15522,snuckls.com,good
15523,allbankonline.in,malicious
15524,auto-motor-und-sport.de,good
15525,xiwuji.com,good
15526,mercatomatureflirt.com,adult
15527,post-gazette.com,good
15528,animekompi.web.id,good
15529,ero-pixel.net,adult
15530,chrome.com,good
15531,homestead.com,good
15532,bankofmaharashtra.in,good
15533,secretworldlegends.com,good
15534,bensbargains.com,good
15535,gamerevolution.com,good
15536,polki.pl,good
15537,diariovasco.com,good
15538,partycity.com,good
15539,steepandcheap.com,good
15540,st-takla.org,good
15541,jwa.or.jp,good
15542,123movies.men,illegal
15543,rationalwiki.org,good
15544,free-telechargement.co,malicious
15545,transfermarkt.it,good
15546,valvesoftware.com,good
15547,adintrend.com,malicious
15548,god-boss.net,malicious
15549,myamcat.com,good
15550,asme.org,good
15551,cutt.us,malicious
15552,repairclinic.com,good
15553,colorado.gov,good
15554,uni-hamburg.de,good
15555,thescore.com,good
15556,maplin.co.uk,good
15557,cricket.com.au,good
15558,motosal.net,good
15559,tradecoinclub.com,illegal
15560,hopkinsmedicine.org,good
15561,girlg.com,adult
15562,diytrade.com,good
15563,bezaat.com,good
15564,unionesarda.it,good
15565,look-in.com.tw,good
15566,profit-opportunity.com,malicious
15567,swimoutlet.com,good
15568,trafficnews.jp,good
15569,contactform7.com,good
15570,empregandobrasil.com.br,good
15571,bostonherald.com,good
15572,thepioneerwoman.com,good
15573,checkplus.co.kr,good
15574,mbank.cz,good
15575,flv2mp3.org,good
15576,bigpicturepop.com,good
15577,limundo.com,good
15578,emag.bg,good
15579,sepe.gob.es,good
15580,gatehub.net,good
15581,kinosklad.net,good
15582,sun.mv,good
15583,news24.jp,good
15584,argep.hu,good
15585,guideastuces.com,good
15586,thenownews.org,good
15587,camernews.com,good
15588,uvm.edu,good
15589,cg.nic.in,good
15590,tom97.com,good
15591,107cine.com,good
15592,android.com.pl,good
15593,backerkit.com,good
15594,jizhangla.com,good
15595,ads.diamonds,good
15596,skyscanner.com.au,good
15597,urbanpro.com,good
15598,sidefx.com,good
15599,bancobai.ao,good
15600,culturainquieta.com,good
15601,funpicplanet.com,good
15602,wenkuxiazai.com,good
15603,faradeed.ir,good
15604,managershare.com,good
15605,71.net,good
15606,bebinak.com,good
15607,wanderu.com,good
15608,npupt.com,good
15609,hiamag.com,good
15610,pars.host,good
15611,indianporn.pro,adult
15612,worldofsolitaire.com,good
15613,madeeasy.in,good
15614,betanews.com,good
15615,ecstuning.com,good
15616,commercebank.com,good
15617,amadershomoy.biz,good
15618,jav321.com,adult
15619,eltrecetv.com.ar,good
15620,mixedmartialarts.com,good
15621,tomovie.net,good
15622,genie.co.kr,good
15623,groovypost.com,good
15624,samsung-firmware.org,good
15625,gazetametro.net,good
15626,tameteo.com,good
15627,fontsgeek.com,good
15628,nanamovies.com,good
15629,jobstreet.com,good
15630,lis99.com,good
15631,vogella.com,good
15632,tubeadultmovies.com,adult
15633,otkritkiok.ru,good
15634,sexgangsters.com,adult
15635,5858.com,illegal
15636,derwaza.cc,malicious
15637,ddunlimited.net,good
15638,g-cores.com,good
15639,lbb.de,good
15640,torrentunblock.com,illegal
15641,grabvideo.me,malicious
15642,vimeocdn.com,good
15643,bvg.de,good
15644,babyhome.com.tw,good
15645,indiankanoon.org,good
15646,fuwo.com,good
15647,curejoy.com,good
15648,2checkout.com,good
15649,asics.com,good
15650,madhyamam.com,good
15651,sexxxx.center,adult
15652,sfsu.edu,good
15653,pricena.com,good
15654,kankan.com,good
15655,dicelacancion.com,good
15656,hifi-forum.de,good
15657,imaging-resource.com,good
15658,izito.com.br,good
15659,slc.co.uk,good
15660,empireonline.com,good
15661,airbnb.co.in,good
15662,izito.it,good
15663,siap-online.com,good
15664,guarrasdelporno.xxx,adult
15665,freeiqquizz.com,good
15666,iwastesomuchtime.com,good
15667,viptijian.com,good
15668,wirelesshack.org,malicious
15669,jacquieetmicheltv.net,adult
15670,dnevnik.bg,good
15671,datadoghq.com,good
15672,jitunews.com,good
15673,votpusk.ru,good
15674,yok.gov.tr,good
15675,d17.cc,good
15676,jpmangabk.info,malicious
15677,phileweb.com,good
15678,talkenglish.com,good
15679,iwanbanaran.com,good
15680,infokosova.org,good
15681,bitcoin.de,good
15682,fajar.co.id,good
15683,kvbin.com,good
15684,ui.ac.id,good
15685,elpais.com.uy,good
15686,lwxs520.com,good
15687,raw-zip.com,good
15688,kat.ph,illegal
15689,porntui.com,adult
15690,bibliocad.com,good
15691,historylocker.com,good
15692,uqwimax.jp,good
15693,kadinlarkulubu.com,good
15694,ubuntu.org.cn,good
15695,seventorrents3.blue,malicious
15696,parentsdome.com,good
15697,yummly.co,good
15698,easygirls.info,adult
15699,zuanke8.com,good
15700,tubebuddy.com,good
15701,laprensa.hn,good
15702,invenglobal.com,good
15703,sikayetvar.com,good
15704,pocosmegashd.net,malicious
15705,thelott.com,illegal
15706,tibia.com,good
15707,soundbible.com,good
15708,eastdane.com,good
15709,viabcp.com,good
15710,fe95a992e6afb.com,malicious
15711,loanpride.com,good
15712,mediaelbalad.com,good
15713,dumbingofage.com,good
15714,sorayyanews.ir,good
15715,grammarist.com,good
15716,radiookapi.net,good
15717,chaoxing.com,good
15718,servipag.com,good
15719,mojebanka.cz,good
15720,queezie.com,good
15721,iskysoft.us,good
15722,y3600.com,good
15723,postnl.nl,good
15724,flashscore.ro,good
15725,hrdepartment.com,good
15726,myzaker.com,good
15727,electracard.com,good
15728,peta.org,good
15729,sports.fr,good
15730,dollartree.com,good
15731,google.org,good
15732,51offer.com,good
15733,jne.co.id,good
15734,gonzoxxxmovies.com,adult
15735,vive.com,good
15736,topfo.com,good
15737,fanjian.net,good
15738,f1-gate.com,good
15739,fotogramas.es,good
15740,yiwan.com,good
15741,peacefmonline.com,good
15742,ikoreantv.com,good
15743,istanbul.edu.tr,good
15744,quanmin.tv,good
15745,naointendo.com.br,good
15746,cookinglight.com,good
15747,flyscoot.com,good
15748,shingekinokyojin.tv,good
15749,baeldung.com,good
15750,angeinge.com,good
15751,freeimgup.com,good
15752,qooah.com,good
15753,finanzaonline.com,good
15754,proximus.be,good
15755,ornis.site,good
15756,portaleducacao.com.br,good
15757,der-postillon.com,good
15758,dobon.net,good
15759,greenend.org.uk,good
15760,fmscout.com,good
15761,192.com,good
15762,ispace1.com,good
15763,salud180.com,good
15764,videismo.net,good
15765,co188.com,good
15766,kasikornbank.com,good
15767,bhuonline.in,good
15768,la-croix.com,good
15769,teamsnap.com,good
15770,gocompare.com,good
15771,ingredients.it,good
15772,jobs.ac.uk,good
15773,bookbub.com,good
15774,rts.ch,good
15775,jayasrilanka.net,good
15776,pcworld.co.uk,good
15777,ofbindia.gov.in,good
15778,fir.im,good
15779,filmezz.eu,good
15780,chinabaike.com,good
15781,jabarprov.go.id,good
15782,adjara.com,good
15783,gota.io,good
15784,mercadolibre.com.ec,good
15785,ofigenno.com,good
15786,vipon.com,good
15787,wareable.com,good
15788,biketo.com,good
15789,dbrand.com,good
15790,libretexts.org,good
15791,lottedfs.com,good
15792,uplabs.com,good
15793,fc2web.com,good
15794,skapiec.pl,good
15795,saglik.gov.tr,good
15796,jakartagreater.com,good
15797,ffmpeg.org,good
15798,aeriagames.com,good
15799,bash.im,good
15800,remita.net,good
15801,wowow.co.jp,good
15802,unirioja.es,good
15803,wunderweib.de,good
15804,petardashd.com,malicious
15805,kech24.com,good
15806,ksta.de,good
15807,fulldiziizleyelim2.com,good
15808,autobazar.eu,good
15809,adsoftheworld.com,good
15810,cosplayjav.pl,adult
15811,utamap.com,good
15812,viewsnet.jp,good
15813,phalata.info,good
15814,intowindows.com,good
15815,notebookspec.com,good
15816,teamskeet.com,adult
15817,881903.com,good
15818,cycletrader.com,good
15819,imasters.com.br,good
15820,discord.pw,malicious
15821,geekwire.com,good
15822,busuu.com,good
15823,download.com.vn,good
15824,allposters.com,good
15825,myshared.ru,malicious
15826,beppegrillo.it,good
15827,qaynarinfo.az,good
15828,crooksandliars.com,good
15829,am.gov.br,good
15830,tradesy.com,good
15831,almayadeen.net,good
15832,sinembargo.mx,good
15833,jeu.info,illegal
15834,kleinezeitung.at,good
15835,cronista.com,good
15836,kakuyomu.jp,good
15837,withoutworking.com,good
15838,xender.com,good
15839,thefreethoughtproject.com,good
15840,roland.com,good
15841,zdravotvet.ru,good
15842,iqing.in,good
15843,zopbuy.com,good
15844,infopedia.pt,good
15845,hornbunny.com,adult
15846,csnbayarea.com,good
15847,themepunch.com,good
15848,yopmail.com,good
15849,extremesafebrands.com,good
15850,arhivach.org,good
15851,jagobd.com,good
15852,rulate.ru,good
15853,freshdesignweb.com,good
15854,btans.com,good
15855,wangpan007.com,good
15856,palmtube.com,good
15857,720video.tv,good
15858,hubvotrpjios.com,malicious
15859,gamefa.com,good
15860,thejakartapost.com,good
15861,tribuna.com,good
15862,luyou86f.com,good
15863,g5u.pw,good
15864,majmasti.in,good
15865,shaoit.com,good
15866,fxexchangerate.com,good
15867,jcyl.es,good
15868,adroll.com,good
15869,ftop.ru,good
15870,tgd.kr,good
15871,clubensayos.com,good
15872,joerogan.net,good
15873,ucdenver.edu,good
15874,riz1.info,good
15875,5ewin.com,good
15876,incestflix.com,adult
15877,mihandownload.com,good
15878,rocketleague.com,good
15879,shroomery.org,illegal
15880,sanwen.net,good
15881,hdcmct.org,good
15882,edwardjones.com,good
15883,ibo.org,good
15884,51ape.com,good
15885,diffen.com,good
15886,freebeacon.com,good
15887,huan.moe,good
15888,cgdc.com.cn,good
15889,thaivisa.com,good
15890,1d4chan.org,good
15891,lids.com,good
15892,coolstuffinc.com,good
15893,rtings.com,good
15894,3798.com,good
15895,workana.com,good
15896,nawex.xyz,good
15897,hockeydb.com,good
15898,solicita.info,good
15899,reviewjournal.com,good
15900,caniuse.com,good
15901,skyscanner.com.tr,good
15902,fiba.com,good
15903,trendingalleries.com,good
15904,chabad.org,good
15905,rncdn3.com,good
15906,dtf.ru,good
15907,onlinemapfinder.com,good
15908,89ads.com,good
15909,yaoichan.me,good
15910,trafficserving.com,good
15911,prozis.com,good
15912,ankieta-online.pl,good
15913,aotu17.com,good
15914,designbyhumans.com,good
15915,soundharborredirect.com,good
15916,hsbc.uk,good
15917,dayforcehcm.com,good
15918,creditviewdashboard.com,good
15919,shopotam.ru,good
15920,interno.it,good
15921,dushadevushki.club,adult
15922,belk.com,good
15923,learncbse.in,good
15924,trialeset.ru,malicious
15925,privatesportshop.fr,good
15926,forumias.com,good
15927,pussl20.com,adult
15928,heraldo.es,good
15929,wowcircle.com,good
15930,lgmi.com,good
15931,notebookcheck.com,good
15932,571xz.com,good
15933,tuboff.com,adult
15934,rr-sc.com,good
15935,jeuxonline.info,good
15936,bonus-spasibo.ru,illegal
15937,gfxtraz.com,malicious
15938,ntnu.edu.tw,good
15939,aviutl.info,good
15940,archives.gov,good
15941,netmums.com,good
15942,mydns.jp,good
15943,hostloc.com,good
15944,advrider.com,good
15945,pennlive.com,good
15946,myjobmag.com,good
15947,detroitnews.com,good
15948,gymshark.com,good
15949,sport24.co.za,good
15950,thedrive.com,good
15951,astrology-zodiac-signs.com,good
15952,brickseek.com,good
15953,ecitizen.go.ke,good
15954,aqa.org.uk,good
15955,tubepatrol.tv,adult
15956,princess.com,good
15957,mailjet.com,good
15958,ishuo.cn,good
15959,coincap.io,good
15960,porno-365.com,adult
15961,brandthunder.com,good
15962,freepps.top,malicious
15963,3618med.com,good
15964,portal.gov.bd,good
15965,bci.cl,good
15966,zaim.net,good
15967,teamup.com,good
15968,13.cl,good
15969,easycalculation.com,good
15970,jut.su,good
15971,clichy.press,good
15972,xboxachievements.com,good
15973,pastelin.com,good
15974,professionali.ru,good
15975,my-film.in,good
15976,ibercajadirecto.com,good
15977,gazetawroclawska.pl,good
15978,ctrlq.org,good
15979,tuparada.com,good
15980,jobhero.com,good
15981,immigration.govt.nz,good
15982,atmovies.com.tw,good
15983,askmefast.com,good
15984,rczagufykvpw.com,malicious
15985,xxhh.com,adult
15986,flighthub.com,good
15987,morfix.co.il,good
15988,dota2.com.cn,good
15989,igri-2012.ru,good
15990,filmstreaming1.com,good
15991,americafirst.com,good
15992,univverse.org,good
15993,diarioinformacion.com,good
15994,themeisle.com,good
15995,k12.nj.us,good
15996,auroravid.to,good
15997,moviesubtitles.org,good
15998,elhacker.net,good
15999,craigslist.co.uk,good
16000,miss-tramell.livejournal.com,good
16001,ua.edu,good
16002,flyingjizz.com,adult
16003,pokernews.com,illegal
16004,omicsonline.org,good
16005,shapeshift.io,illegal
16006,sbt.com.br,good
16007,jobs2careers.com,good
16008,upjers.com,good
16009,tuniscope.com,good
16010,freemp3now.me,malicious
16011,pro-tv.net,good
16012,shell.com,good
16013,jbmotion.online,good
16014,xuebuyuan.com,good
16015,resourcepack.net,good
16016,personal.com.ar,good
16017,aciprensa.com,good
16018,buecher.de,good
16019,friday.ru,good
16020,bnpparibas.net,good
16021,gorodrabot.ru,good
16022,unip.br,good
16023,entertainment14.net,good
16024,vietjetair.com,good
16025,geology.com,good
16026,wroclaw.pl,good
16027,foot01.com,good
16028,smartinsights.com,good
16029,clickvalidator.net,good
16030,jpfiles.eu,good
16031,v.ht,malicious
16032,portaleducativo.net,good
16033,clicktabs.net,malicious
16034,epublibre.org,good
16035,isvekurs.com,good
16036,cosmote.gr,good
16037,solidot.org,good
16038,atrapalo.com,good
16039,top-page.ru,good
16040,lojasrenner.com.br,good
16041,radio.de,good
16042,bewox.xyz,good
16043,mountainproject.com,good
16044,followone.com,good
16045,movistar.com.ve,good
16046,foxtrot.com.ua,good
16047,howtopronounce.com,good
16048,pravmir.ru,good
16049,newsyou.info,good
16050,cyclingweekly.com,good
16051,emag.hu,good
16052,24auto.ru,good
16053,citibank.com.tw,good
16054,onlinemeded.org,good
16055,ansible.com,good
16056,cricut.com,good
16057,bashan.com,good
16058,epson-europe.com,good
16059,di.fm,good
16060,rvtrader.com,good
16061,wstream.video,good
16062,prweb.com,good
16063,incompetech.com,good
16064,poyopara.com,good
16065,korbit.co.kr,good
16066,spectrocoin.com,good
16067,norauto.fr,good
16068,meltwater.com,good
16069,solarwinds.com,good
16070,searchmab.com,good
16071,cyzone.cn,good
16072,mulpix.com,good
16073,evanscycles.com,good
16074,liebertpub.com,good
16075,inss.gov.br,good
16076,hbs.edu,good
16077,everafterguide.net,good
16078,e-cigarette-forum.com,good
16079,bangumi.tv,good
16080,colorask.com,good
16081,desirulez.me,good
16082,fxopen.ru,good
16083,getgolds.life,illegal
16084,motor1.com,good
16085,profitcentr.com,good
16086,hostmonster.com,good
16087,blogspot.no,good
16088,zalando.no,good
16089,surfconext.nl,good
16090,paxful.com,illegal
16091,passthepopcorn.me,illegal
16092,hdems.com,good
16093,babelio.com,good
16094,helloidol.com,good
16095,wileyplus.com,good
16096,designspiration.net,good
16097,agora-web.jp,good
16098,fleshholehd.com,adult
16099,itzcash.com,good
16100,1ting.com,good
16101,keepass.info,good
16102,bing.net,good
16103,supergaminator.com,illegal
16104,cbinsights.com,good
16105,statisticshowto.com,good
16106,dangbei.com,good
16107,bookvip.com,good
16108,dailyhive.com,good
16109,xilinx.com,good
16110,9news.com,good
16111,gaia.com,good
16112,zbiornik.com,good
16113,jinti.com,good
16114,marathonbet.com,illegal
16115,hd-porn.me,adult
16116,transunion.com,good
16117,xtapes.to,adult
16118,lineq.jp,good
16119,eddiebauer.com,good
16120,eleconomista.com.mx,good
16121,forumotion.com,good
16122,2chcn.com,good
16123,bjs.com,good
16124,namely.com,good
16125,castcertificatewb.gov.in,good
16126,audible.de,good
16127,e23.cn,good
16128,iconosquare.com,good
16129,driverupdate.net,malicious
16130,uni-trier.de,good
16131,zalando.ch,good
16132,targeo.pl,good
16133,tk.de,good
16134,sencha.com,good
16135,directionsandmap.com,good
16136,ikon.mn,good
16137,techufo.in,good
16138,bezformata.ru,good
16139,soufun.com,good
16140,webmail.co.za,good
16141,totalwar.com,good
16142,aadharcarduid.com,malicious
16143,champssports.com,good
16144,torrent-series24.com,illegal
16145,icio.us,good
16146,gungho.jp,good
16147,ebookjapan.jp,good
16148,bdyunso.com,malicious
16149,seattlepi.com,good
16150,antenna.gr,good
16151,bnc.ca,good
16152,yeahmobi.com,good
16153,pix11.com,good
16154,animesvision.net,good
16155,swoodoo.com,good
16156,funsaber.net,good
16157,google.com.pa,good
16158,yurticikargo.com,good
16159,tblop.com,adult
16160,a1on.mk,good
16161,bund.de,good
16162,soccermanager.com,good
16163,wetplace.com,adult
16164,xrares.com,good
16165,gunnerkrigg.com,good
16166,goobike.com,good
16167,foodtecsolutions.com,good
16168,he.net,good
16169,humana.com,good
16170,superbuy.com,good
16171,damnlol.com,good
16172,mlaib.com,good
16173,ceporn.net,adult
16174,dion.ne.jp,good
16175,auto.cz,good
16176,kachelmannwetter.com,good
16177,trend-tech.net,good
16178,zbrushcentral.com,good
16179,convio.net,good
16180,id97.com,good
16181,epochconverter.com,good
16182,leasticoulddo.com,good
16183,nielit.gov.in,good
16184,boostmobile.com,good
16185,emarsys.net,good
16186,ablogtowatch.com,good
16187,sabacloud.com,good
16188,hdslb.com,good
16189,degruyter.com,good
16190,offersupply.com,good
16191,zwdu.com,good
16192,pdpop.com,good
16193,cdjapan.co.jp,good
16194,skillport.com,good
16195,storeofporntube.com,adult
16196,mbl.is,good
16197,bupt.edu.cn,good
16198,coinbulb.com,good
16199,gusto.com,good
16200,rarelust.com,adult
16201,type.jp,good
16202,ngcareers.com,good
16203,getrelax.club,good
16204,edna.cz,good
16205,vz.lt,good
16206,gaym.jp,good
16207,brooksbrothers.com,good
16208,humanity.com,good
16209,gls-italy.com,good
16210,jenkins.io,good
16211,radiocut.fm,good
16212,zfilm-hd.club,malicious
16213,ebi.ac.uk,good
16214,asarayan.com,good
16215,dqx.jp,good
16216,narutoplanet.ru,good
16217,popo.cn,good
16218,djye.com,good
16219,juggly.cn,good
16220,studiofow.com,adult
16221,yiiframework.com,good
16222,shaamtimes.net,good
16223,cuatro.com,good
16224,400zg.com,good
16225,douglas.de,good
16226,earthcam.com,good
16227,cool-style.com.tw,good
16228,playfulbet.com,illegal
16229,searchengines.guru,good
16230,co-operativebank.co.uk,good
16231,es.gov.br,good
16232,roberthalf.com,good
16233,thebiglead.com,good
16234,kajgana.com,good
16235,utro.ru,good
16236,xunyingwang.com,good
16237,testdevelocidad.es,good
16238,wordfind.com,good
16239,zamg.ac.at,good
16240,torrentiko.net,illegal
16241,energy.gov,good
16242,bdysou.com,good
16243,canon-europe.com,good
16244,oikotie.fi,good
16245,umontreal.ca,good
16246,driveridentifier.com,good
16247,yachtworld.com,good
16248,hs-sites.com,good
16249,ng.ru,good
16250,merchantshares.com,good
16251,motory.com,good
16252,artlebedev.ru,good
16253,kudago.com,good
16254,entertainmentcrave.com,good
16255,kinogo-smotret.net,illegal
16256,1001goroskop.ru,good
16257,trionworlds.com,good
16258,cmbc.com.cn,good
16259,grandars.ru,good
16260,xoyo.com,good
16261,factinate.com,good
16262,theme.co,good
16263,powerball.com,good
16264,serato.com,good
16265,mensjournal.com,good
16266,superteacherworksheets.com,good
16267,ptet2017.com,good
16268,mom.gov.sg,good
16269,rui.jp,good
16270,yiqi.com,good
16271,bowenpress.com,good
16272,bringatrailer.com,good
16273,9292.nl,good
16274,wildberries.by,good
16275,wayfair.co.uk,good
16276,8teenxxx.com,adult
16277,vizer.tv,good
16278,ebuxa.net,good
16279,tums.ac.ir,good
16280,hdhome.org,good
16281,road.cc,good
16282,usen.com,good
16283,peeplink.in,good
16284,vivaldi.com,good
16285,brookings.edu,good
16286,boxtv.com,good
16287,emasr.net,good
16288,relaxbanking.it,good
16289,exclusiveoffer.today,good
16290,music611.com,good
16291,javbuz.com,adult
16292,mac-torrents.com,illegal
16293,hktvmall.com,good
16294,aqicn.org,good
16295,gymhuntr.com,good
16296,pokemongolive.com,good
16297,squawka.com,good
16298,losandes.com.ar,good
16299,huaweidevice.co.in,good
16300,fapvid.com,adult
16301,estatesales.net,good
16302,aq.com,good
16303,educadegree.com,good
16304,trycaviar.com,good
16305,ekiten.jp,good
16306,propertyguru.com.sg,good
16307,voyeurstyle.com,adult
16308,seur.com,good
16309,pandia.ru,good
16310,zk71.com,good
16311,lapelotona.com,good
16312,searchenginewatch.com,good
16313,prospects.ac.uk,good
16314,maxfashion.in,good
16315,rsbuddy.com,good
16316,smp.ne.jp,good
16317,soundgasm.net,adult
16318,8080.net,good
16319,ripost.hu,good
16320,beautybay.com,good
16321,smadav.net,good
16322,magicmovies.com,good
16323,anime1.me,good
16324,letmacworkfaster.life,malicious
16325,kitguru.net,good
16326,utfpr.edu.br,good
16327,varunamultimedia.com,good
16328,mediacongo.net,good
16329,revolvy.com,good
16330,purewow.com,good
16331,radiopotok.ru,good
16332,passwordsgenerator.net,good
16333,refresher.sk,good
16334,gong.bg,good
16335,wjyt-china.org,good
16336,opengapps.org,good
16337,girlfriendgalleries.net,adult
16338,post-survey.com,good
16339,businessnewsdaily.com,good
16340,printful.com,good
16341,lacuarta.com,good
16342,ielts.org,good
16343,hokudai.ac.jp,good
16344,xivdb.com,good
16345,yelp.de,good
16346,keyakizaka46.com,good
16347,segmentnext.com,good
16348,dopa.com,good
16349,quia.com,good
16350,bytes.com,good
16351,autotrader.co.za,good
16352,holidify.com,good
16353,cloudera.com,good
16354,ceder2016.info,good
16355,santeplusmag.com,good
16356,sermoncentral.com,good
16357,topcpm.com,good
16358,netdoktor.de,good
16359,shisu.edu.cn,good
16360,koalabeast.com,good
16361,win2day.at,illegal
16362,junglescout.com,good
16363,tradesparq.com,good
16364,ingovtjob.com,good
16365,media-amazon.com,good
16366,highpin.cn,good
16367,say7.info,good
16368,questraworld.es,good
16369,careerconnection.jp,good
16370,movieinsider.com,good
16371,lp-2017.com,malicious
16372,tripadvisor.co.nz,good
16373,freecycle.org,good
16374,kuyhaa-android19.com,malicious
16375,youcanbook.me,good
16376,youtube-video-download.info,malicious
16377,hdkinomax.tv,adult
16378,gamewear.xyz,good
16379,guardian.ng,good
16380,lpsg.com,adult
16381,wondershare.es,good
16382,skinsjar.com,good
16383,quikpayasp.com,good
16384,diariosur.es,good
16385,wealthfront.com,good
16386,maxpreps.com,good
16387,tradepub.com,good
16388,computeruniverse.net,good
16389,bubuko.com,good
16390,tes-game.ru,good
16391,makeupalley.com,good
16392,ird.govt.nz,good
16393,best.io,good
16394,monstergulf.com,good
16395,xpgod.com,good
16396,flalottery.com,illegal
16397,suprnova.cc,malicious
16398,cheshi.com,good
16399,allnurses.com,good
16400,opticsplanet.com,good
16401,uploadfiles.eu,good
16402,notonthehighstreet.com,good
16403,snn.ir,good
16404,cineworld.co.uk,good
16405,softcatalog.info,good
16406,browserstack.com,good
16407,differencebetween.net,good
16408,pirateunblocker.info,malicious
16409,jobs.nhs.uk,good
16410,seedmm.com,adult
16411,mysms.com,good
16412,playnow.guru,illegal
16413,divascancook.com,good
16414,austincc.edu,good
16415,magiquiz.com,good
16416,freeforumzone.com,good
16417,obi.ru,good
16418,repec.org,good
16419,sexgalaxy.net,adult
16420,target.com.au,good
16421,twc.com,good
16422,financialpost.com,good
16423,aldoshoes.com,good
16424,sumibuy.com,good
16425,csgoempire.com,illegal
16426,bankofchina.com,good
16427,sj.se,good
16428,xcams.nl,adult
16429,farmers.com,good
16430,bestchange.com,good
16431,airblue.com,good
16432,flagma.ru,good
16433,job592.com,good
16434,xunta.es,good
16435,wikiversity.org,good
16436,kingtraffic.net,good
16437,news-front.info,good
16438,mp3kart.co,good
16439,boattrader.com,good
16440,airbnb.co.kr,good
16441,hiworks.com,good
16442,americanmilitarynews.com,good
16443,sonos.com,good
16444,mailtrack.io,good
16445,k12.in.us,good
16446,gaoqingkong.com,good
16447,tvc.ru,good
16448,digitalmarketer.com,good
16449,claimbtc.com,malicious
16450,pornolaba.com,adult
16451,uam.es,good
16452,scnu.edu.cn,good
16453,serverdata.net,good
16454,chess-results.com,good
16455,rlsnet.ru,good
16456,cpabien.co,good
16457,kurnik.pl,good
16458,oprah.com,good
16459,bossvideotube.com,adult
16460,afdah.to,adult
16461,solecollector.com,good
16462,comfy.ua,good
16463,thestranger.com,good
16464,prometric.com,good
16465,iplaysoft.com,good
16466,mega-mult.ru,good
16467,ono.es,good
16468,searchome.net,good
16469,workopolis.com,good
16470,soccerladuma.co.za,good
16471,adameve.com,adult
16472,eurosport.de,good
16473,irantalent.com,good
16474,nhattao.com,good
16475,facenews.ua,good
16476,sketchappsources.com,good
16477,hcltech.com,good
16478,lainformacion.com,good
16479,eropolis.hu,adult
16480,eng-entrance.com,good
16481,celebsroulette.com,illegal
16482,lalamoulati.net,good
16483,torontomls.net,good
16484,iitkgp.ernet.in,good
16485,1881.no,good
16486,uploadmor.com,malicious
16487,gooddrama.to,good
16488,cad-comic.com,good
16489,homebank.kz,good
16490,yoob.com,good
16491,chineseinla.com,good
16492,bjjs.gov.cn,good
16493,babypips.com,good
16494,bpost.be,good
16495,anydesk.com,good
16496,watch5s.rs,malicious
16497,kora.com,good
16498,putlocker.ist,illegal
16499,infocert.it,good
16500,lettera43.it,good
16501,boeing.com,good
16502,139site.com,good
16503,aagag.com,good
16504,mtvp05j.com,good
16505,mcssl.com,good
16506,ytddownloader.com,good
16507,pasateatorrent.com,illegal
16508,privatter.net,adult
16509,volkswagen.de,good
16510,biginterview.com,good
16511,chiquitests.com,good
16512,orgyxxxhub.com,adult
16513,21ic.com,good
16514,haiwainet.cn,good
16515,autotask.net,good
16516,gurushots.com,good
16517,i1515.com,good
16518,ads9.com,good
16519,laarena.com.ar,good
16520,sbu.ac.ir,good
16521,qcw.com,good
16522,hermes.com,good
16523,pakistanjobsbank.com,good
16524,noob-club.ru,good
16525,dm530.net,good
16526,maltatoday.com.mt,good
16527,aeromexico.com,good
16528,codecamp.jp,good
16529,pbccrc.org.cn,good
16530,openvpn.net,good
16531,nenkin.go.jp,good
16532,google.me,good
16533,ishtartv.com,good
16534,16xx8.com,good
16535,hsselite.com,good
16536,evrl.to,good
16537,cbn.com,good
16538,finder.com.au,good
16539,britmethod.co,good
16540,roshd.ir,good
16541,stayfriends.de,good
16542,jpopsuki.eu,good
16543,globe.com.ph,good
16544,transformice.com,good
16545,24timezones.com,good
16546,tfwiki.net,good
16547,cari.com.my,good
16548,smartdraw.com,good
16549,ac-illust.com,good
16550,deal.by,good
16551,el-tareeq.net,good
16552,vouchercodes.co.uk,good
16553,epey.com,good
16554,5ka.ru,good
16555,kuantokusta.pt,good
16556,thedrum.com,good
16557,iscarmg.com,good
16558,hmetro.com.my,good
16559,gori.me,good
16560,elearningontario.ca,good
16561,dtvideo.com,good
16562,webteb.com,good
16563,parspack.com,good
16564,hoerzu.de,good
16565,shinden.pl,good
16566,wdzj.com,good
16567,odn.ne.jp,good
16568,e-podroznik.pl,good
16569,newstudio.tv,good
16570,pornoboss.tv,adult
16571,jasminedirectory.com,good
16572,jeja.pl,good
16573,trainingpeaks.com,good
16574,fccs.com,good
16575,pururin.us,adult
16576,otonarisoku.com,adult
16577,ptcl.com.pk,good
16578,static.tumblr.com,good
16579,mtv.com.lb,good
16580,buyhj.com,malicious
16581,asivaespana.com,good
16582,wps.com,good
16583,huffingtonpost.com.au,good
16584,ma-bimbo.com,good
16585,duoyi.com,good
16586,globovision.com,good
16587,postupi.online,good
16588,doverstreetmarket.com,good
16589,allaboutvision.com,good
16590,lge.com,good
16591,storypick.com,good
16592,afr.com,good
16593,2859548-windows.top,malicious
16594,ladylike.gr,good
16595,concursosnobrasil.com.br,good
16596,raagalahari.com,good
16597,a.com.cn,good
16598,voetbalzone.nl,good
16599,pornovore.fr,adult
16600,ck12.org,good
16601,todopelishd.com,good
16602,usi-tech.info,good
16603,fraghero.com,good
16604,freeformatter.com,good
16605,geihui.com,good
16606,aliway.com,good
16607,kprofiles.com,good
16608,naitimp3.ru,good
16609,gramota.ru,good
16610,huckberry.com,good
16611,nationstates.net,good
16612,ok365.com,good
16613,fashionmodeldirectory.com,good
16614,7tor.download,malicious
16615,pornk.biz,adult
16616,3dcartstores.com,good
16617,kukudm.com,good
16618,nic.ru,good
16619,cartomad.com,good
16620,kanpuruniversity.org,good
16621,univ-lorraine.fr,good
16622,nap.edu,good
16623,geekologie.com,good
16624,sextubespot.com,adult
16625,milaap.org,good
16626,thehun.net,adult
16627,semantic-ui.com,good
16628,gotomypc.com,good
16629,sba.gov,good
16630,ifood.com.br,good
16631,bbci.co.uk,good
16632,ingresso.com,good
16633,8264.com,good
16634,dilidili.wang,good
16635,toolur.com,good
16636,justgetflux.com,good
16637,hrs.de,good
16638,tripadvisor.com.sg,good
16639,uns.ac.id,good
16640,allpeliculas.com,good
16641,applyabroad.org,good
16642,skatteverket.se,good
16643,skyvector.com,good
16644,steamstat.us,good
16645,turtella.ru,good
16646,gsxt.gov.cn,good
16647,made.com,good
16648,shihuo.cn,good
16649,unifi.it,good
16650,transdoc.com,good
16651,cfake.com,malicious
16652,pornburst.xxx,adult
16653,democraticunderground.com,good
16654,indiainfoline.com,good
16655,9cache.com,good
16656,bluestacks-cloud.appspot.com,good
16657,oitestes.com,malicious
16658,giftdervy.stream,malicious
16659,playmxm.com,good
16660,standardnews.com,good
16661,paymentwall.com,good
16662,ruelala.com,good
16663,celebmafia.com,good
16664,pinkvilla.com,good
16665,voonik.com,good
16666,spravker.ru,good
16667,aboutyou.de,good
16668,searchs.cn,good
16669,vivaaerobus.com,good
16670,questionpro.com,good
16671,palmodeal.com,good
16672,zarahome.com,good
16673,alphatv.gr,good
16674,insearchoftheworldsmostbeautifulwoman.com,good
16675,k12.va.us,good
16676,songclubs.com,good
16677,bronto.com,good
16678,consumer.es,good
16679,matomecup.com,good
16680,onlinecasinoreports.com,illegal
16681,adtchrome.com,good
16682,thegeekstuff.com,good
16683,cdon.se,good
16684,javtasty.com,adult
16685,eng-tips.com,good
16686,mlbshop.com,good
16687,disk-space.ru,good
16688,dyn.com,good
16689,oneopinion.com,good
16690,justhost.com,good
16691,forrent.com,good
16692,calorizator.ru,good
16693,baahrakhari.com,good
16694,travis-ci.org,good
16695,dotpay.pl,good
16696,df.eu,good
16697,onepiece-naruto.com,good
16698,ariba.com,good
16699,state.co.us,good
16700,generalassemb.ly,good
16701,filmovizija.ws,good
16702,pansou.com,good
16703,liqui.io,good
16704,bkjia.com,good
16705,element3ds.com,good
16706,blogspot.bg,good
16707,heute.de,good
16708,komonews.com,good
16709,actstudent.org,good
16710,techqa.info,good
16711,logicool.co.jp,good
16712,techopedia.com,good
16713,shlac.com,good
16714,mrutor.org,good
16715,projectwatchseries.com,illegal
16716,ohio.edu,good
16717,ascii2d.net,good
16718,911cha.com,good
16719,spreaker.com,good
16720,syr.edu,good
16721,social-funding-project.info,malicious
16722,gate.cc,good
16723,getpostman.com,good
16724,e-taxes.gov.az,good
16725,kepuchina.cn,good
16726,groupon.pl,good
16727,duote.com,good
16728,alt-torrent.com,illegal
16729,godic.net,good
16730,gt-worldwide.com,good
16731,mrmoneymustache.com,good
16732,smashladder.com,good
16733,sosharethis.com,good
16734,mansionglobal.com,good
16735,mycbseguide.com,good
16736,bestgame.directory,good
16737,123movies.re,illegal
16738,mihanwp.com,good
16739,kienthuc.net.vn,good
16740,cinerama.uz,good
16741,konkur.in,good
16742,thedroidguy.com,good
16743,dezide.com,good
16744,ziroom.com,good
16745,chelseafc.com,good
16746,autocar.co.uk,good
16747,228.com.cn,good
16748,aljarida24.ma,good
16749,ku.ac.th,good
16750,indiaglitz.com,good
16751,chilindo.com,good
16752,ogo-go.info,good
16753,full-serie.biz,good
16754,davidsbridal.com,good
16755,zdbb.net,good
16756,videograbber.net,good
16757,weiyangx.com,good
16758,xywy.com,good
16759,sintelevisor.com,good
16760,spektrum.de,good
16761,postd.cc,good
16762,totoria.org,good
16763,fex.net,good
16764,opodo.fr,good
16765,vuzopedia.ru,good
16766,78dm.net,good
16767,holiday-weather.com,good
16768,xxxkinky.com,adult
16769,nec.com,good
16770,jahannews.com,good
16771,chessbase.com,good
16772,p-world.co.jp,good
16773,dxlive.com,adult
16774,mvmtwatches.com,good
16775,modernghana.com,good
16776,izlenzi.com,good
16777,ff14wiki.info,good
16778,campaignmonitor.com,good
16779,fap.to,adult
16780,supercoloring.com,good
16781,escience.cn,good
16782,olx.com.ec,good
16783,dnevnik.ru,good
16784,livestock.com,good
16785,oneclickchicks.com,adult
16786,kwestiasmaku.com,good
16787,watchjavonline.com,adult
16788,repelisplus.com,good
16789,bpergroup.net,good
16790,sportsinteraction.com,illegal
16791,dododo30.com,good
16792,xtremetop100.com,good
16793,infomaniak.com,good
16794,prodirectsoccer.com,good
16795,softmonetize.com,good
16796,wallstreet-online.de,good
16797,karaoke.ru,good
16798,videocardbenchmark.net,good
16799,npb.jp,good
16800,infor.com,good
16801,twitchy.com,good
16802,ponta.jp,good
16803,gaytube.com,adult
16804,jizzoid.com,adult
16805,creative.com,good
16806,ebay.pl,good
16807,etsystudio.com,good
16808,behmusic.com,good
16809,manporn.xxx,adult
16810,sssvitlans.tumblr.com,good
16811,venus.com,good
16812,zarplata.ru,good
16813,es.tl,good
16814,gazettereview.com,good
16815,toprankers.com,good
16816,sijlnueeertd.com,malicious
16817,kingoapp.com,good
16818,user-bust.ru,malicious
16819,xiazhu.com,good
16820,organicfacts.net,good
16821,thuisbezorgd.nl,good
16822,uni-leipzig.de,good
16823,anwap.org,malicious
16824,auto24.ee,good
16825,hyperdia.com,good
16826,bynogame.com,good
16827,deutschlandfunk.de,good
16828,xxx.com,adult
16829,reference-sexe.com,adult
16830,techworm.net,good
16831,uillinois.edu,good
16832,novinhagostosa10.com,adult
16833,hpshopping.in,good
16834,ariva.de,good
16835,creditcards.com,good
16836,tabletki.ua,good
16837,kiplinger.com,good
16838,kinokopilka.pro,good
16839,upantool.com,good
16840,nontonanime.org,good
16841,splix.io,good
16842,playsexgames.xxx,adult
16843,a1b1ea8f418ca02ad4e.com,malicious
16844,ilaiki.net,good
16845,javadrive.jp,good
16846,mouse-jp.co.jp,good
16847,51talk.com,good
16848,tradownload.biz,malicious
16849,wickets.tv,good
16850,easyhits4u.com,malicious
16851,filmesonlinenopcgratis.net,malicious
16852,jpflmmxdflmm.com,malicious
16853,globalbankingandfinance.com,good
16854,die.net,good
16855,pokermatch.com,illegal
16856,jarb.gdn,malicious
16857,mybank.com.tw,good
16858,standvirtual.com,good
16859,mapbox.com,good
16860,ulozto.sk,good
16861,nbcnewyork.com,good
16862,inacap.cl,good
16863,mirknig.su,good
16864,pgyer.com,good
16865,payaneh.ir,good
16866,itheima.com,good
16867,vitalworldnews.com,good
16868,radins.com,good
16869,tiendeo.com,good
16870,werockgaming.com,good
16871,w3cschool.cn,good
16872,penfed.org,good
16873,oysho.com,good
16874,monster.ca,good
16875,torrent-tv.ru,illegal
16876,coca-cola.com,good
16877,allindiajobs.in,good
16878,publika.az,good
16879,laughingcolours.com,good
16880,admission.gov.sd,good
16881,in-pocasi.cz,good
16882,authorstream.com,good
16883,palmerreport.com,good
16884,kemono-friendsch.com,good
16885,casio.com,good
16886,mastergrad.com,good
16887,myminifactory.com,good
16888,local.ch,good
16889,mydish.com,good
16890,eva.vn,good
16891,wtatennis.com,good
16892,dealbada.com,good
16893,wiziq.com,good
16894,healthcaresource.com,good
16895,tsa.gov,good
16896,mdzol.com,good
16897,meghdadit.com,good
16898,mclass.com.br,good
16899,teachingenglish.org.uk,good
16900,mindspark.com,good
16901,mrantifun.net,malicious
16902,gamevicio.com,good
16903,replicon.com,good
16904,lebara.com,good
16905,uncommongoods.com,good
16906,fcc.gov,good
16907,ip.cn,good
16908,kaymu.pk,good
16909,opnaratv.com,good
16910,jheberg.net,good
16911,worldsex.com,adult
16912,eriones.com,adult
16913,collegepravesh.com,good
16914,mweb.co.za,good
16915,etherfaucet.co,good
16916,nulab-inc.com,good
16917,pruffme.com,good
16918,google.td,good
16919,vnplay.xyz,illegal
16920,informburo.kz,good
16921,86kx.com,good
16922,apadena.ir,good
16923,uab.cat,good
16924,cnad.com,good
16925,pinterest.dk,good
16926,opm.gov,good
16927,iasbaba.com,good
16928,1point3acres.com,good
16929,dedeman.ro,good
16930,cibeg.com,good
16931,video2brain.com,good
16932,pwr.edu.pl,good
16933,maizhee.com,good
16934,uxpin.com,good
16935,packagecontrol.io,good
16936,uzh.ch,good
16937,fontspring.com,good
16938,jdpay.com,good
16939,plateau.com,good
16940,gamiss.com,good
16941,col3negoriginal.co.uk,malicious
16942,imagesnake.com,adult
16943,galya.ru,good
16944,hiroshima-u.ac.jp,good
16945,dazn.com,good
16946,creately.com,good
16947,decathlon.de,good
16948,citibank.com.hk,good
16949,quanjing.com,good
16950,thepiratebay.red,illegal
16951,vccoo.com,good
16952,xxxvogue.net,adult
16953,playbill.com,good
16954,tsukumo.co.jp,good
16955,lodash.com,good
16956,7daystodie.com,good
16957,topdocumentaryfilms.com,good
16958,thereformation.com,good
16959,vixen.com,adult
16960,costcophotocenter.com,good
16961,ultrasawt.com,good
16962,ubisoft.org,good
16963,glastonburyfestivals.co.uk,good
16964,ziyoufang.com,good
16965,cpagrip.com,good
16966,marxists.org,good
16967,sysu.edu.cn,good
16968,blizzard.cn,good
16969,newsbtc.com,good
16970,green-japan.com,good
16971,btctrade.com,good
16972,coolermaster.com,good
16973,binbaz.org.sa,good
16974,decathlon.ru,good
16975,appnexus.com,good
16976,classpass.com,good
16977,aflamneek.com,adult
16978,nodud.com,good
16979,maigoo.com,good
16980,informador.com.mx,good
16981,famousfootwear.com,good
16982,bit.ly,good
16983,skyscanner.com.tw,good
16984,soopat.com,good
16985,telugustop.com,good
16986,repostuj.pl,good
16987,physicsandmathstutor.com,good
16988,czechcasting.com,adult
16989,vidcloud.org,good
16990,livefoot.fr,good
16991,torrentefilmes.com,illegal
16992,langenscheidt.com,good
16993,lakersnation.com,good
16994,kontan.co.id,good
16995,kipb.gdn,malicious
16996,9duw.com,adult
16997,zbozi.cz,good
16998,btcache.me,malicious
16999,aalto.fi,good
17000,expressjs.com,good
17001,dickblick.com,good
17002,apa.az,good
17003,uni-frankfurt.de,good
17004,conway.life,good
17005,webnode.es,good
17006,toto-dream.com,illegal
17007,reviversoft.com,good
17008,milliyetemlak.com,good
17009,monosnap.com,good
17010,zongheng.com,good
17011,h2o.com,good
17012,gyanipandit.com,good
17013,edaboard.com,good
17014,dailybasis.com,good
17015,t-mobilebankowe.pl,good
17016,sky.com.br,good
17017,tehrankala.com,good
17018,haoyer.com,good
17019,goodsmile.info,good
17020,idg.se,good
17021,ulule.com,good
17022,alibonus.com,good
17023,tfpdl.de,malicious
17024,tripadvisor.com.gr,good
17025,urle.co,malicious
17026,yellowpages.com.au,good
17027,amara.org,good
17028,liligo.fr,good
17029,radaris.com,good
17030,boun.edu.tr,good
17031,szeretlekmagyarorszag.hu,good
17032,xilu.com,good
17033,valu.is,good
17034,logitravel.com,good
17035,bikeforums.net,good
17036,apus.edu,good
17037,taxidrivermovie.com,good
17038,bootply.com,good
17039,pishkhaan.net,good
17040,etisalat.ae,good
17041,futurenet.club,good
17042,hancinema.net,good
17043,videobokepsex.co,adult
17044,foxpush.net,good
17045,unito.it,good
17046,electronics-tutorials.ws,good
17047,geektvonline.ch,good
17048,cncrk.com,malicious
17049,speedsociety.com,good
17050,mais.uol.com.br,good
17051,dakashangche.com,good
17052,napi.hu,good
17053,pep.com.cn,good
17054,bxic0ho.com,malicious
17055,tw1.com,good
17056,homesciencetools.com,good
17057,americanlisted.com,good
17058,tipstrk.info,malicious
17059,kifache.com,good
17060,3suisses.fr,good
17061,indiansinkuwait.com,good
17062,equestriadaily.com,good
17063,sejuku.net,good
17064,jomhouriat.ir,good
17065,a-apps27.com,malicious
17066,legiaodosherois.uol.com.br,good
17067,christianitytoday.com,good
17068,akhbarona.com,good
17069,shoudian.org,good
17070,playstationlifestyle.net,good
17071,apct.gov.in,good
17072,dramalink.net,good
17073,peopleadmin.com,good
17074,exawarosu.net,good
17075,adplxmd.com,good
17076,zhangxinxu.com,good
17077,so-v.com,good
17078,famousfix.com,good
17079,supersoluce.com,good
17080,myorderbox.com,good
17081,benesse.co.jp,good
17082,ica.se,good
17083,so-zou.jp,good
17084,gameranx.com,good
17085,myket.ir,good
17086,fema.gov,good
17087,apsrtconline.in,good
17088,deeeep.io,good
17089,uptowork.com,good
17090,troweprice.com,good
17091,velvetchef.com,good
17092,maizhetuan.com,good
17093,webrootanywhere.com,good
17094,caramelbbw.com,adult
17095,foundayu.com,good
17096,vancouversun.com,good
17097,rooziato.com,good
17098,pricerunner.se,good
17099,spin.de,good
17100,herozerogame.com,good
17101,eldarya.fr,good
17102,job.ru,good
17103,putlockers.sc,illegal
17104,xxxmovies.pro,adult
17105,itsme247.com,good
17106,banamex.com.mx,good
17107,marvelousga.com,good
17108,sceper.ws,malicious
17109,ninite.com,good
17110,applycareer.co.in,good
17111,hsbc.fr,good
17112,adzeba.in,good
17113,prohardver.hu,good
17114,crllmzsy.top,malicious
17115,mediafax.ro,good
17116,zombs.io,good
17117,georgia.gov,good
17118,industrybuying.com,good
17119,machinelearningmastery.com,good
17120,thecaller.gr,good
17121,holybible.or.kr,good
17122,tiaa-cref.org,good
17123,g5fzq2l.com,malicious
17124,antenam.jp,good
17125,abduzeedo.com,good
17126,winaero.com,good
17127,adinehbook.com,good
17128,pingwest.com,good
17129,48videodouga.net,adult
17130,droid-life.com,good
17131,clyp.it,good
17132,mapsgalaxy.com,good
17133,monster.de,good
17134,cdnjs.com,good
17135,dpp.cz,good
17136,universia.es,good
17137,pigav.com,adult
17138,preated.com,good
17139,camp-fire.jp,good
17140,img-central.com,good
17141,allevents.in,good
17142,qrz.com,good
17143,paket.de,good
17144,prokal.co,good
17145,hktdc.com,good
17146,kloomba.com,good
17147,musiqfile.xyz,good
17148,fanfou.com,good
17149,youtubebyclick.com,malicious
17150,aessuccess.org,good
17151,honeywell.com,good
17152,rpi.edu,good
17153,superpages.com,good
17154,youredm.com,good
17155,bwh1.net,good
17156,fsweb.no,good
17157,wnyc.org,good
17158,learnpythonthehardway.org,good
17159,skapsac.tmall.com,good
17160,figsoku.net,good
17161,betin.co.ke,illegal
17162,tbc004.net,malicious
17163,mirandopeliculas.com,good
17164,onisep.fr,good
17165,anihatsu.com,good
17166,adguard.com,good
17167,imgking.co,good
17168,dynasty-scans.com,good
17169,trezor.io,good
17170,cricketcountry.com,good
17171,goldupload.net,malicious
17172,gandul.info,good
17173,whats-on-netflix.com,good
17174,appcrawlr.com,good
17175,booklive.jp,good
17176,starsunfolded.com,good
17177,alice.it,good
17178,xatakamovil.com,good
17179,ocks.org,good
17180,bigtheme.ir,good
17181,digitick.com,good
17182,nurno.com,good
17183,qobuz.com,good
17184,techslife.com,good
17185,adskpak.com,good
17186,waqfeya.com,good
17187,strtpoint.com,good
17188,gtaall.com,good
17189,lfg.co,good
17190,inpost.pl,good
17191,jianguoyun.com,good
17192,chinatax.gov.cn,good
17193,postoffice.co.uk,good
17194,nuipogoda.ru,good
17195,hdmovieswatch.eu,good
17196,itao.com,good
17197,freebookspot.es,good
17198,purelovers.com,adult
17199,audiobar.net,good
17200,mailfoogae.appspot.com,good
17201,618.tmall.com,good
17202,iheartintelligence.com,good
17203,myclosettoyours.com,good
17204,tarfandestan.com,good
17205,outreach.io,good
17206,worksap.co.jp,good
17207,jizzboom.com,adult
17208,photographytalk.com,good
17209,hloom.com,good
17210,cacoo.com,good
17211,quirkybyte.com,good
17212,ped-kopilka.ru,malicious
17213,4gameforum.com,good
17214,sodu.cc,good
17215,doximity.com,good
17216,descomplica.com.br,good
17217,portalfinalfantasy.tk,good
17218,mssqltips.com,good
17219,strategywiki.org,good
17220,zdnet.fr,good
17221,k5learning.com,good
17222,sinhvienit.net,good
17223,paltalk.com,good
17224,primelocation.com,good
17225,tdk.gov.tr,good
17226,newasp.net,good
17227,aulafacil.com,good
17228,docslide.com.br,good
17229,uupload.ir,good
17230,touchnet.net,good
17231,riffstation.com,good
17232,chiasenhac.vn,good
17233,pngmart.com,good
17234,sushi.com,good
17235,itools.cn,good
17236,kinobar.cc,good
17237,rarbgmirror.com,illegal
17238,sheffield.ac.uk,good
17239,torrent-anime.com,illegal
17240,zaeke.com,good
17241,biancheng.net,good
17242,elmefarda.com,good
17243,blablacar.com.ua,good
17244,arukikata.co.jp,good
17245,hd720.biz,malicious
17246,radiovesti.ru,good
17247,btdog.com,malicious
17248,myip.ms,good
17249,encyclopediadramatica.rs,good
17250,haoshihaoci.com,good
17251,pewresearch.org,good
17252,intechopen.com,good
17253,kohajone.com,good
17254,urdubiz.com,good
17255,sexinsex.net,adult
17256,fujixerox.co.jp,good
17257,mskobr.ru,good
17258,fling.com,adult
17259,cmegroup.com,good
17260,sumra.net,good
17261,siamzone.com,good
17262,city-bank.net,malicious
17263,pcregnow2.com,malicious
17264,easyspeedtestaccess.com,good
17265,jfranews.com.jo,good
17266,xincheping.com,good
17267,myfigurecollection.net,good
17268,thesimpledollar.com,good
17269,lada.ru,good
17270,elsalvadortimes.com,good
17271,popmech.ru,good
17272,fxcayktrneld.com,malicious
17273,tsa-algerie.com,good
17274,rudaw.net,good
17275,dawnfun.com,good
17276,zbigz.com,good
17277,memegenerator.net,good
17278,galacg.me,good
17279,nu.edu.bd,good
17280,news-medical.net,good
17281,modares.ac.ir,good
17282,reimu.net,good
17283,diken.com.tr,good
17284,ukulele-tabs.com,good
17285,resona-gr.co.jp,good
17286,ouvirmusica.com.br,good
17287,dominionenergy.com,good
17288,facdn.net,good
17289,airbank.cz,good
17290,peanutlabs.com,good
17291,idanmu.in,malicious
17292,lotto.de,illegal
17293,mangaseeonline.us,good
17294,hentai.ms,adult
17295,bellesa.co,adult
17296,list25.com,good
17297,binarioblog.ru,malicious
17298,public.fr,good
17299,psychologies.com,good
17300,urlsec.io,malicious
17301,politis.com.cy,good
17302,baixarseriesmp4.com,malicious
17303,lonestar.edu,good
17304,testmy.net,good
17305,track-trace.com,good
17306,dongao.com,good
17307,idianfa.com,good
17308,lianhonghong.com,good
17309,jbl.com,good
17310,tokyo-np.co.jp,good
17311,eprice.com.hk,good
17312,sonkwo.com,good
17313,markezine.jp,good
17314,mgsm.pl,good
17315,ptv.com.pk,good
17316,cat3movie.us,adult
17317,mazdausa.com,good
17318,addiyar.com,good
17319,thenation.com,good
17320,javhdonline.com,adult
17321,spielaffe.de,good
17322,tp-link.com.cn,good
17323,aztecadeportes.com,good
17324,hongleongconnect.my,good
17325,seoclerk.com,good
17326,raja.ir,good
17327,danskebank.fi,good
17328,filenori.com,good
17329,magicseaweed.com,good
17330,indiastudychannel.com,good
17331,pornmult.net,adult
17332,playboy.com,adult
17333,poco.cn,good
17334,drakorindo.id,good
17335,colourlovers.com,good
17336,politexpert.net,good
17337,buffstream.com,illegal
17338,searchinme.com,good
17339,mortgage-application.net,good
17340,sitejabber.com,good
17341,amway.com,good
17342,unhcr.org,good
17343,funtrivia.com,good
17344,deti-online.com,good
17345,kingvid.tv,good
17346,ahmedhassan17.com,good
17347,pt80.net,good
17348,lbc.co.uk,good
17349,jyllands-posten.dk,good
17350,cloudways.com,good
17351,portmone.com.ua,good
17352,dokumen.tips,good
17353,aflam.io,good
17354,filmtv.it,good
17355,tianyancha.com,good
17356,b17.ru,good
17357,androidpit.de,good
17358,androidpit.es,good
17359,sizawe.com,good
17360,51hei.com,good
17361,softic.com.cn,good
17362,childrensplace.com,good
17363,examenglish.com,good
17364,inria.fr,good
17365,wanikani.com,good
17366,pornfun.com,adult
17367,mnogo.uz,good
17368,katushka.org,good
17369,full-count.jp,good
17370,lajumate.ro,good
17371,liekr.com,malicious
17372,mantan-web.jp,adult
17373,mma-core.com,good
17374,hitfilm.com,good
17375,litmus.com,good
17376,newinform.com,good
17377,congress.gov,good
17378,awsubs.me,good
17379,maxmodels.pl,adult
17380,redtram.com,good
17381,alleng.ru,good
17382,partners.org,good
17383,sakhtafzarmag.com,good
17384,bigboobsfilm.com,adult
17385,butfootballclub.fr,good
17386,benchmarkemail.com,good
17387,techbargains.com,good
17388,ants.gouv.fr,good
17389,manychat.com,good
17390,monster.it,good
17391,akb48.co.jp,good
17392,dasolo.co,good
17393,5173.com,good
17394,esa.io,good
17395,hugoboss.com,good
17396,rajivdixitji.com,good
17397,ejemplos.co,good
17398,tunwalai.com,good
17399,yamaha-motor.eu,good
17400,10times.com,good
17401,empiricus.com.br,good
17402,buybuybaby.com,good
17403,modgames.net,malicious
17404,police.ir,good
17405,news.tj,good
17406,uprealtime.com,good
17407,pontosmultiplus.com.br,good
17408,tunnelbear.com,good
17409,lifestylestores.com,good
17410,hemmings.com,good
17411,gamesgames.com,good
17412,trivago.es,good
17413,3yonnews.com,good
17414,sgk.gov.tr,good
17415,cartrade.com,good
17416,hotel-story.ne.jp,good
17417,grannyfucks.me,adult
17418,mofidonline.com,good
17419,ggytc.com,good
17420,lynk.my,good
17421,porngames.com,adult
17422,fnacspectacles.com,good
17423,esa.int,good
17424,price.ru,good
17425,ency-education.com,good
17426,dysfz.cc,malicious
17427,insidermonkey.com,good
17428,reliancebroadband.co.in,good
17429,excelforum.com,good
17430,promiflash.de,good
17431,girlgames.com,good
17432,addiliate.com,good
17433,filmaker.cn,good
17434,vcp.ir,good
17435,busfor.ua,good
17436,unige.ch,good
17437,bt122.com,good
17438,hypem.com,good
17439,linux.org.ru,good
17440,alyaoum24.com,good
17441,anovaculinary.com,good
17442,tianxun.com,good
17443,nudecelebforum.com,adult
17444,unicaen.fr,good
17445,tripadvisor.com.ar,good
17446,tvanouvelles.ca,good
17447,141jav.com,adult
17448,seuseriado.com,good
17449,runkeeper.com,good
17450,gradle.org,good
17451,subs4series.com,good
17452,alrincon.com,good
17453,365info.kz,good
17454,unlp.edu.ar,good
17455,ero-kawa.com,adult
17456,hunker.com,good
17457,on-site.com,good
17458,betterfap.com,adult
17459,keysight.com,good
17460,juegosfriv2017.net,good
17461,brain-magazine.fr,good
17462,sun.ac.za,good
17463,medyaege.com.tr,good
17464,series24hr.com,good
17465,jihx.gdn,malicious
17466,mecd.gob.es,good
17467,parimatch.kz,illegal
17468,ibis.com,good
17469,futbolecuador.com,good
17470,hipmunk.com,good
17471,goodlife.tw,good
17472,ebc.com.br,good
17473,brilliant.org,good
17474,linuxde.net,good
17475,9ht.com,good
17476,etrailer.com,good
17477,hornydragon.blogspot.com,adult
17478,player.fm,good
17479,css88.com,good
17480,blockchain.com,good
17481,huongvnblog.com,good
17482,kshowsubindo.net,good
17483,24home.com,good
17484,timesnow.tv,good
17485,sideshowtoy.com,good
17486,lne.es,good
17487,eba.gov.tr,good
17488,hoteles.com,good
17489,audiotoaudio.com,good
17490,pordescargadirecta.com,good
17491,tvp.info,good
17492,watchonline.pro,good
17493,yukepo.com,good
17494,funbestporn.com,adult
17495,searchmore.ru,good
17496,warfiles.ru,good
17497,partitionwizard.com,good
17498,graphicex.com,good
17499,scnsrc.me,good
17500,gds.it,good
17501,wilko.com,good
17502,earnandearn.com,good
17503,gov.taipei,good
17504,rdtuijian.com,good
17505,hit.edu.cn,good
17506,jiuquan.tech,good
17507,altroconsumo.it,good
17508,kayak.de,good
17509,sony.co.uk,good
17510,ticketek.com.au,good
17511,guju.com.cn,good
17512,chongbuluo.com,good
17513,hao774.com,good
17514,voyeur-villa.com,adult
17515,shopspring.com,good
17516,shawcable.net,good
17517,box-manga.com,good
17518,usal.es,good
17519,omanair.com,good
17520,couriermail.com.au,good
17521,novobanco.pt,good
17522,nerdfitness.com,good
17523,tvxs.gr,good
17524,lexus.com,good
17525,downspeedtest.com,good
17526,totalprosports.com,good
17527,sutterhealth.org,good
17528,youtubeconverter.me,malicious
17529,lafourchette.com,good
17530,doramy.net,good
17531,espnfcasia.com,good
17532,shahid-online.net,good
17533,simulationcraft.org,good
17534,digitalriver.com,good
17535,zonaprop.com.ar,good
17536,sextubefuck.com,adult
17537,biharboard.ac.in,good
17538,pcpro100.info,good
17539,movescount.com,good
17540,hentai-id.tv,adult
17541,kurzy.cz,good
17542,cnews.ru,good
17543,zik.ua,good
17544,brefinfo.com,good
17545,narod.hr,good
17546,1uplds.us,malicious
17547,boundhub.com,adult
17548,classicdanube.info,good
17549,zybus.com,good
17550,jobs.com.pk,good
17551,splashthat.com,good
17552,winporn.com,adult
17553,popcorn-time.to,illegal
17554,tsche.ac.in,good
17555,xinjunshicn.net,malicious
17556,housebeautiful.com,good
17557,doz.pl,good
17558,bankemardom.ir,good
17559,freerepublic.com,good
17560,mercadopago.com.ar,good
17561,hboespana.com,good
17562,stoboi.ru,good
17563,hellspy.cz,malicious
17564,buentema.net,good
17565,almaghreb24.com,good
17566,airbnb.pl,good
17567,homeaway.co.uk,good
17568,veikkaus.fi,illegal
17569,filmku.net,good
17570,jacquielawson.com,good
17571,7learn.com,good
17572,vodafone.com,good
17573,xpi.com.br,good
17574,ciliba.org,malicious
17575,showtimeanytime.com,good
17576,iliangcang.com,good
17577,smashwords.com,good
17578,rachacuca.com.br,good
17579,qvjql3e.com,malicious
17580,moviexk.org,malicious
17581,videotron.com,good
17582,carrefour.com.br,good
17583,kokopyon.net,good
17584,shop.com.mm,good
17585,omron.co.jp,good
17586,jyouhouya3.net,good
17587,abload.de,good
17588,brickset.com,good
17589,socialmediatoday.com,good
17590,spaziogames.it,good
17591,booksee.org,good
17592,sakshieducation.com,good
17593,netzero.net,good
17594,nblz.ru,good
17595,pedaily.cn,good
17596,quantrimang.com,good
17597,zip-all.com,good
17598,bumimi.com,good
17599,kupivip.ru,good
17600,optimizilla.com,good
17601,profitgenerator.online,malicious
17602,exchange-rates.org,good
17603,livrariacultura.com.br,good
17604,artplay.info,good
17605,renttherunway.com,good
17606,tvbox.ag,illegal
17607,edreams.fr,good
17608,squallchannel.com,good
17609,defence.pk,good
17610,faisco.com,malicious
17611,discoveryeducation.com,good
17612,unian.ua,good
17613,transrush.com,good
17614,myairbridge.com,good
17615,dailymotions.info,good
17616,brainfall.com,good
17617,porno365.info,adult
17618,wishnote.tw,good
17619,justlanded.com,good
17620,highlow.net,good
17621,alohaorderonline.com,good
17622,nccc.com.tw,good
17623,online.net,good
17624,6arbyat.com,good
17625,clark.com,good
17626,trade-al-arab.biz,good
17627,e-words.jp,good
17628,ce4arab.com,good
17629,metalinjection.net,good
17630,ciatr.jp,good
17631,74.ru,good
17632,connectify.me,good
17633,kyodo-d.jp,good
17634,funonline.co.in,good
17635,text-lyrics.ru,good
17636,sena.edu.co,good
17637,movietickets.com,good
17638,copyscape.com,good
17639,publishersweekly.com,good
17640,sda.it,good
17641,robokassa.ru,good
17642,programme.tv,good
17643,ahlamontada.com,good
17644,maxtv.cn,good
17645,computershare.com,good
17646,digilocker.gov.in,good
17647,efirstbank.com,good
17648,hip2save.com,good
17649,warotanikki.com,good
17650,hispasonic.com,good
17651,legends2be.com,good
17652,canadacomputers.com,good
17653,ridibooks.com,good
17654,dialog.ua,good
17655,livehotty.com,adult
17656,emini.tmall.com,good
17657,roozplus.com,good
17658,trainbit.com,good
17659,koreatimes.co.kr,good
17660,esportswikis.com,good
17661,cybex.in,good
17662,purevpn.com,good
17663,chemicalbook.com,good
17664,gruenderszene.de,good
17665,penguinrandomhouse.com,good
17666,inteligo.pl,good
17667,dida365.com,good
17668,instinctmagazine.com,good
17669,file.org,good
17670,bokepseks.co,adult
17671,wedid.us,good
17672,mtvpersian.net,good
17673,blogjava.net,good
17674,click2tap.com,good
17675,viz.com,good
17676,virginmobileusa.com,good
17677,trendyrecipe.com,good
17678,mkd.mk,good
17679,ilovetranslation.com,good
17680,kayak.es,good
17681,letelegramme.fr,good
17682,unina.it,good
17683,roguefitness.com,good
17684,pingan.com.cn,good
17685,trovit.fr,good
17686,3dsecure.no,good
17687,arabam.com,good
17688,dietnavi.com,good
17689,navsmart.info,good
17690,uni-freiburg.de,good
17691,spike.com,good
17692,anghami.com,good
17693,layui.com,good
17694,circa.com,good
17695,rarejob.com,good
17696,ttinteractive.com,good
17697,polycount.com,good
17698,redcafe.net,good
17699,motinews.info,good
17700,johx.gdn,malicious
17701,kat-top.net,good
17702,maricopa.edu,good
17703,jsonline.com,good
17704,google.bi,good
17705,itellyou.cn,good
17706,yaplog.jp,good
17707,uow.edu.au,good
17708,monitor.co.ug,good
17709,google.tg,good
17710,lacapital.com.ar,good
17711,wushare.com,good
17712,sexytal.com,adult
17713,aftershock.news,good
17714,bestbooklibrary.com,good
17715,servicenow.com,good
17716,brightcove.com,good
17717,lojadomecanico.com.br,good
17718,fabswingers.com,adult
17719,chordtabs.in.th,good
17720,expedia.com.tw,good
17721,bigtorrent.org,malicious
17722,mantochichi.com,good
17723,kochbar.de,good
17724,thisisgame.com,good
17725,cnzj5u.com,malicious
17726,mobareco.jp,good
17727,totalwine.com,good
17728,notalwaysright.com,good
17729,latino-serialo.ru,good
17730,emoneyspace.com,good
17731,nsgnav.com,malicious
17732,discovery.com,good
17733,familjeliv.se,good
17734,openload.cc,malicious
17735,ruhr-uni-bochum.de,good
17736,haofang.net,good
17737,jifang360.com,good
17738,micromania.fr,good
17739,descargasnsn.com,malicious
17740,coolkora.com,good
17741,ky.gov,good
17742,androidlover.net,good
17743,yeniemlak.az,good
17744,cratejoy.com,good
17745,startclass.com,good
17746,hpcl.co.in,good
17747,tnp.ph,good
17748,pornbraze.com,adult
17749,wmzy.com,good
17750,ionic.io,good
17751,rmf24.pl,good
17752,palmettostatearmory.com,good
17753,eroshare.com,adult
17754,imd.gov.in,good
17755,gisher.org,good
17756,vide-greniers.org,good
17757,sify.com,good
17758,visihow.com,good
17759,fzbff.com.cn,good
17760,dior.com,good
17761,simpsonizados.org,good
17762,gazeteler.com,good
17763,ziraat.com.tr,good
17764,rds.ca,good
17765,xfreehd.com,adult
17766,careesma.in,good
17767,karanpc.com,good
17768,talatatamanyatarabi.com,good
17769,studytonight.com,good
17770,tvn.pl,good
17771,motamem.org,good
17772,apktops.ir,good
17773,sparkasse-koelnbonn.de,good
17774,freewinbitco.in,malicious
17775,shoppersdrugmart.ca,good
17776,uobgroup.com,good
17777,nginx.com,good
17778,netizenbuzz.blogspot.com,good
17779,edraak.org,good
17780,cinema-city.pl,good
17781,myhermes.co.uk,good
17782,itavisen.no,good
17783,rbth.com,good
17784,brainpickings.org,good
17785,fotocommunity.de,good
17786,opinion.al,good
17787,gestion.pe,good
17788,591.com.hk,good
17789,nubilefilms.com,adult
17790,factmag.com,good
17791,italiansubs.net,good
17792,jqhnt.com.cn,malicious
17793,top10profits.com,illegal
17794,boldchat.com,good
17795,redetv.uol.com.br,good
17796,hankooki.com,good
17797,tseamcet.nic.in,good
17798,xboxdvr.com,good
17799,portforward.com,good
17800,licalup.accountant,malicious
17801,python.jp,good
17802,te5.com,good
17803,converse.com,good
17804,iranbanou.com,good
17805,sosobta.net,good
17806,e15.cz,good
17807,baomihua.com,good
17808,styleforum.net,good
17809,reallusion.com,good
17810,2captcha.com,good
17811,marshruty.ru,good
17812,crossfit.com,good
17813,canonrumors.com,good
17814,orgs.one,good
17815,freedesignfile.com,good
17816,pianyuan.net,good
17817,uv.mx,good
17818,repl.it,good
17819,skiles.link,good
17820,chemistwarehouse.com.au,good
17821,xxxpornotuber.com,adult
17822,vtu.ac.in,good
17823,subdown-1.ir,malicious
17824,abcnyheter.no,good
17825,fau.edu,good
17826,mayonez.jp,good
17827,roksa.pl,good
17828,1ppt.com,good
17829,02bia2movies.in,illegal
17830,acomics.ru,good
17831,newepisodes.me,good
17832,opencdb84507.com,good
17833,torrenting.com,good
17834,lexo.al,good
17835,ricetta.it,good
17836,t-online.hu,good
17837,pornohirsch.com,adult
17838,wplocker.com,malicious
17839,gogoblog.tw,good
17840,nuskin.com,good
17841,thesportster.com,good
17842,capital.fr,good
17843,hardforum.com,good
17844,kaijeaw.com,good
17845,junodownload.com,good
17846,game.es,good
17847,hercampus.com,good
17848,omglane.com,good
17849,nova.edu,good
17850,infotop.jp,good
17851,hollywood.com,good
17852,undip.ac.id,good
17853,njtransit.com,good
17854,bipblog.com,good
17855,clemson.edu,good
17856,vidaextra.com,good
17857,ebsamen.com,good
17858,tv5monde.com,good
17859,eclinicalweb.com,good
17860,casino.com,illegal
17861,downmagaz.com,good
17862,purepc.pl,good
17863,xcelenergy.com,good
17864,f6s.com,good
17865,thegoodguys.com.au,good
17866,aeroplan.com,good
17867,eventbrite.ca,good
17868,truecorp.co.th,good
17869,strato.com,good
17870,deutschebahn.com,good
17871,cjol.com,good
17872,increible.co,good
17873,gwdang.com,good
17874,ua-football.com,good
17875,brainpop.com,good
17876,autoc-one.jp,good
17877,apartmentlist.com,good
17878,vidiobokep.org,adult
17879,ladenzeile.de,good
17880,dealer.com,good
17881,liangle.com,good
17882,greenpeace.org,good
17883,zetaclear.com,good
17884,ditiezu.com,good
17885,enorth.com.cn,good
17886,iconnect.co.in,good
17887,wifistudy.com,good
17888,cdprojektred.com,good
17889,bitlanders.com,good
17890,vexels.com,good
17891,pepboys.com,good
17892,brasil.gov.br,good
17893,cylex.de,good
17894,networkfilehosting.com,good
17895,sg560.com,good
17896,trynews.ru,good
17897,playmmogames.com,good
17898,danfra.com,good
17899,ichuanglan.com,good
17900,mir24.tv,good
17901,steamspy.com,good
17902,freepornhq.xxx,adult
17903,missyusa.com,good
17904,atatech.org,good
17905,redis.io,good
17906,impactradius.com,good
17907,syndonline.in,good
17908,iknow.jp,good
17909,bankwest.com.au,good
17910,sony.co.in,good
17911,udea.edu.co,good
17912,prodigygame.com,good
17913,changathi.com,good
17914,cp24.com,good
17915,lokmat.com,good
17916,justinguitar.com,good
17917,inside-games.jp,good
17918,wrestlezone.com,good
17919,belfius.be,good
17920,royalroadl.com,good
17921,chittorgarh.com,good
17922,gamer-mods.ru,malicious
17923,freeimages.com,good
17924,westpac.co.nz,good
17925,85porn.com,adult
17926,skidkaonline.ru,good
17927,redstatewatcher.com,good
17928,thehylia.com,good
17929,fxopen.co.uk,good
17930,capitalonecardservice.ca,good
17931,hockeybuzz.com,good
17932,mediamarkt.be,good
17933,znak.com,good
17934,chengdun.com,good
17935,watchthescreen.com,good
17936,zoro.com,good
17937,nuuvem.com,good
17938,weekendhk.com,good
17939,pokerstrategy.com,illegal
17940,owasp.org,good
17941,cuantocabron.com,good
17942,startsiden.no,good
17943,lookfantastic.com,good
17944,wiwo.de,good
17945,funnetwork.ru,good
17946,sport360.com,good
17947,bonprix.it,good
17948,rightparent.com,good
17949,btopenzone.com,good
17950,splunk.com,good
17951,spi0n.com,good
17952,momtaxi.com,good
17953,healthycures.org,good
17954,espreso.rs,good
17955,ebiblioteca.org,good
17956,companycheck.co.uk,good
17957,nelly.com,good
17958,dfas.mil,good
17959,studopedia.org,good
17960,timesofoman.com,good
17961,narcity.com,good
17962,imgseed.com,good
17963,koudai.com,good
17964,ascodevida.com,good
17965,windscribe.com,good
17966,tiberiumalliances.com,good
17967,shahidline.com,good
17968,theadvertplatform.com,good
17969,dariconline.ir,good
17970,as-popup.ir,good
17971,keenspot.com,good
17972,quifinanza.it,good
17973,nlstar.com,good
17974,apontador.com.br,good
17975,yabiladi.com,good
17976,rastaneko-blog.com,good
17977,hasil.gov.my,good
17978,wenjuan.com,good
17979,thelancet.com,good
17980,jisilu.cn,good
17981,sott.net,good
17982,headspace.com,good
17983,amoursucre.com,good
17984,csob.cz,good
17985,practicefusion.com,good
17986,ultimateclassicrock.com,good
17987,nregade3.nic.in,good
17988,stagram.com,good
17989,talks.by,good
17990,followmyhealth.com,good
17991,google.gy,good
17992,parispornmovies.com,adult
17993,chula.ac.th,good
17994,flamp.ru,good
17995,elefant.ro,good
17996,visioncloud.info,good
17997,apc.com,good
17998,anzalweb.ir,good
17999,cnfol.com,good
18000,worldsources.com,good
18001,kinogo-net.me,malicious
18002,antenam.biz,good
18003,antarvasnasexstories.com,adult
18004,pagerduty.com,good
18005,cottonon.com,good
18006,piac.com.pk,good
18007,medicitalia.it,good
18008,desimartini.com,good
18009,santandernetibe.com.br,good
18010,anker.com,good
18011,paloaltonetworks.com,good
18012,batz-burgel.de,good
18013,givingassistant.org,good
18014,revdl.com,malicious
18015,d71e6dd31a026d45.com,malicious
18016,bdstatic.com,good
18017,swjtu.edu.cn,good
18018,xtraffic.com,good
18019,letitbit.net,malicious
18020,supabets.co.za,illegal
18021,fancystreems.com,good
18022,labcorp.com,good
18023,pln.co.id,good
18024,bearingbus.com,good
18025,slidescarnival.com,good
18026,zalando.com,good
18027,mediamarkt.gr,good
18028,sgizmo.com,good
18029,faselhd.com,good
18030,uni-goettingen.de,good
18031,boxbe.com,good
18032,mixanitouxronou.gr,good
18033,slovenskenovice.si,good
18034,starcraft.com,good
18035,xiaojukeji.com,good
18036,silverscreenandroll.com,good
18037,admedit.net,good
18038,donkparty.com,good
18039,5eplay.com,good
18040,shenchuang.com,good
18041,ld82ydd.com,malicious
18042,singtel.com,good
18043,sample-cube.com,good
18044,ilo.org,good
18045,acemobi.bid,malicious
18046,importnew.com,good
18047,oklivetv.com,good
18048,applife.co,good
18049,ukessays.com,good
18050,bl.uk,good
18051,fast-bit.org,good
18052,espn.in,good
18053,linuxdiyf.com,good
18054,erepublik.com,good
18055,mcaf.ee,malicious
18056,orakul.com,good
18057,justice.gov,good
18058,koutipandoras.gr,good
18059,tjk.org,good
18060,snip.ly,good
18061,42eed1a0d9c129.com,malicious
18062,zapmeta.de,good
18063,potterybarnkids.com,good
18064,ezymob.link,malicious
18065,qooqootv.com,good
18066,facile.it,good
18067,ssl-sixcore.jp,good
18068,infoworld.com,good
18069,trafficmarket.pro,malicious
18070,porquenosemeocurrio.net,good
18071,8kana.com,good
18072,thalia.de,good
18073,channeladvisor.com,good
18074,galerieslafayette.com,good
18075,lingvolive.com,good
18076,aktu.ac.in,good
18077,amextravel.com,good
18078,ripoffreport.com,good
18079,500d.me,good
18080,koob.ru,good
18081,future-shop.jp,good
18082,t2lgo.com,good
18083,jobsora.com,good
18084,macuser.de,good
18085,originalindianporn.com,adult
18086,mydownloadtube.com,good
18087,animeheaven.eu,good
18088,iezvu.com,good
18089,coinexchange.io,good
18090,mediawiki.org,good
18091,mytimesnow.com,good
18092,5ppai.com,good
18093,3jo.xyz,good
18094,maxbounty.com,good
18095,luxexpress.eu,good
18096,gezimanya.com,good
18097,thinksaas.cn,good
18098,apu.ac.jp,good
18099,typeracer.com,good
18100,trial-sport.ru,good
18101,wholecloud.net,good
18102,bensound.com,good
18103,sayat.me,good
18104,vanityfair.it,good
18105,swinglifestyle.com,adult
18106,kinogo22.net,illegal
18107,tu-darmstadt.de,good
18108,bugmenot.com,good
18109,conservativefighters.com,good
18110,telnavi.jp,good
18111,carls-sims-4-guide.com,good
18112,fesnews.net,good
18113,pcdvd.com.tw,good
18114,freedompop.com,good
18115,vectorstock.com,good
18116,evolife.cn,good
18117,vexmovies.com,good
18118,lanzou.com,good
18119,jib.co.th,good
18120,zoom.lk,good
18121,komica.org,good
18122,xmediaserve.com,good
18123,iwantv.com.ph,good
18124,salsalol.com,good
18125,livescore.in,good
18126,thenews.com.pk,good
18127,tlcthai.com,good
18128,fangdr.com,good
18129,rs05.com,good
18130,leopard-raws.org,good
18131,myauto.ge,good
18132,apowersoft.com,good
18133,herbuy.com.tw,good
18134,virginpulse.com,good
18135,progressivedirect.com,good
18136,govnokri.in,good
18137,ekikara.jp,good
18138,2k.com,good
18139,yeggi.com,good
18140,5726303d87522d05.com,malicious
18141,moneta.co.kr,good
18142,ehu.eus,good
18143,blenderartists.org,good
18144,vh1.com,good
18145,paris.cl,good
18146,chidaneh.com,good
18147,pc-master.jp,good
18148,exportersindia.com,good
18149,uberinternal.com,good
18150,ozby.com,good
18151,besttrendnews.net,good
18152,maariv.co.il,good
18153,unipi.it,good
18154,operatedelivery.com,good
18155,slideserve.com,good
18156,9xmovies.site,illegal
18157,immoral.jp,adult
18158,wowdb.com,good
18159,moe.gov.eg,good
18160,739c49a8c68917.com,malicious
18161,mombaby.tw,good
18162,tweaktown.com,good
18163,tnpsc.gov.in,good
18164,tradecarview.com,good
18165,orfdemobi.com,good
18166,post.at,good
18167,chayu.com,good
18168,liebelib.mobi,good
18169,shiyanlou.com,good
18170,yihaocar.com,good
18171,mdsaude.com,good
18172,ml8730.com,good
18173,smtown.com,good
18174,lacoccinelle.net,good
18175,24hourfitness.com,good
18176,usccb.org,good
18177,focus.it,good
18178,wradalan.com,good
18179,masslive.com,good
18180,alsa.es,good
18181,pcreview.co.uk,good
18182,baixarhentai.net,adult
18183,ekladata.com,good
18184,dataguru.cn,good
18185,howardhanna.com,good
18186,buttsmithy.com,adult
18187,r27.lol,malicious
18188,laravel-china.org,good
18189,flets.com,good
18190,mitsubishielectric.co.jp,good
18191,presstv.ir,good
18192,xiazaizhijia.com,good
18193,glassesusa.com,good
18194,like4like.org,good
18195,vsemayki.ru,good
18196,n26.com,good
18197,mergedocsonline.com,good
18198,stores.jp,good
18199,canalplus.fr,good
18200,offcn.com,good
18201,afi-b.com,good
18202,xopom.com,good
18203,chipmaker.ru,good
18204,postcron.com,good
18205,clave.gob.es,good
18206,campingworld.com,good
18207,sopanpan.com,good
18208,protv.md,good
18209,entel.cl,good
18210,dn-cloud.com,good
18211,thepublictracker.org,good
18212,friday.tw,good
18213,uib.no,good
18214,barcanews.org,good
18215,melonbooks.co.jp,good
18216,007qu.com,malicious
18217,longau.com,good
18218,e2ma.net,good
18219,aisex.com,adult
18220,tanksw.com,good
18221,size.co.uk,good
18222,remontka.pro,good
18223,lightnovel.cn,good
18224,greenme.it,good
18225,spicybigbutt.com,adult
18226,mp3quran.net,good
18227,tanix.net,good
18228,lolanimalpictures.com,good
18229,cguwan.com,good
18230,topstarnews.net,good
18231,fingerhut.com,good
18232,zulaoyun.com,good
18233,fx114.net,good
18234,subaru.jp,good
18235,musicstore.de,good
18236,plot.ly,good
18237,moma.org,good
18238,samurai-gamers.com,good
18239,tvmovie.de,good
18240,kukuklok.com,good
18241,ridus.ru,good
18242,windows7en.com,good
18243,broadway.com,good
18244,247playz.com,good
18245,melhoresdestinos.com.br,good
18246,processing.org,good
18247,moddingway.com,good
18248,theclassicporn.com,adult
18249,uppersearch.ga,malicious
18250,clinicaltrials.gov,good
18251,jetztspielen.de,good
18252,cadena3.com,good
18253,nau.edu,good
18254,ideapod.com,good
18255,socialdownloadr.com,good
18256,nethgossip.lk,good
18257,baxcha.com,good
18258,sm.de,good
18259,dishtv.in,good
18260,110.com,good
18261,xmissy.nl,good
18262,koton.com,good
18263,directindustry.com,good
18264,phrases.org.uk,good
18265,off.net.mk,good
18266,tyden.cz,good
18267,experienceproject.com,good
18268,allabolag.se,good
18269,elcomercio.es,good
18270,trackx.live,good
18271,kingstone.com.tw,good
18272,p30rank.ir,good
18273,camarads.com,good
18274,setopati.com,good
18275,avtovzglyad.ru,good
18276,jaeapp.com,good
18277,tvnz.co.nz,good
18278,ice-gay.com,adult
18279,travel.co.jp,good
18280,politobzor.net,good
18281,nld.com.vn,good
18282,futakuro.com,good
18283,liaisoncas.com,good
18284,cs.com.cn,good
18285,pcnotify.com,good
18286,wevideo.com,good
18287,shopkeeper.ir,good
18288,emisaccess.co.uk,good
18289,amity.edu,good
18290,freedcamp.com,good
18291,arcai.com,good
18292,navechno.com,good
18293,iauctb.ac.ir,good
18294,digicame-info.com,good
18295,quzhuanpan.com,good
18296,misteriosdomundo.org,good
18297,jadsmediaflw.com,good
18298,dujav.com,good
18299,wbcomtax.gov.in,good
18300,xuka.tv,good
18301,ontraport.com,good
18302,2xclick.ru,malicious
18303,tabify.io,good
18304,moneygram.com,good
18305,sparkasse.de,good
18306,rev.com,good
18307,fantasyflightgames.com,good
18308,pogoda7.ru,good
18309,picsee.net,good
18310,digimart.net,good
18311,prostalgeneshopasia.com,good
18312,paymaster.ru,good
18313,lang-8.com,good
18314,vivo.com.cn,good
18315,ripley.cl,good
18316,18list.com,adult
18317,minecraftuser.jp,good
18318,animepremium.tv,good
18319,crosscast-system.com,good
18320,tecenet.com,good
18321,advocate.com,good
18322,imimg.com,good
18323,dota2.net,good
18324,pixpo.net,good
18325,spyfu.com,good
18326,malaysiable.news,good
18327,bettermoms.com,good
18328,songslover.club,good
18329,tastelessgentlemen.com,good
18330,femina.hu,good
18331,opensource.com,good
18332,anilibria.tv,good
18333,yjbys.com,good
18334,techmeme.com,good
18335,openwrt.org,good
18336,dap-news.com,good
18337,yuanlin.com,good
18338,whut.edu.cn,good
18339,bitrix24.net,good
18340,teslamotors.com,good
18341,trafmag.com,good
18342,jupyter.org,good
18343,gakax.xyz,good
18344,buffed.de,good
18345,kuwo.cn,good
18346,flipline.com,good
18347,lexis.com,good
18348,urbo.com,good
18349,expertcen.ru,good
18350,lablue.de,good
18351,dziennik.pl,good
18352,worldnewsdailyreport.com,malicious
18353,pornboil.com,adult
18354,llss.me,good
18355,hdchina.org,good
18356,ex-fs.net,adult
18357,thailandpost.co.th,good
18358,sebrae.com.br,good
18359,michaelkors.com,good
18360,bfanet.ao,good
18361,tvmaze.com,good
18362,but.fr,good
18363,cncn.com,good
18364,af1.sale,malicious
18365,vitonica.com,good
18366,tipsport.cz,illegal
18367,postquare.com,good
18368,tubefree.com,adult
18369,secretescapes.com,good
18370,gotomeet.me,good
18371,bestindians.xyz,good
18372,ads4btc.com,good
18373,asgardia.space,good
18374,aau.dk,good
18375,pornbay.org,adult
18376,vklass.se,good
18377,hilao.wang,good
18378,tripcase.com,good
18379,zapmeta.ng,good
18380,vgchartz.com,good
18381,shafa.com,good
18382,smarthub.coop,good
18383,emu.dk,good
18384,rapupdate.de,good
18385,tue.nl,good
18386,wonderzine.com,good
18387,meistertask.com,good
18388,buzzfile.com,good
18389,nidbox.com,good
18390,moneykit.net,good
18391,ahajournals.org,good
18392,zauba.com,good
18393,sepakbola.com,good
18394,voidcn.com,good
18395,tjrj.jus.br,good
18396,e-gov.go.jp,good
18397,rci.com,good
18398,hanhuazu.cc,good
18399,xn--wiki-4i9hs14f.com,good
18400,9xmovies.net,good
18401,geo-online.co.jp,good
18402,theandroidsoul.com,good
18403,honarnevis.ir,good
18404,ff14angler.com,good
18405,example.com,good
18406,njust.edu.cn,good
18407,ed2000.com,good
18408,deere.com,good
18409,riotpixels.com,good
18410,trustnav.com,good
18411,amebaownd.com,good
18412,planwallpaper.com,good
18413,rocketstock.com,good
18414,ruby-lang.org,good
18415,lanouvellerepublique.fr,good
18416,ncl.edu.tw,good
18417,gamerant.com,good
18418,ziggo.nl,good
18419,taiwan123.cn,good
18420,a-ads.com,good
18421,sixt.com,good
18422,yhouse.com,good
18423,samequizy.pl,good
18424,startwire.com,good
18425,nullschool.net,good
18426,pedal.ir,good
18427,expedia.com.au,good
18428,kdmid.ru,good
18429,goldprice.org,good
18430,playboyplus.com,adult
18431,bc.edu,good
18432,tfw2005.com,good
18433,ftcdn.net,good
18434,cl.ly,good
18435,caixin.com,good
18436,synonymer.se,good
18437,jbc.org,good
18438,mofangge.com,good
18439,sjp.pl,good
18440,zola.com,good
18441,nypl.org,good
18442,kingston.com,good
18443,goldstar.com,good
18444,kahoot.com,good
18445,hondafinancialservices.com,good
18446,citiesocial.com,good
18447,tag24.de,good
18448,pcplus.ca,good
18449,lankadeepa.lk,good
18450,lelivros.zone,good
18451,themarysue.com,good
18452,doseries.com,good
18453,spectranet.com.ng,good
18454,aek365.com,good
18455,mastermovie-hd.com,good
18456,snipertopanime.net,good
18457,deutsche-wirtschafts-nachrichten.de,good
18458,seriesyou.com,good
18459,aitnews.com,good
18460,joyme.com,good
18461,aztecaporno.com,adult
18462,eldeforma.com,good
18463,torchbrowser.com,good
18464,toramp.com,good
18465,samaup.com,good
18466,clickshield.net,good
18467,alaham.org,good
18468,afrihost.com,good
18469,redirectingat.com,good
18470,reviewed.com,good
18471,animok.tv,good
18472,pretendyoure.xyz,good
18473,eobuwie.com.pl,good
18474,watchtvnow.co,good
18475,nordvpn.org,good
18476,huitu.com,good
18477,gwd50.org,good
18478,start-pagesearch.com,good
18479,htcampus.com,good
18480,xhahq.com,good
18481,freeintertv.com,good
18482,heroesfire.com,good
18483,cancaonova.com,good
18484,bancoprovincia.com.ar,good
18485,tutorvista.com,good
18486,bezuzyteczna.pl,good
18487,embarcadero.com,good
18488,jaccs.co.jp,good
18489,jornaldenegocios.pt,good
18490,xnxxmovies.com,adult
18491,gekiyaku.com,good
18492,plati.ru,good
18493,w3adz.com,good
18494,speckyboy.com,good
18495,yamli.com,good
18496,tapd.cn,good
18497,japancats.ru,good
18498,blox.pl,good
18499,northeastern.edu,good
18500,istv.com.cn,good
18501,credem.it,good
18502,cd.cz,good
18503,publicisgroupe.net,good
18504,zagonka.ru,good
18505,psychologies.ru,good
18506,shobonnexus.com,good
18507,online-filmek.tv,good
18508,flexjobs.com,good
18509,iheartdogs.com,good
18510,contentdef.com,good
18511,elnorte.com,good
18512,linio.cl,good
18513,mcgrp.ru,good
18514,thequint.com,good
18515,davivienda.com,good
18516,iqos.jp,illegal
18517,open24.ie,good
18518,hotoffer2017.com,malicious
18519,natura.com.br,good
18520,payless.com,good
18521,jobappnetwork.com,good
18522,torrent10.ru,illegal
18523,etapainfantil.com,good
18524,deepika.com,good
18525,ma.gov.br,good
18526,claro.com.co,good
18527,gfxpeers.net,illegal
18528,cabroworld.com,good
18529,lot.com,good
18530,vogue.es,good
18531,broadcasthe.net,good
18532,knack.be,good
18533,nitrkl.ac.in,good
18534,internships.com,good
18535,google.bt,good
18536,boxil.jp,good
18537,ebook777.com,good
18538,xmovies8.org,adult
18539,physicsclassroom.com,good
18540,xiaopian.com,good
18541,juegosfrivolo.com,good
18542,defacto.com.tr,good
18543,wlmq.com,good
18544,wwwhatsnew.com,good
18545,readwhere.com,good
18546,720vt.com,good
18547,92926.com,good
18548,pornhubselect.com,adult
18549,enikensky.com,good
18550,haberinadresi.com,good
18551,ck365.cn,good
18552,osaka.jp,good
18553,blendernetworks.com,good
18554,d9clube.com,good
18555,haowj.com.cn,good
18556,saipacorp.com,good
18557,agilebits.com,good
18558,eenadupratibha.net,good
18559,yesasia.com,good
18560,nelog.jp,good
18561,inewsmalta.com,good
18562,acrobat.com,good
18563,surrey.ac.uk,good
18564,blogdumoderateur.com,good
18565,icourses.cn,good
18566,newhouse.com.cn,good
18567,manheim.com,good
18568,chuangkit.com,good
18569,websosanh.vn,good
18570,tau.ac.il,good
18571,madrid.es,good
18572,newarena.com,good
18573,kicksonfire.com,good
18574,metservice.com,good
18575,masterstudies.com,good
18576,hanatour.com,good
18577,clipstudio.net,good
18578,enpareja.com,good
18579,terrikon.com,good
18580,chromecj.com,good
18581,trueshieldjump.com,good
18582,manyoffer.com,good
18583,educacion.gob.ec,good
18584,euroset.ru,good
18585,corporationwiki.com,good
18586,consumerist.com,good
18587,shtyle.fm,good
18588,olimpkz.com,good
18589,irmp3.ir,good
18590,gossiplover.com,good
18591,dc.gov,good
18592,iyingdi.com,good
18593,slashgear.com,good
18594,vend-o.com,good
18595,aies.cn,good
18596,secure-banking.com,malicious
18597,jeded.com,good
18598,kkday.com,good
18599,qhit.net,good
18600,seo-fast.ru,good
18601,ledgerwallet.com,good
18602,cu.edu.eg,good
18603,muscleandstrength.com,good
18604,5555av.co,adult
18605,theclinic.cl,good
18606,zuojiawang.com,good
18607,omniglot.com,good
18608,isexychat.com,adult
18609,email.it,good
18610,xhamster-d.com,adult
18611,yxbao.com,good
18612,onepiece-tube.com,good
18613,studbooks.net,good
18614,hiltonwifi.com,good
18615,yuvutu.com,adult
18616,shkarko.im,malicious
18617,pornobae.com,adult
18618,polityka.pl,good
18619,claimwith.me,good
18620,telepass.com,good
18621,icourse163.org,good
18622,upbom.com,malicious
18623,dian.gov.co,good
18624,6vhao.com,malicious
18625,birthmoviesdeath.com,good
18626,banking.co.at,good
18627,smartbrief.com,good
18628,pdfforge.org,good
18629,yunpan.cn,good
18630,cartoonhd.be,good
18631,crazyegg.com,good
18632,fwzlsugrflhh.com,malicious
18633,1bestarinet.net,good
18634,ratingcero.com,good
18635,hnzxyy.com,good
18636,komica2.net,good
18637,nintendo.co.uk,good
18638,tiffany.com,good
18639,idealist.org,good
18640,mte.gov.br,good
18641,hanyang.ac.kr,good
18642,rapefilms.net,adult
18643,17sucai.com,good
18644,sirabee.com,good
18645,fcbarcelona.com,good
18646,techmahindra.com,good
18647,binsearch.info,good
18648,scotsman.com,good
18649,status.im,good
18650,jazztel.com,good
18651,gamelayer.ru,good
18652,nzbindex.nl,good
18653,uniclique.net,good
18654,90minut.pl,good
18655,anime-torrent-start.com,good
18656,etymonline.com,good
18657,hlavnespravy.sk,good
18658,capsulecrm.com,good
18659,xmarks.com,good
18660,songlyrics.com,good
18661,tellme.pw,malicious
18662,miur.gov.it,good
18663,sayweee.com,good
18664,raptu.com,good
18665,waitbutwhy.com,good
18666,ticksy.com,good
18667,jh.edu,good
18668,evo-lutio.livejournal.com,good
18669,playok.com,good
18670,diva-portal.org,good
18671,reddituploads.com,good
18672,hockeyapp.net,good
18673,apornotube.net,adult
18674,meetic.it,good
18675,seodollars.com,good
18676,cloudacl.com,good
18677,scoreland.com,adult
18678,expansion.mx,good
18679,news-cloud.net,good
18680,parenting.com,good
18681,getcomposer.org,good
18682,rejseplanen.dk,good
18683,u-mama.ru,good
18684,abc.gov.ar,good
18685,searchina.net,good
18686,viaworld.in,good
18687,studymode.com,good
18688,discovery.co.za,good
18689,2cat.org,good
18690,sai-zen-sen.jp,good
18691,publimetro.com.mx,good
18692,madison.com,good
18693,southfront.org,good
18694,millipiyango.gov.tr,illegal
18695,srbiau.ac.ir,good
18696,127.net,good
18697,dinakaran.com,good
18698,milanuncios.es,good
18699,porno-be.video,adult
18700,rbsdigital.com,good
18701,kenyans.co.ke,good
18702,ipiccy.com,good
18703,mundodasmensagens.com,good
18704,gamersgate.com,good
18705,onlineguru.ru,good
18706,ouibus.com,good
18707,wieistmeineip.de,good
18708,yijiadh.com,good
18709,zotero.org,good
18710,mcdonalds.co.jp,good
18711,czechvideo.org,adult
18712,wageworks.com,good
18713,egypt.gov.eg,good
18714,shop-pharmacie.fr,good
18715,betclic.com,illegal
18716,exeter.ac.uk,good
18717,tuberl.com,malicious
18718,moslenta.ru,good
18719,bestprice.gr,good
18720,sophang8.com,malicious
18721,ideabank.pl,good
18722,araskargo.com.tr,good
18723,1govuc.gov.my,good
18724,rescuetime.com,good
18725,ptcwall.com,malicious
18726,ikub.al,good
18727,joox.com,good
18728,saatchiart.com,good
18729,tecnoblog.net,good
18730,emp3i.co,adult
18731,kauppalehti.fi,good
18732,casper.com,good
18733,nasioc.com,good
18734,drmartens.com,good
18735,itaka.pl,good
18736,chw.net,good
18737,multilive.net,good
18738,5lux.com,good
18739,btnativedirect.com,good
18740,printpac.co.jp,good
18741,merrybet.com,illegal
18742,mobutrafsrcms.com,malicious
18743,architecturaldigest.com,good
18744,chas.tv,good
18745,turner.com,good
18746,dccomics.com,good
18747,israelinfo.co.il,good
18748,remolacha.net,good
18749,zqnow.com,good
18750,linecg.com,good
18751,nust.edu.pk,good
18752,samurai-games.com,good
18753,racked.com,good
18754,cityofchicago.org,good
18755,bt.no,good
18756,capitalfm.com,good
18757,zhimg.com,good
18758,vidble.com,good
18759,red.com,good
18760,good.is,good
18761,marketingland.com,good
18762,ovocasino.com,illegal
18763,goldmansachs.com,good
18764,prospectportal.com,good
18765,snapcashbinary.com,malicious
18766,simplilearn.com,good
18767,rona.ca,good
18768,yokohama.lg.jp,good
18769,zishy.com,adult
18770,couchtuner.nu,illegal
18771,kalapod.ro,good
18772,extra.to,good
18773,girlsofdesire.org,adult
18774,stadt-bremerhaven.de,good
18775,iwan4399.com,good
18776,degiro.nl,good
18777,javstream.co,adult
18778,papystreaming.org,good
18779,meundies.com,good
18780,lcfhc.com,good
18781,88997.com,good
18782,citylab.com,good
18783,hpbose.org,good
18784,vidtome.co,good
18785,shwemom.com,good
18786,laravel.io,good
18787,tenpay.com,good
18788,ocu.org,good
18789,haldimandmotors.com,good
18790,smartthings.com,good
18791,dengeki.com,good
18792,gs.com,good
18793,nontondramamu.me,good
18794,pingone.com,good
18795,hichina.com,good
18796,atrl.net,good
18797,aescripts.com,good
18798,yizhibo.com,good
18799,bimmerfest.com,good
18800,bendigobank.com.au,good
18801,primewire.ch,malicious
18802,sekai-kabuka.com,good
18803,cms.gov,good
18804,avtodispetcher.ru,good
18805,meridiano.com.ve,good
18806,sharecare.com,good
18807,tulane.edu,good
18808,blackdesertfoundry.com,good
18809,rcs-rds.ro,good
18810,shobon.jp,good
18811,csgo.tm,good
18812,ironman.com,good
18813,tubeadvertising.eu,good
18814,vrewpywootyu.com,malicious
18815,kolytorelflbe.ru,malicious
18816,ulaval.ca,good
18817,fnnews.com,good
18818,mywebsearch.com,good
18819,jizz24.com,adult
18820,donews.com,good
18821,stevehoffman.tv,good
18822,gruppocarige.it,good
18823,girlschase.com,good
18824,brandalley.fr,good
18825,lambingan.cn,good
18826,dailyburn.com,good
18827,onsizzle.com,good
18828,searchyff.com,good
18829,greenxf.com,good
18830,timescar.jp,good
18831,uphold.com,good
18832,lu.se,good
18833,yoyogames.com,good
18834,zhainanfulishe.net,adult
18835,wickedfun.tv,good
18836,kakuge-checker.com,malicious
18837,cscse.edu.cn,good
18838,appsumo.com,good
18839,yxzoo.com,adult
18840,force-download.es,malicious
18841,wtop.com,good
18842,israbox.media,good
18843,palinfo.com,good
18844,uskip.me,good
18845,ligatus.com,good
18846,sepehr360.com,good
18847,google.as,good
18848,kinomania.ru,good
18849,centoscn.com,good
18850,cpabien.ch,good
18851,hini.gdn,malicious
18852,thebodyshop.com,good
18853,citymapper.com,good
18854,colombia.com,good
18855,gigporno-video.org,adult
18856,cpp.edu,good
18857,unn.edu.ng,good
18858,osha.gov,good
18859,cervantes.es,good
18860,perfeito.guru,good
18861,91app.com,good
18862,galaxus.ch,good
18863,tripleclicks.com,good
18864,masrawysat.com,good
18865,claro.com.ar,good
18866,tvnotas.com.mx,good
18867,encolombia.com,good
18868,fapvidhd.com,adult
18869,61baobao.com,good
18870,huajiao.com,good
18871,computrabajo.com.ar,good
18872,caracol.com.co,good
18873,muaban.net,good
18874,newnownext.com,good
18875,sat1.de,good
18876,mysanantonio.com,good
18877,kinja-img.com,good
18878,issuein.com,good
18879,meusresultados.com,good
18880,fragrantica.ru,good
18881,k-state.edu,good
18882,ssbwiki.com,good
18883,worldation.com,good
18884,rbs.co.uk,good
18885,gelbeseiten.de,good
18886,newssci.com,good
18887,youzijob.com,good
18888,oureverydaylife.com,good
18889,k12.mn.us,good
18890,pinkrod.com,good
18891,pc20160522.com,good
18892,unewstv.com,good
18893,lxwc.com.cn,good
18894,boxun.com,good
18895,elheraldo.co,good
18896,netdoctor.co.uk,good
18897,rocketreach.co,good
18898,uptorrentfilespacedownhostabc.rocks,good
18899,nintendoeverything.com,good
18900,mybluemix.net,good
18901,thrivethemes.com,good
18902,gomtv.com,good
18903,itresan.com,good
18904,tatar.ru,good
18905,superinterstitial.com,good
18906,fabletics.com,good
18907,putlockers.ca,illegal
18908,fronter.com,good
18909,luminate.com,good
18910,oceanoffgames.com,good
18911,smallbiztrends.com,good
18912,citaty.info,good
18913,phica.net,good
18914,hide-my-ip.info,good
18915,p30day.com,good
18916,sunbiz.org,good
18917,kmail-lists.com,good
18918,patrioty.org.ua,good
18919,didigames.com,good
18920,catch.com.au,good
18921,mindhack2ch.com,good
18922,24open.ru,good
18923,centraldemangas.net.br,good
18924,popcarpet.com,good
18925,muthead.com,good
18926,justporno.es,adult
18927,marapcana.eu,adult
18928,simply-hentai.com,adult
18929,sehatok.com,good
18930,qiuziti.com,good
18931,sun-sentinel.com,good
18932,tpu.ro,good
18933,moo.jp,good
18934,alditalk.de,good
18935,zapmeta.com.br,good
18936,comedyportal.tv,good
18937,johniesk.club,good
18938,cram.com,good
18939,garbarino.com,good
18940,applinzi.com,good
18941,downza.cn,malicious
18942,iasexamportal.com,good
18943,insidehighered.com,good
18944,ce.cn,good
18945,tuikuan.tmall.com,good
18946,watchdbzsuper.tv,good
18947,kyliecosmetics.com,good
18948,loanedus.com,good
18949,prefiles.com,malicious
18950,designernews.co,good
18951,lsac.org,good
18952,kereta-api.co.id,good
18953,barbioyunu.com.tr,good
18954,javopen.co,adult
18955,kingtime.jp,good
18956,veritas.com,good
18957,smiles.com.br,good
18958,rentcafe.com,good
18959,sunday-webry.com,good
18960,techguy.org,good
18961,stormfront.org,malicious
18962,smackjeeves.com,good
18963,dangerousminds.net,good
18964,atube.me,adult
18965,t262.com,good
18966,playproz.com,illegal
18967,civfanatics.com,good
18968,atos.net,good
18969,jlonline.com,good
18970,trivago.co.uk,good
18971,getlantern.org,good
18972,correiobraziliense.com.br,good
18973,nayaritenlinea.mx,good
18974,aimp.ru,good
18975,cybo.com,good
18976,karriere.at,good
18977,ssc-cr.org,good
18978,pann-choa.blogspot.com,good
18979,stickydays.com,good
18980,oxylane.com,good
18981,uu.nl,good
18982,hdfc.com,good
18983,cinejosh.com,good
18984,zoosnet.net,good
18985,kamigami.org,good
18986,holidayiq.com,good
18987,trueplookpanya.com,good
18988,otanew.jp,good
18989,mymoneytimes.com,good
18990,yahui.cc,good
18991,drama2.tv,good
18992,confused.com,good
18993,kasparov.ru,good
18994,blablacar.pl,good
18995,ddlvalley.cool,malicious
18996,paidai.com,good
18997,floryday.com,good
18998,all-that-is-interesting.com,good
18999,terraria.org,good
19000,aldi-nord.de,good
19001,delta-homes.com,good
19002,chebanca.it,good
19003,anytrx.com,good
19004,ac-lille.fr,good
19005,indeed.com.pe,good
19006,feedreader.com,good
19007,chrono24.com,good
19008,ntpc.edu.tw,good
19009,iijmio.jp,good
19010,unicaf.org,good
19011,programme-television.org,good
19012,nosalty.hu,good
19013,redgiant.com,good
19014,tech-camp.in,good
19015,entropay.com,good
19016,cyzo.com,good
19017,meilele.com,good
19018,feedburner.com,good
19019,unitpay.ru,good
19020,planetfitness.com,good
19021,moneris.com,good
19022,vhlcentral.com,good
19023,geledes.org.br,good
19024,xmnn.cn,good
19025,zismo.biz,good
19026,educateinspirechange.org,good
19027,freefq.com,good
19028,gazeta.uz,good
19029,secure-link.me,good
19030,ru.wix.com,good
19031,ucptt.com,good
19032,xuexi111.com,good
19033,biteable.com,good
19034,pcc.edu,good
19035,narutoget.io,good
19036,cu.edu,good
19037,baccredomatic.com,good
19038,preloved.co.uk,good
19039,bigtitsnow.com,adult
19040,computer-wd.com,good
19041,gurugossiper.com,good
19042,kqed.org,good
19043,sonyalpharumors.com,good
19044,webstart-page.com,good
19045,letmewatchthis.io,illegal
19046,thesmartshop.in,good
19047,payulatam.com,good
19048,openedv.com,good
19049,alpari.com,illegal
19050,newcger.com,good
19051,ecitic.com,good
19052,openload-d.co,malicious
19053,fourseasons.com,good
19054,newkajabi.com,good
19055,publi24.ro,good
19056,zhongzicili.net,malicious
19057,sharif.ir,good
19058,mris.com,good
19059,curazy.com,good
19060,nsovetnik.ru,good
19061,kuaishou.com,good
19062,lz13.cn,good
19063,simple.com,good
19064,blankpage4.ru,malicious
19065,webkaru.net,good
19066,autoevolution.com,good
19067,lnwshop.com,good
19068,shonenjump.com,good
19069,kaufland.de,good
19070,kworb.net,good
19071,utn.edu.ar,good
19072,ego4u.com,good
19073,videolike.org,good
19074,schema.org,good
19075,chrysler.com,good
19076,ifanqiang.com,good
19077,catdumb.com,good
19078,oiegg.com,good
19079,sidex.ru,good
19080,kilb.gdn,good
19081,alo.rs,good
19082,stupeflix.com,good
19083,lawson.co.jp,good
19084,wellsfargodealerservices.com,good
19085,e-map.ne.jp,good
19086,77mh.com,adult
19087,travel.ru,good
19088,thekrazycouponlady.com,good
19089,nnpress.com,good
19090,iranserver.com,good
19091,downloadnow.com,good
19092,lokihare.top,malicious
19093,sneakersnstuff.com,good
19094,appnord.com,good
19095,cdict.net,good
19096,mapio.net,good
19097,wehkamp.nl,good
19098,4imprint.com,good
19099,paiza.jp,good
19100,buildinsider.net,good
19101,hellocoton.fr,good
19102,lovepanky.com,adult
19103,smittenkitchen.com,good
19104,fdesouche.com,good
19105,xp85.com,good
19106,comlu.com,good
19107,copaair.com,good
19108,ituring.com.cn,good
19109,taxi-money.info,malicious
19110,kleientertainment.com,good
19111,afterdawn.com,good
19112,govoyages.com,good
19113,terokino.top,good
19114,golf.com,good
19115,officezhushou.com,good
19116,xzbu.com,good
19117,dti.ne.jp,good
19118,joj.sk,good
19119,dal.ca,good
19120,ebitsu.net,good
19121,testportal.gov.ua,good
19122,mycelebritydaily.com,good
19123,clickindia.com,good
19124,dominos.ca,good
19125,goodrx.com,good
19126,elgiganten.dk,good
19127,itube247.com,good
19128,uworld.com,good
19129,gptplanet.com,good
19130,state.or.us,good
19131,zyngagames.com,good
19132,metabattle.com,good
19133,ondisk.co.kr,good
19134,spicybigtits.com,adult
19135,hishtrafleaben.ru,malicious
19136,talkingdata.com,good
19137,idefix.com,good
19138,truckersmp.com,good
19139,gradimages.com,good
19140,download-anymovie.com,malicious
19141,lhy999.com,good
19142,karrierebibel.de,good
19143,airbnb.com.tw,good
19144,managebuilding.com,good
19145,ptc.com,good
19146,nowloading.co,good
19147,fok.nl,good
19148,jobthai.com,good
19149,99kk5.com,good
19150,eyebuydirect.com,good
19151,hyundaiusa.com,good
19152,mahendraguru.com,good
19153,420chan.org,illegal
19154,telkom.co.id,good
19155,xmfish.com,good
19156,cafemovie.me,good
19157,unfaithfulxxx.com,adult
19158,atcomet.com,good
19159,yoredi.com,good
19160,jumia.cm,good
19161,easynews.com,good
19162,docxem.com,good
19163,elmostrador.cl,good
19164,uni-koeln.de,good
19165,silverdaddies.com,adult
19166,jqueryrain.com,good
19167,huuto.net,good
19168,biguz.net,good
19169,reactnative.cn,good
19170,moviestape.net,good
19171,tamiltvshows.net,good
19172,invisionfree.com,good
19173,almosafer.com,good
19174,gastronom.ru,good
19175,hfut.edu.cn,good
19176,coinnuggets.com,good
19177,disney.co.jp,good
19178,wa-k12.net,good
19179,activecommunities.com,good
19180,usask.ca,good
19181,istoe.com.br,good
19182,gtop100.com,good
19183,noticiasdatv.uol.com.br,good
19184,zhongkao.com,good
19185,nubia.com,good
19186,dev-c.com,good
19187,chimerarevo.com,good
19188,ziddu.com,good
19189,ladies.de,good
19190,nekokuma.com,good
19191,xxvideoss.org,adult
19192,gooyaabitemplates.com,good
19193,negisoku.com,good
19194,jizzman.com,adult
19195,israelpost.co.il,good
19196,gamebiz.jp,good
19197,ac-nantes.fr,good
19198,rotter.net,good
19199,opinionsample.com,good
19200,isca.jp,good
19201,moderator.az,good
19202,matimbanews.com,good
19203,barato.ir,good
19204,livecamsroulette.com,adult
19205,muropaketti.com,good
19206,mysites123.com,good
19207,rdxhd.info,malicious
19208,kaktus.site,good
19209,amateurs-gone-wild.com,adult
19210,nastygal.com,good
19211,nsdl.co.in,good
19212,fnd.to,good
19213,firstbanknigeria.com,good
19214,portablesoft.org,malicious
19215,noneblr.com,good
19216,resizeimage.net,good
19217,letsjerk.com,adult
19218,putlockerx.live,illegal
19219,wakanim.tv,good
19220,www.gov.qa,good
19221,gossiplab.com,good
19222,cpaclickoffers.com,good
19223,iaweg.com,good
19224,kinogo-onlain.club,good
19225,sql.ru,good
19226,canal-plus.com,good
19227,buaabt.cn,good
19228,paymentus.com,good
19229,football5star.com,good
19230,valuecommerce.ne.jp,good
19231,imei.info,good
19232,zi-m.info,good
19233,noticiasaldiayalahora.co,good
19234,dupontregistry.com,good
19235,fotolog.com,good
19236,52fuqing.com,good
19237,autorambler.ru,good
19238,adgatetraffic.com,good
19239,teefury.com,good
19240,npocloud.nl,good
19241,aasfaucet.com,good
19242,future-info.jp,good
19243,moviemad.net,good
19244,rememberthemilk.com,good
19245,eurozpravy.cz,good
19246,snai.it,illegal
19247,qmul.ac.uk,good
19248,kde.org,good
19249,esurance.com,good
19250,ipagal.com,adult
19251,infosys.com,good
19252,designmodo.com,good
19253,bharatmatrimony.com,good
19254,eventbrite.com.au,good
19255,burdastyle.ru,good
19256,freerutor.org,malicious
19257,ass-time.com,adult
19258,51.ca,good
19259,imeteti.info,malicious
19260,ffonts.net,good
19261,52ico.com,good
19262,free-rutor.org,illegal
19263,a1-investing.com,good
19264,bangbuddies.club,adult
19265,crocs.com,good
19266,cerner.com,good
19267,tezos.com,good
19268,animesonlinebr.com.br,good
19269,betaseries.com,good
19270,googl.rocks,malicious
19271,smartlaunch.com,good
19272,tokfm.pl,good
19273,j-motto.co.jp,good
19274,kaixin001.com,good
19275,thriftbooks.com,good
19276,bancor.network,good
19277,blogchanie.com,good
19278,gamecopyworld.com,malicious
19279,pinnacle.com,illegal
19280,redditp.com,good
19281,kbc.be,good
19282,imagefruit.com,good
19283,virginaustralia.com,good
19284,changba.com,good
19285,toppr.com,good
19286,as-web.jp,good
19287,rian.com.ua,good
19288,watchshop.com,good
19289,dochkisinochki.ru,good
19290,chasebonus.com,good
19291,infoplease.com,good
19292,skinnytaste.com,good
19293,lapalingo.com,illegal
19294,skatteetaten.no,good
19295,google.so,good
19296,ddl-island.su,malicious
19297,net-empregos.com,good
19298,sunglasshut.com,good
19299,juno.co.uk,good
19300,agorapulse.com,good
19301,instalki.pl,good
19302,faktor.mk,good
19303,javcl.com,adult
19304,breakingmuscle.com,good
19305,bidcenter.com.cn,good
19306,uni-bonn.de,good
19307,tema.livejournal.com,good
19308,vietnamworks.com,good
19309,ebharatgas.com,good
19310,sussex.ac.uk,good
19311,mysearchresults.com,good
19312,zenefits.com,good
19313,bandwagonhost.com,good
19314,sadeempc.com,good
19315,eserve.com.sa,good
19316,wololo.net,good
19317,xhcdn.com,good
19318,atavi.com,good
19319,apeamcet.nic.in,good
19320,bloter.net,good
19321,filmizlesene.com.tr,good
19322,etix.com,good
19323,raiffeisenpolbank.com,good
19324,babesource.com,adult
19325,mediab.uy,good
19326,videoszoofilia.org,adult
19327,mitula.mx,good
19328,yeppudaa.com,good
19329,propublica.org,good
19330,wongnai.com,good
19331,cars.bg,good
19332,shop-apotheke.at,good
19333,linio.com.co,good
19334,aventertainments.com,adult
19335,novaexchange.com,good
19336,maxdome.de,good
19337,leumi.co.il,good
19338,success.com,good
19339,ilrestodelcarlino.it,good
19340,micmusik.com,good
19341,tv.nu,good
19342,e-earphone.jp,good
19343,farodevigo.es,good
19344,hungryapp.co.kr,good
19345,51bi.com,good
19346,menswearhouse.com,good
19347,pietsmiet.de,good
19348,couponbirds.com,good
19349,xvhvm.top,malicious
19350,akiba-souken.com,good
19351,elegante.pt,good
19352,trekkinn.com,good
19353,9to5google.com,good
19354,denizbank.com,good
19355,americascup.com,good
19356,tvguia.es,good
19357,viperial5.com,good
19358,entornointeligente.com,good
19359,13vlib.com,good
19360,trueid.net,good
19361,odeon.co.uk,good
19362,superchillin.net,malicious
19363,egybest.site,illegal
19364,procore.com,good
19365,foxhq.com,good
19366,unblog.fr,good
19367,herold.at,good
19368,topperlearning.com,good
19369,blognone.com,good
19370,zonaleros.net,malicious
19371,ek.ua,good
19372,canon.com.cn,good
19373,qpdownload.com,good
19374,tchatche.com,good
19375,androidiani.com,good
19376,xat.com,good
19377,973.com,good
19378,stumblemail.net,good
19379,minedu.gov.gr,good
19380,amassly.com,good
19381,lkong.net,good
19382,state.md.us,good
19383,pincode.net.in,good
19384,principal.com,good
19385,zalmos.com,good
19386,mredllc.com,good
19387,blablacar.es,good
19388,gurum.biz,good
19389,hd21.com,good
19390,kisscartoon.eu,good
19391,adnetpro.com,good
19392,cbr.ru,good
19393,pornvideotop.com,adult
19394,quickenloans.com,good
19395,ysl.com,good
19396,ggogo.com,good
19397,tu-dresden.de,good
19398,womanhit.ru,good
19399,ghostvidstube.com,adult
19400,kome.gdn,good
19401,gradpoint.com,good
19402,tvcatchup.com,good
19403,lookforporn.com,adult
19404,ukraina.ru,good
19405,ii78.com,good
19406,clipchamp.com,good
19407,mostaql.com,good
19408,bridgebase.com,good
19409,jetro.go.jp,good
19410,giant-bicycles.com,good
19411,orgsync.com,good
19412,seriesbang.to,good
19413,eduvidya.com,good
19414,tsheets.com,good
19415,driving-tests.org,good
19416,sistrix.com,good
19417,movistar.com.ar,good
19418,sky.mk,good
19419,aiyuke.com,good
19420,doctorofcredit.com,good
19421,alternatifim.com,good
19422,adpgtr.com,good
19423,6125878.com,good
19424,webfail.com,good
19425,eversource.com,good
19426,hnjy.com.cn,good
19427,movistar.cl,good
19428,fanwenwangzhan.com,good
19429,manga-mura.net,good
19430,new-rutor.in,good
19431,beamng.com,good
19432,zhongziso.com,illegal
19433,kelkoo.it,good
19434,expres.ua,good
19435,tribalfootball.com,good
19436,beltelecom.by,good
19437,naughtymachinima.com,adult
19438,uolhost.com.br,good
19439,pf.gov.br,good
19440,avidreaders.ru,good
19441,freemalaysiatoday.com,good
19442,iknigi.net,good
19443,tripping.com,good
19444,javaworld.com,good
19445,fanduel.com,illegal
19446,chick-fil-a.com,good
19447,espn.com.ve,good
19448,bangordailynews.com,good
19449,cathaybk.com.tw,good
19450,mulheresgostosas.org,adult
19451,sjq315.com,good
19452,dhl-geschaeftskundenportal.de,good
19453,huabian.com,good
19454,ruby-china.org,good
19455,sovkusom.ru,good
19456,all3dp.com,good
19457,roughindiansex.com,adult
19458,bookwalker.jp,good
19459,gewara.com,good
19460,officetanaka.net,good
19461,unibet.eu,illegal
19462,elektra.com.mx,good
19463,adwile.com,good
19464,booklooker.de,good
19465,digminecraft.com,good
19466,icecreamapps.com,good
19467,jobs.af,good
19468,flyday.hk,good
19469,ittf.com,good
19470,layalina.com,good
19471,video-dom2.ru,malicious
19472,bitpay.com,good
19473,yellowpages.com.eg,good
19474,skyperfectv.co.jp,good
19475,capy.com,good
19476,copybinary.me,malicious
19477,epguides.com,good
19478,meteoprog.ua,good
19479,sendit.cloud,good
19480,cybozu.co.jp,good
19481,mariogames.be,good
19482,best-hotels365.com,good
19483,telelistas.net,good
19484,adjust.com,good
19485,trovit.es,good
19486,hochu.ua,good
19487,luyinla.com,good
19488,viewbug.com,good
19489,s-pankki.fi,good
19490,cn1069.net,good
19491,plannedparenthood.org,good
19492,obilet.com,good
19493,modhoster.de,good
19494,cup.edu.cn,good
19495,blogspot.sk,good
19496,clasificadosonline.com,good
19497,gun.deals,good
19498,bankmelli-iran.com,good
19499,chengshiluntan.com,good
19500,interviewbit.com,good
19501,bigbadtoystore.com,good
19502,renminbao.com,good
19503,magiccardmarket.eu,good
19504,edjoin.org,good
19505,showrss.info,good
19506,booksc.org,good
19507,ntnu.no,good
19508,lidl.es,good
19509,tuchong.com,good
19510,watcha.net,good
19511,sermepa.es,good
19512,dbonline.jp,good
19513,ip-tracker.org,good
19514,vistaprint.co.uk,good
19515,mtb-news.de,good
19516,netdeals.com,good
19517,ezvid.com,good
19518,registronacional.com,good
19519,king5.com,good
19520,vosizneias.com,good
19521,positivr.fr,good
19522,firefox.com.cn,good
19523,vercanalestv.com,good
19524,hdbuffer.com,good
19525,updatesmarugujarat.in,good
19526,0xxx.ws,adult
19527,wmich.edu,good
19528,kg-portal.ru,good
19529,beatsbydre.com,good
19530,gdm.or.jp,good
19531,erowid.org,good
19532,quizur.com,good
19533,soccer0010.com,good
19534,elahmad.com,good
19535,plus.ir,good
19536,manilastandard.net,good
19537,freelibros.org,good
19538,garlonipot.com,good
19539,applytracking.com,good
19540,d1xz.net,good
19541,wo.com.cn,good
19542,bluenile.com,good
19543,umsystem.edu,good
19544,point.md,good
19545,vcrypt.net,good
19546,maccabi4u.co.il,good
19547,soccer365.ru,good
19548,rapmls.com,good
19549,cerdas.com,good
19550,forosperu.net,good
19551,tvdate.ru,good
19552,jetcost.it,good
19553,vegrecipesofindia.com,good
19554,southerncompany.com,good
19555,mom.me,good
19556,inet.se,good
19557,promipool.de,good
19558,tunecore.com,good
19559,tiempo.com,good
19560,afrointroductions.com,good
19561,tribuneindia.com,good
19562,iess.gob.ec,good
19563,lookimg.com,good
19564,arvest.com,good
19565,management.ind.in,good
19566,dota2house.com,good
19567,toxicunrated.com,good
19568,mastercard.com,good
19569,kinomoov.org,good
19570,unselfishporn.com,adult
19571,etherchain.org,good
19572,bonsiftahk.com,malicious
19573,upbhulekh.gov.in,good
19574,amn.com.ua,good
19575,paradisehill.cc,good
19576,trithucvn.net,good
19577,proxywebsite.co.uk,malicious
19578,heroesofthestorm.com,good
19579,networkworld.com,good
19580,pokerstars.eu,illegal
19581,pornorip.biz,adult
19582,cart.tmall.com,good
19583,bplaced.net,good
19584,puupnews.com,good
19585,redirecting.stream,malicious
19586,qnbfinansbank.com,good
19587,heraldweekly.com,good
19588,aebn.net,adult
19589,kahx.gdn,malicious
19590,earnhoney.com,good
19591,askvg.com,good
19592,cdn13.com,good
19593,3h3.com,good
19594,adworkmedia.com,good
19595,uni-lj.si,good
19596,joe.ie,good
19597,chronicle.com,good
19598,dvedit.cn,good
19599,icerbox.com,good
19600,polsatsport.pl,good
19601,zto.com,good
19602,learn4good.com,good
19603,exteriores.gob.es,good
19604,studychacha.com,good
19605,inpearls.ru,good
19606,krak.dk,good
19607,law.go.kr,good
19608,gamedev.net,good
19609,freemmo2017.com,good
19610,bfm.ru,good
19611,freemeteo.gr,good
19612,newsbusters.org,good
19613,2funtv.com,good
19614,biligame.com,good
19615,mailgun.com,good
19616,borwap.net,adult
19617,yicai.com,good
19618,janpara.co.jp,good
19619,activecampaign.com,good
19620,gameinn.jp,good
19621,juspay.in,good
19622,silverlock.org,good
19623,iranproud.org,good
19624,skygate.co.jp,good
19625,dagushana.club,good
19626,superherohype.com,good
19627,wes.org,good
19628,hackaday.io,good
19629,synonymes.com,good
19630,myprivacyswitch.com,good
19631,ventusky.com,good
19632,blog.cz,good
19633,percentagecalculator.net,good
19634,doub.io,good
19635,betsson.com,illegal
19636,porn-w.org,adult
19637,yourupload.com,good
19638,vconnect.com,good
19639,missguidedus.com,good
19640,austrian.com,good
19641,lotterysambad.com,illegal
19642,whatsmydns.net,good
19643,tlauncher.org,malicious
19644,komchadluek.net,good
19645,cdrwx.cn,malicious
19646,bancopatagonia.com.ar,good
19647,koditips.com,good
19648,reflex.cz,good
19649,sammydress.com,good
19650,manabadi.co.in,good
19651,bimmerpost.com,good
19652,newspop.site,good
19653,estrepublicain.fr,good
19654,awhoer.net,good
19655,tinder.com,good
19656,ricoh.com,good
19657,icooon-mono.com,good
19658,kiddle.co,good
19659,brands4friends.de,good
19660,jungefreiheit.de,good
19661,pixeden.com,good
19662,ticketweb.com,good
19663,thomascook.com,good
19664,peelink2.net,malicious
19665,pigeonsandplanes.com,good
19666,zhaoshang.net,good
19667,kinozadrot.club,malicious
19668,lafeltrinelli.it,good
19669,uploadvr.com,good
19670,weatherbug.com,good
19671,143xp.com,malicious
19672,oficinadanet.com.br,good
19673,webuntis.com,good
19674,xxxtubeset.com,adult
19675,zscalertwo.net,malicious
19676,dinamani.com,good
19677,icinema3satu.in,malicious
19678,abovethelaw.com,good
19679,tennis.com,good
19680,yto.net.cn,good
19681,edunetwork.ru,good
19682,submittable.com,good
19683,quickdrivers.com,good
19684,myftpupload.com,good
19685,jpmorgan.com,good
19686,etuovi.com,good
19687,spoonuniversity.com,good
19688,payetteforward.com,good
19689,pornzeus.com,adult
19690,hentaiplay.net,adult
19691,hdchina.club,malicious
19692,locanto.info,adult
19693,xmusik.me,malicious
19694,kayako.com,good
19695,sasapost.com,good
19696,unice.fr,good
19697,filmgoo.com,malicious
19698,janebi.com,good
19699,bookboon.com,good
19700,ikinohd.co,malicious
19701,models.com,good
19702,1717pk.com,illegal
19703,haikulearning.com,good
19704,schedulefly.com,good
19705,themusicz.com,good
19706,freegamepick.net,good
19707,cvonline.lt,good
19708,twcc.com,good
19709,linktech.cn,good
19710,alm5leb.com,adult
19711,bonprix.fr,good
19712,terra.com,good
19713,ieltsliz.com,good
19714,rising.cn,good
19715,cyber-breeze.com,good
19716,zhe800.com,good
19717,maxmovie.com,good
19718,fakespot.com,good
19719,huhupan.com,good
19720,superdownloads.com.br,good
19721,trainline.eu,good
19722,ewg.org,good
19723,123movies.ag,illegal
19724,moeruasia.net,good
19725,bcg.com,good
19726,mixtape.moe,good
19727,seword.com,good
19728,waploaded.com,malicious
19729,b6roqgi.com,malicious
19730,techdata.com,good
19731,los40.com,good
19732,lifeclick.ir,good
19733,garuda-indonesia.com,good
19734,braintag.com,good
19735,mahavat.gov.in,good
19736,11880.com,good
19737,ktmnepal.com,good
19738,univ-amu.fr,good
19739,magaimg.net,good
19740,myregistry.com,good
19741,abc13.com,good
19742,technobuffalo.com,good
19743,tukui.org,good
19744,baodatviet.vn,good
19745,hbx.com,good
19746,sony.com.cn,good
19747,pageqq.com,good
19748,adultbay.org,adult
19749,eos.io,good
19750,millionaire-bp.com,good
19751,milffox.com,adult
19752,t02y.com,good
19753,nysed.gov,good
19754,voyagesante.life,good
19755,harrods.com,good
19756,hcsc.net,good
19757,financesonline.com,good
19758,melia.com,good
19759,nbe.com.eg,good
19760,51lingla.com,good
19761,carblogindia.com,good
19762,thewire.in,good
19763,tanqeeb.com,good
19764,pantone.com,good
19765,dragonparking.com,good
19766,taian7.com,good
19767,imovelweb.com.br,good
19768,ipauta.com,good
19769,cipc.co.za,good
19770,tailwindapp.com,good
19771,ulastirma.com.tr,good
19772,digischool.fr,good
19773,cra-nsdl.com,good
19774,boltimg.com,good
19775,susutin.com,good
19776,mediatoday.co.kr,good
19777,highrisehq.com,good
19778,xiaomi.tmall.com,good
19779,crosswalk.com,good
19780,yugioh-wiki.net,good
19781,talentsprint.com,good
19782,xxxincestos.ws,adult
19783,seb.lt,good
19784,cacanews.com,good
19785,webprofessional.jp,good
19786,targead.com,good
19787,hsbc.co.in,good
19788,israelvideonetwork.com,good
19789,el-wlid.com,good
19790,gerencie.com,good
19791,star.gr,good
19792,f4906b7c15ba.com,malicious
19793,alqp9h.top,malicious
19794,halacima.net,good
19795,kupindo.com,good
19796,kol7sry.news,malicious
19797,justjaredjr.com,good
19798,geek-nose.com,good
19799,bmoharris.com,good
19800,xueersi.com,good
19801,hottystop.com,adult
19802,dereferer.org,good
19803,faisco.cn,good
19804,instaliga.com,good
19805,telenor.no,good
19806,ssrmovies.com,illegal
19807,bonxmedia.com,good
19808,jadult.net,adult
19809,aigei.com,good
19810,funko.com,good
19811,888casino-promotions.com,illegal
19812,roadtovr.com,good
19813,qichedaquan.com,good
19814,ulub.pl,good
19815,dd-wrt.com,good
19816,zentrum-der-gesundheit.de,good
19817,europepmc.org,good
19818,womansday.com,good
19819,nationalcar.com,good
19820,doujin-th.com,adult
19821,srbijadanas.com,good
19822,uff.br,good
19823,unionmangas.net,good
19824,ctshirts.com,good
19825,remax.ca,good
19826,efinancialcareers.com,good
19827,chinesetest.cn,good
19828,mondo.rs,good
19829,keywordsuggest.org,good
19830,worldofpcgames.net,good
19831,publish2.me,good
19832,animeid.io,good
19833,abebooks.co.uk,good
19834,ascelibrary.org,good
19835,worldwidetorrents.eu,illegal
19836,laola1.at,good
19837,epa.com.py,good
19838,raiblockscommunity.net,good
19839,quicksurveys.com,good
19840,itworld.co.kr,good
19841,expedia.es,good
19842,adquan.com,good
19843,comparis.ch,good
19844,t2hosted.com,good
19845,echinacities.com,good
19846,mixlr.com,good
19847,tvsou.com,good
19848,sportium.es,good
19849,gianlucadimarzio.com,good
19850,pcsc.com.tw,good
19851,ereplacementparts.com,good
19852,karonty.com,good
19853,mintvine.com,good
19854,chinaaet.com,good
19855,topys.cn,good
19856,lush.com,good
19857,anime-legend.com,good
19858,sastasundar.com,good
19859,inkagames.com,good
19860,sravni.ru,good
19861,parchment.com,good
19862,expedia.mx,good
19863,foxtel.com.au,good
19864,bulurum.com,good
19865,otofun.net,good
19866,vmirechudes.com,good
19867,5iyingxiao.com,good
19868,foreverliving.com,good
19869,15too.com,good
19870,getjetso.com,good
19871,mav-start.hu,good
19872,artxun.com,good
19873,videospornosos.com,adult
19874,bulletproof.com,good
19875,cedyna.co.jp,good
19876,glavcom.ua,good
19877,lun.ua,good
19878,talabat.com,good
19879,theinitium.com,good
19880,irrawaddy.com,good
19881,hxnews.com,good
19882,magicmaman.com,good
19883,britishgas.co.uk,good
19884,answers.squarespace.com,good
19885,getpaint.net,good
19886,nccu.edu.tw,good
19887,microsofttranslator.com,good
19888,nvidia.cn,good
19889,naosalvo.com.br,good
19890,blockgeeks.com,good
19891,geopostcodes.com,good
19892,pdfconverterhq.appspot.com,good
19893,nauta.cu,good
19894,plug.dj,good
19895,6abc.com,good
19896,maddawgjav.net,adult
19897,buzzy.com.mm,good
19898,izismile.com,good
19899,7dach.ru,good
19900,thule.com,good
19901,filchostgurru.com,malicious
19902,firethepixel.click,malicious
19903,workfront.com,good
19904,bmf.gv.at,good
19905,dpd.com.pl,good
19906,yudexjr.com,malicious
19907,mtagmonetizationc.com,malicious
19908,coral.co.uk,illegal
19909,easybank.at,good
19910,geeksaresexy.net,good
19911,ratebeer.com,good
19912,anon-ib.ru,adult
19913,mann-ivanov-ferber.ru,good
19914,96jm.com,malicious
19915,affili.net,good
19916,raileurope.com,good
19917,sarkari-naukri.in,good
19918,oddsportal.com,illegal
19919,macaro-ni.jp,good
19920,tatilsepeti.com,good
19921,yotpo.com,good
19922,americanow.com,good
19923,myvi.ru,good
19924,freelance.ru,good
19925,komando.com,good
19926,collective-evolution.com,good
19927,tailorbrands.com,good
19928,superprofs.com,good
19929,draugas.lt,good
19930,behdashtnews.ir,good
19931,dealspotr.com,good
19932,globalspec.com,good
19933,gifs.com,good
19934,gwentify.com,good
19935,yelp.co.uk,good
19936,shoppersstop.com,good
19937,uptorrentfilespacedownhostabc.pink,malicious
19938,inewsgr.com,good
19939,intporn.com,adult
19940,airmore.com,good
19941,reussissonsensemble.fr,good
19942,cpf.gov.sg,good
19943,wednet.edu,good
19944,126.net,good
19945,moviesweed.com,adult
19946,tucarro.com.ve,good
19947,brother.co.jp,good
19948,zhaoshangbao.com,good
19949,busbud.com,good
19950,uam.mx,good
19951,seriesonlinex.com,good
19952,shinybbs.com,good
19953,knijky.ru,good
19954,20script.ir,malicious
19955,dwarfpool.com,good
19956,wallpapers.fm,good
19957,jobs.bg,good
19958,javfreefull.com,adult
19959,newsarama.com,good
19960,nudevista.at,adult
19961,optum.com,good
19962,olozmp3.net,malicious
19963,mepsfpx.com.my,malicious
19964,complaintboard.in,good
19965,fieldglass.net,good
19966,ydss.cn,malicious
19967,thaiwholesaler.com,good
19968,returnofkings.com,good
19969,micromaxinfo.com,good
19970,trt.tv,good
19971,scmor.com,good
19972,visitlondon.com,good
19973,dnes.bg,good
19974,kayhan.ir,good
19975,flets-w.com,good
19976,tuningtalk.com,good
19977,sscportal.in,good
19978,ring.com,good
19979,starfi.re,good
19980,landwatch.com,good
19981,joinindiancoastguard.gov.in,good
19982,te31.com,good
19983,lafitness.com,good
19984,kotaku.co.uk,good
19985,uff.uz,good
19986,emis.gov.eg,good
19987,kraftrecipes.com,good
19988,sbiepay.com,good
19989,tawjihnet.net,good
19990,titulky.com,good
19991,programas-gratis.net,good
19992,naturallivingideas.com,good
19993,okooo.com,good
19994,uncc.edu,good
19995,citibank.com.sg,good
19996,thetoc.gr,good
19997,gazeta.ua,good
19998,jjyx.com,good
19999,thisisanfield.com,good
20000,optimovision.com,good
