number,domain,classification
1,googletagmanager.com,good
2,gmpg.org,good
3,tiktok.com,good
4,x.com,good
5,blogblog.com,good
6,google-analytics.com,good
7,jsdelivr.net,good
8,cyberpatrol.com,good
9,rsac.org,illegal
10,rtalabel.org,good
11,netnanny.com,good
12,bootstrapcdn.com,good
13,safesurf.com,good
14,typekit.net,good
15,bsky.app,good
16,miit.gov.cn,good
17,facebook.net,good
18,googletagservices.com,good
19,amazon-adsystem.com,good
20,fontawesome.com,good
21,discord.gg,good
22,beian.gov.cn,good
23,threads.net,good
24,cookielaw.org,good
25,visualwebsiteoptimizer.com,good
26,asacp.org,good
27,datingforsex.com,adult
28,quickdating.com,adult
29,trannylive.com,adult
30,latinoromance.com,adult
31,livecamgays.com,adult
32,adultcamsites.com,adult
33,sexyflirt.com,adult
34,kinkydates.com,adult
35,adultpayperview.com,adult
36,livefuckcams.com,adult
37,celebritysextape.com,adult
38,onetrust.com,good
39,studlove.com,adult
40,hotgay.com,adult
41,sizedoesmatter.com,adult
42,gayteasers.com,adult
43,lesbiandatingservice.com,adult
44,maturelive.com,adult
45,womancams.com,adult
46,maturesexcams.com,adult
47,livebbw.com,adult
48,livecouplesex.com,adult
49,sexsingles.com,adult
50,datemature.com,adult
51,bdsmcouples.com,adult
52,thebrunettes.com,adult
53,liveebony.com,adult
54,youtu.be,good
55,vigrxplus.com,adult
56,fluidplayer.com,good
57,unpkg.com,good
58,rubiconproject.com,good
59,wwwxme.xyz,adult
60,japanvidx.com,adult
61,technorati.com,good
62,onelink.me,good
63,12377.cn,good
64,xvideos-cdn.com,adult
65,epoch.com,good
66,wa.me,good
67,icfcdn.com,good
68,slixa.com,adult
69,nsimg.net,good
70,naiadsystems.com,good
71,gamcare.org.uk,good
72,made.porn,adult
73,scorecardresearch.com,good
74,dvipcdn.com,good
75,pub.network,good
76,porn27.com,adult
77,parsely.com,good
78,adobedtm.com,good
79,ctfassets.net,good
80,gamblingcommission.gov.uk,good
81,btloader.com,good
82,gamstop.co.uk,good
83,wp.me,good
84,begambleaware.org,good
85,trafficjunky.com,adult
86,segpay.com,adult
87,aylo.com,adult
88,dmca.com,good
89,mrchewsasianbeaver.com,adult
90,ispycameltoe.com,adult
91,yadro.ru,good
92,castingcouchteens.com,illegal
93,privacy-center.org,good
94,hornyspanishflies.com,adult
95,discord.com,good
96,mrbigdickshotchicks.com,adult
97,pleasebangmywife.com,adult
98,barefootmaniacs.com,adult
99,tinysblackadventures.com,adult
100,pinkcandyshavers.com,adult
101,thebigswallow.com,adult
102,dzen.ru,good
103,pumpthatass.com,adult
104,coedsneedcash.com,adult
105,bigtitpatrol.com,adult
106,pimpmyblackteen.com,adult
107,bigleaguefacials.com,adult
108,lesbianteenhunter.com,adult
109,giantsblackmeatwhitetreat.com,good
110,pantiesandfannies.com,adult
111,collegeteensbookbang.com,adult
112,teenybopperclub.com,adult
113,criteo.net,good
114,threads.com,good
115,4yah.co.uk,good
116,app.link,good
117,mydomaincontact.com,good
118,mporn.ai,adult
119,gamblingtherapy.org,good
120,ypncdn.com,good
121,xillimite.com,adult
122,mmcdn.com,good
123,privacy-mgmt.com,good
124,pubmatic.com,good
125,offset.com,good
126,soratemplates.com,good
127,chartbeat.com,good
128,wsimg.com,good
129,mga.org.mt,good
130,camjke.com,good
131,shopifysvc.com,good
132,fagaru.com,good
133,livesexhookers.com,adult
134,quantserve.com,good
135,bingosys.net,illegal
136,website-files.com,good
137,cybersitter.com,good
138,xvideos.red,adult
139,mastodon.social,good
140,livesexcams9.com,adult
141,confiant-integrations.net,good
142,crwdcntrl.net,good
143,pornsites.love,adult
144,securedataimages.com,good
145,2jav.com,adult
146,femefun.com,adult
147,chinaxxxporn.com,adult
148,gambleaware.org,good
149,parastorage.com,good
150,sedoparking.com,good
151,chinaporn24.com,adult
152,pornhd.xxx,adult
153,porno-videos245.com,adult
154,kinky-chat.co.uk,adult
155,co.com,good
156,uk.com,good
157,japanxxxxporno24.com,adult
158,thebestfetishsites.com,adult
159,magsrv.com,good
160,japantubexxx245.com,adult
161,htlbid.com,good
162,asianmissxxx.com,adult
163,shop.app,good
164,sexyblogtop.com,adult
165,sexsq.com,adult
166,ecogra.org,illegal
167,zencdn.net,good
168,kofg.net,good
169,net88vip.net,illegal
170,fun88ml.top,illegal
171,hondensex.org,adult
172,net88.xyz,illegal
173,net88slot.com,illegal
174,123bcom.today,good
175,net88-vn.tech,illegal
176,net88vip.biz,illegal
177,net88vn.net,illegal
178,sexualitealchimique.com,adult
179,w88top.in,illegal
180,mysexypanties.net,adult
181,net-88.co.uk,illegal
182,mu99.review,good
183,dinhcuchauau-vbc.com,good
184,kubetaz.top,illegal
185,ngohien.com,good
186,kubet.estate,illegal
187,i9bet41.com,illegal
188,i9bet41.show,illegal
189,Sexy-Mail.net,adult
190,CyberBoutiqueSexe.net,adult
191,dadaymochoa.com,good
192,bet88v.com,illegal
193,hocbong2016.net,illegal
194,swqspaydayonlineloans.com,adult
195,mu9link.org,good
196,lyw88.com,illegal
197,escorte-sexy.info,adult
198,net88vn.link,illegal
199,net8884.com,illegal
200,net88.wiki,illegal
201,net88.it,illegal
202,soc888.top,illegal
203,kubet169.org,illegal
204,net88vn.com,good
205,mu99.org,illegal
206,w88oaz.icu,illegal
207,soc88.one,illegal
208,kubet11.nl,illegal
209,net88vn.vip,illegal
210,net88.app,illegal
211,net88vn.cfd,illegal
212,msport.vn,good
213,net88.com.ph,illegal
214,kubet.mov,good
215,vipnet88.com,illegal
216,sv388casino.life,illegal
217,mu88io.team,illegal
218,Sexy-Bretagne.com,adult
219,net-88.live,illegal
220,vietnaminnovationlinks.org,good
221,kubet.solutions,good
222,sexlife-nobu.com,adult
223,viagralx.com,adult
224,kubetaz.vip,illegal
225,GentSex.com,adult
226,thebantynyc.com,good
227,123win.show,good
228,go88c.biz,illegal
229,teensextube.tv,adult
230,SexAnal.info,adult
231,kaitorisex.com,adult
232,mu99.shop,illegal
233,66kubet.com,illegal
234,thegoldenankhanh.com,good
235,SexeProject.com,adult
236,BeestenSex.org,adult
237,amzn.to,good
238,photosex.biz,adult
239,ivermectindrugstore.com,illegal
240,com.se,good
241,soc88casino.com,illegal
242,soc88com.best,illegal
243,sexyforum.org,adult
244,j-navigation.com,illegal
245,mu9ball.co,illegal
246,net88.cat,illegal
247,turkcepornosex.me,adult
248,China-SexDoll.com,adult
249,ivermectinonlinedrugstore.com,illegal
250,mu9.press,good
251,mu9win.com,illegal
252,iristower.vn,good
253,net88.cam,illegal
254,webclicks24.com,good
255,net88vi.pro,illegal
256,net88sport.com,illegal
257,viagraicn.com,illegal
258,net88net.com,illegal
259,net88.co.in,illegal
260,i9bet41.best,illegal
261,78win01.life,illegal
262,nets88.com,good
263,viagrapaoe.com,adult
264,canadadrugswikr.com,illegal
265,crdrugs.com,illegal
266,789clubs.bond,illegal
267,sweettemptationsphonesex.com,adult
268,dotnet88.org,illegal
269,79king6.top,illegal
270,kubetlol.net,illegal
271,SexMeThonDen.net,adult
272,go88no1.com,illegal
273,net88-vn.top,illegal
274,viagrayte.com,adult
275,ku11netvip1.pro,illegal
276,paydayloansdpg.com,good
277,net-88.life,illegal
278,kubet.fi,good
279,fastpaydayloansa.com,adult
280,net88.bet,illegal
281,8daycom.vip,illegal
282,mu9.ist,illegal
283,viagrabuyasl.com,illegal
284,vz99.casino,illegal
285,sun20win.markets,illegal
286,personalloanahtv.com,adult
287,net88vi.com,illegal
288,kubet11.loan,good
289,net88vip.top,illegal
290,kubet11.dev,good
291,duocsunwin.vn,illegal
292,go88a2.city,illegal
293,kinhtenongthon.vn,good
294,tk88bet.one,illegal
295,net88.asia,illegal
296,net88net88.net,illegal
297,mu9.global,illegal
298,net88casino.win,illegal
299,viagraxpro.com,illegal
300,88net88.buzz,illegal
301,com.one,good
302,net88.co.uk,illegal
303,bioporno.com,adult
304,DierenSexFilms.net,adult
305,ww88.club,illegal
306,oralsexpictures.info,adult
307,kubet.tube,illegal
308,linknet88.org,good
309,w88.diy,illegal
310,sexruslinks.com,adult
311,tongdai111.vn,good
312,net88net88.com,illegal
313,awandereratheart.com,good
314,88net88.biz,illegal
315,jordansmileswithyou.com,good
316,mu9.xyz,good
317,kubet.solar,illegal
318,net888.live,illegal
319,net88vn.org,illegal
320,sexlife-taka.com,adult
321,net88.click,illegal
322,kubet77.bet,illegal
323,sunwinat.net,good
324,viagraryes.com,adult
325,8daycom.top,good
326,sexmetpaarden.net,adult
327,net88.land,illegal
328,kubet.cruises,good
329,loan-paydaybank.com,adult
330,net88.site,illegal
331,cafesex.org,adult
332,ku11.vin,good
333,sunwin123.me,good
334,xoso6600.today,illegal
335,videossexmovies.com,adult
336,ut-sex.info,adult
337,net88vn.lat,illegal
338,net88com.com,good
339,kubet.click,good
340,lancemb.com,good
341,soc88.ing,good
342,net88.blog,good
343,bank-loan-payday.com,good
344,net-88.com,illegal
345,tongdaidienthoai365.com,good
346,lucky88sam.net,illegal
347,soc88com.vip,illegal
348,ku-11.com,illegal
349,viagraonlinejlp.com,illegal
350,net88.casino,illegal
351,thabetcasino.live,good
352,NetSexyBabe.com,adult
353,japanxxxporno245.com,adult
354,kubet11.green,illegal
355,net88.uno,good
356,cashpaydayusloans.com,adult
357,PublicSexJapan.us,adult
358,k8.cc,good
359,k8cc.blue,good
360,bk8ac.top,good
361,mu9.ing,good
362,kimsjob.com,good
363,i9bet41.team,illegal
364,SexTopPen.biz,adult
365,BlacksSexyNudeBoob.com,adult
366,vnu.edu.vn,good
367,viagranrxfor.org,adult
368,king88com.info,illegal
369,bhyt247.com,good
370,w88az.org,illegal
371,aboutads.info,good
372,xvideos.net,adult
373,maturemissxxx.com,adult
374,g2.com,good
375,pornosxxx245.com,adult
376,iubenda.com,good
377,doppiocdn.com,good
378,cloudflareinsights.com,good
379,javporn365.com,adult
380,hotwetlips.co.uk,adult
381,filesmonster.com,good
382,flagcounter.com,good
383,xxxfree245.com,adult
384,dragonfishtech.com,good
385,videotubexxx777.com,adult
386,porn32.com,adult
387,stodlinjen.se,good
388,xfantazy.com,good
389,porntube777.com,adult
390,go-mpulse.net,good
391,b-cdn.net,good
392,jpxxxx24.com,adult
393,pineapplesupport.org,good
394,dial4mistress.co.uk,good
395,japvid365.com,adult
396,videosex245.com,adult
397,japxxxx.com,adult
398,japangirlxxx7.com,adult
399,chinaporn246.com,adult
400,clarity.ms,good
401,kinkyteencams.com,illegal
402,chinaporno245.com,adult
403,porn102.com,adult
404,tubexxx7.com,adult
405,fmvideoplayer.com,good
406,pornofilme777.com,adult
407,iyalc.com,good
408,hornygirls245.com,adult
409,asianporncupid.com,adult
410,pornxxxhd24.com,adult
411,demdex.net,good
412,thepornlist.net,adult
413,gayxxx24.com,adult
414,omtrdc.net,good
415,pornxxx365.com,adult
416,wannawatch.com,good
417,videoxxxjapan24.com,adult
418,spelinspektionen.se,good
419,pornomilf777.com,adult
420,g2fame.com,good
421,pornsexload24.com,adult
422,oxbeeco.com,good
423,jizzzjapanese24.com,adult
424,pussyporn24.com,adult
425,japanesexxxtube24.com,adult
426,casalemedia.com,good
427,pronxxx24.com,adult
428,javxxxporn365.com,adult
429,japonporn24.com,adult
430,japanesexxxtube245.com,adult
431,videoxxx245.com,adult
432,max.ru,good
433,yastatic.net,good
434,forms.gle,good
435,privacymark.jp,good
436,strpst.com,good
437,pussylick245.com,adult
438,porn-tube245.com,adult
439,japanxxxvid24.com,adult
440,sanity.io,good
441,japesexxxmilf7.com,adult
442,videojapanporno24.com,adult
443,pornhd777.com,adult
444,porns888.com,adult
445,adtng.com,good
446,japanmilfporni24.com,adult
447,sexe-filmshd.com,adult
448,adthrive.com,good
449,sexjapanesexxx24.com,adult
450,buysub.com,good
451,xxxlesbianxxx.com,adult
452,japesepornxxx7.com,adult
453,desiporn245.com,adult
454,pornsvideo245.com,adult
455,rabbitscams.sex,adult
456,japanvideoxxx24.com,adult
457,sexxxx245.com,adult
458,japanpornoxxx7.com,adult
459,lesbians-porno7.com,adult
460,pronxxxx24.com,adult
461,japanesexxxfree.com,adult
462,chinaporn777.com,adult
463,xxxxjapanporn24.com,adult
464,japxxx777.com,adult
465,tubeporno245.com,adult
466,hentaixxxporn24.com,adult
467,sharethis.com,good
468,smartadserver.com,good
469,anime-hentai24.com,adult
470,pornomilf245.com,adult
471,eporn245.com,adult
472,mmstat.com,good
473,japanxxxporno24.com,adult
474,jepangporni.com,adult
475,porns-xxx24.com,adult
476,chinaporni7.com,adult
477,japanvideo24.com,adult
478,teenporn245.com,illegal
479,teads.tv,good
480,japanesexxxvideo7.com,adult
481,porn-videos365.com,adult
482,linktr.ee,good
483,chinaxxxporni.com,adult
484,zdassets.com,good
485,xxxasian245.com,adult
486,lesbianrooms.com,adult
487,pornos245.com,adult
488,videosexo245.com,adult
489,japanesexxxporni.com,adult
490,japanxxxxvideo24.com,adult
491,japanporn777.com,adult
492,dungeonvideochat.com,adult
493,japanesexxxvideo24.com,adult
494,japontubes24.com,adult
495,asiancitysex.com,adult
496,sexs245.com,adult
497,trustarc.com,good
498,futureplc.com,good
499,japesexxx24.com,adult
500,chinesexxxtube24.com,adult
501,japaneseporni7.com,adult
502,japanesexxxx245.com,adult
503,porn-video24.com,adult
504,topteenwebcams.com,adult
505,adbrite.com,good
506,skool.com,good
507,youxxxporn245.com,adult
508,sex-tube245.com,adult
509,videochinaporno24.com,adult
510,porndiscounts.com,adult
511,videosxxxporno24.com,adult
512,ok12345.com,good
513,hearstapps.com,good
514,1stamericancardservice.com,good
515,gameloop.com,good
516,hwdao.com,good
517,123bgames.com,good
518,lin.ee,good
519,circleshop.net,good
520,hb88pp8.com,illegal
521,godob.com,good
522,mb666.life,illegal
523,new88x.com,illegal
524,assasinators.com,good
525,cookiebot.com,good
526,vietnamgolfcc.com,good
527,8days.win,good
528,maskolis.com,illegal
529,fun88vc.life,illegal
530,thabet.bz,illegal
531,net88dk.net,illegal
532,miviet.com,good
533,k9.cc,good
534,jdxz.org,good
535,ccchanoi.org,good
536,77bet.world,illegal
537,thabet.camera,illegal
538,etugivietnam.com,good
539,kabar-banten.com,good
540,i9bet.surf,illegal
541,s666.win,illegal
542,dongtrunghathao950.com,good
543,txxx.tube,adult
544,biz8d08.com,illegal
545,w888.casino,illegal
546,adsafeprotected.com,good
547,ollama.com,good
548,webskubet.com,illegal
549,tacdung69.com,good
550,tomjerrygame.com,good
551,km1888866b.com,good
552,8day8.com,good
553,unilifeairfresh.com,good
554,sankito.com,good
555,123b.games,good
556,hfzoo.com,illegal
557,thanhbinhtourist.com,good
558,europedayvietnam.com,good
559,fredmuellerauto.com,good
560,hb88mm8.com,illegal
561,k9cc.name,illegal
562,new88k.com,illegal
563,massacreanimal.org,good
564,s666.market,illegal
565,pornkickme24.com,adult
566,indhistory.com,illegal
567,ceblaza.net,good
568,people.inc,good
569,russianwomancam.com,adult
570,i9bet.com,illegal
571,accesscities.org,good
572,3uae.com,good
573,tanhoangmai.com,good
574,vuoncayviet.com,good
575,linqingping.com,good
576,123b.rest,good
577,sexvideo7.com,adult
578,w88.page,illegal
579,77bet.bike,illegal
580,ww8686.com,illegal
581,hb88xx8.com,illegal
582,tnartseducationdataproject.org,good
583,soc88bet.wiki,illegal
584,wehavegrades.com,good
585,tiqcdn.com,good
586,booloo245.com,adult
587,net-88.top,illegal
588,maitocviet.com,illegal
589,ucuztatilyeri.com,illegal
590,dsobo.com,good
591,sun7.win,good
592,nx88.download,good
593,daiphonglogistics.com,good
594,pornixxx365.com,adult
595,spelpaus.se,good
596,slaveporno365.com,adult
597,mxlw8.com,good
598,w88.codes,illegal
599,soc-88.top,illegal
600,porno-hd24.com,adult
601,vhnbio.com,illegal
602,autokiemthe.net,good
603,8days.sg,good
604,istanbulmasoz1.com,good
605,soc888.vip,illegal
606,fatzbaby.com,good
607,thethaokubet.com,illegal
608,qh88bcs.com,illegal
609,w88cuoc.net,illegal
610,gifur.me,good
611,noithatdaodoanh.com,good
612,masterskaya.tv,good
613,k9.club,good
614,japanesexxxvideo245.com,adult
615,pornomilf24.com,adult
616,kuasoo.com,adult
617,silverowl-inc.com,good
618,jump-heroesfilm.com,good
619,stfrancissikandra.org,good
620,8day66.com,good
621,thabet.news,illegal
622,project53.bar,good
623,lykon-apps.com,good
624,sexjapanvideoxxx24.com,adult
625,milfxxxporno24.com,adult
626,soc88bet.vip,illegal
627,tunicamiss.org,good
628,harvardwecode.com,good
629,sunwinaw.net,good
630,chinesexxx7.com,adult
631,thabet.camp,illegal
632,wem88.com,illegal
633,cdn-fileserver.com,good
634,thabet.casino,illegal
635,image-tech-storage.com,good
636,doisongvasuckhoe.com,illegal
637,sb-cd.com,good
638,squarespace-cdn.com,good
639,thabetcasino.top,illegal
640,s66y.casino,illegal
641,sedlogic.com,good
642,japaneseporno777.com,adult
643,sieuthihangvietnam.com,good
644,imrworldwide.com,good
645,apphicgames.com,good
646,kasima.org,good
647,zlinkt.com,good
648,rustore.ru,good
649,xxxporncams.info,adult
650,japanvideo245.com,adult
651,porni24.com,adult
652,jerkmate.com,adult
653,flytoday.ir,good
654,pornmate.com,adult
655,videoporno777.com,adult
656,pornvideo365.com,adult
657,pregnantporn245.com,adult
658,gamblersanonymous.org,good
659,trafficfactory.com,good
660,vrbangers.com,adult
661,faphouse.com,good
662,hearst.com,good
663,hotpornphotos.com,adult
664,japanporno777.com,adult
665,magicpass.org,good
666,livesexcamsxxx.com,adult
667,japaneseporni.com,adult
668,japasporn7.com,adult
669,porn245.com,adult
670,erog.fr,good
671,cookiedatabase.org,good
672,dotdashmeredith.com,good
673,momteensporn24.com,adult
674,mastemplate.com,good
675,fuqxnxx.com,adult
676,xenforo.com,good
677,japanporn245.com,adult
678,futurehybrid.tech,good
679,japanesepornvideo245.com,adult
680,japanesexxxporni7.com,adult
681,futurecdn.net,good
682,dial4domination.co.uk,good
683,pornoxxx7.com,adult
684,pornsex365.com,adult
685,pornhd245.com,adult
686,xxxadultwebcam.com,adult
687,teenporno777.com,adult
688,chinesexxxporns.com,adult
689,hawk-assets.co.uk,good
690,pornone.com,adult
691,indiantube.porn,adult
692,pornowww245.com,adult
693,pornsites.xxx,adult
694,truste.com,good
695,quantcount.com,good
696,permutive.com,good
697,osano.com,good
698,youxxxporn24.com,adult
699,japaneseuncensored.com,adult
700,sexoasis.co.uk,adult
701,site.com,good
702,cookiepro.com,good
703,japanpornvideos24.com,adult
704,gammacdn.com,good
705,inmobi.com,good
706,chinaxxxporn24.com,adult
707,bigassporni7.com,adult
708,pornbrands.com,adult
709,onthe.io,good
710,webcamgirlslive.org,adult
711,luyten-98c.com,good
712,chinaxxxvideo7.com,adult
713,mjedge.net,good
714,vq50.com,good
715,ziffstatic.com,good
716,thepornmap.com,adult
717,sexyfuckgames.com,adult
718,hotxxxvideo24.com,adult
719,japxxxx24.com,adult
720,tsyndicate.com,good
721,mps.gov.cn,good
722,sexylady245.com,adult
723,wlicdn.com,good
724,japanporner245.com,adult
725,parentalcontrolbar.org,good
726,gayxxxxtube.com,adult
727,auntmia.com,adult
728,shemale-porno.com,adult
729,japaneseporno245.com,adult
730,substack.com,good
731,pornhdxxx245.com,adult
732,adultdb.com,adult
733,son-direct.com,good
734,naked-asian.com,adult
735,tubexxx777.com,adult
736,jepangporni7.com,adult
737,aniasatinpanties.com,good
738,safelabeling.org,good
739,future-advertising.com,good
740,cuckoldporn24.com,adult
741,pornoxxx365.com,adult
742,slp251231.top,good
743,sigerson2006.com,good
744,freespeechcoalition.com,good
745,rmhfrtnd.com,good
746,partyline.com,adult
747,bigboobsbank.com,adult
748,japvid245.com,adult
749,masturbationporn24.com,adult
750,sail-horizon.com,good
751,xxxfilm.pro,adult
752,ffn.com,adult
753,lesbians-porno.com,adult
754,pregnantporn24.com,adult
755,sqspcdn.com,good
756,chinaporni.com,adult
757,videoxxxjapan.com,adult
758,arcpublishing.com,good
759,paysitesreviews.net,adult
760,xvideos.es,adult
761,conde.digital,good
762,usercentrics.eu,good
763,sexvideo245.com,adult
764,babestation.tv,adult
765,onelink.to,good
766,bongacash.com,good
767,fatporn24.com,adult
768,slaveporno.com,adult
769,striiiipst.com,good
770,japanxxxvideo24.com,adult
771,pornhd7.com,adult
772,japaneseporn24.com,adult
773,m.me,good
774,pornwhitelist.com,adult
775,douyin.com,good
776,twistysnetwork.com,adult
777,adultempire.com,adult
778,xxxsexnude.com,adult
779,xvideos-ar.com,adult
780,ziffdavis.com,good
781,niubixxx.xyz,adult
782,hdporn.video,adult
783,camsense.com,adult
784,myshopify.com,good
785,shopifycdn.com,good
786,hentaistream.com,adult
787,masturbationporn245.com,adult
788,sexxxpert.co.uk,adult
789,xvideos-india.com,adult
790,hornygirls24.com,adult
791,indianporn777.com,adult
792,purl.org,good
793,matureporn24.com,adult
794,pornolarixxx24.com,adult
795,openx.net,good
796,bigtitscop.com,adult
797,xv-ru.com,adult
798,sexlikereal.com,adult
799,assfun.top,adult
800,japantubexxxx24.com,adult
801,candynetwork.ai,good
802,tally.so,good
803,sex-filmy24.com.pl,adult
804,mrf.io,good
805,redhairgirls.com,good
806,wrightsmedia.com,good
807,alt.com,good
808,blackmissxxx.com,adult
809,pornovideoxxx24.com,adult
810,consentmanager.net,good
811,japanporn888.com,adult
812,eporn24.com,adult
813,xxxpornlist.com,adult
814,teenxmovies.net,illegal
815,thumblogger.com,good
816,freepornvideo.sex,adult
817,sexgames.cc,adult
818,japaneseporn365.com,adult
819,japanesexxxxx.com,adult
820,vk.ru,good
821,xiaohongshu.com,good
822,webcamnookie.com,adult
823,storyblok.com,good
824,page.link,good
825,tinypass.com,good
826,porngameshub.com,adult
827,cambb.xxx,adult
828,livestrip.com,adult
829,gayxxxporns.com,adult
830,worldfreshp.com,adult
831,chinesexxxtube.com,adult
832,porn-video7.com,adult
833,pornowww24.com,adult
834,trannyporn24.com,adult
835,babesnetwork.com,adult
836,mediatradecraft.com,good
837,wpvip.com,good
838,mysexgames.com,adult
839,gpwa.org,good
840,bdsmlive.com,adult
841,multicst.com,good
842,amateurptv.com,adult
843,japanxxxvid.com,adult
844,camsfinder.com,adult
845,ads-twitter.com,good
846,videotubexxx7.com,adult
847,freehdvideos.xxx,adult
848,nastydollars.com,adult
849,24xxx.porn,adult
850,staxxx.com,adult
851,teknofest.app,good
852,imagearranger.com,good
853,sexvideo5.com,adult
854,japangirlxxx.com,adult
855,directsexxx.co.uk,adult
856,shjbzx.cn,good
857,piano.io,good
858,fosi.org,good
859,pornsvideo24.com,adult
860,momporn24.com,adult
861,pornkai.com,adult
862,videoxxx24.com,adult
863,moatads.com,good
864,thewaltdisneycompany.com,good
865,galacticgirls.com,adult
866,fetishfreakwebcams.com,adult
867,jerkmateshop.com,adult
868,czechvr.com,adult
869,h-flash.com,adult
870,porngames.games,adult
871,squidoo.com,good
872,european-lotteries.org,good
873,dynamicyield.com,good
874,hxdoll.com,good
875,webcamkinky.com,adult
876,fileserve.com,good
877,gay-porns24.com,adult
878,tophotp.com,adult
879,xxxdigits.co.uk,adult
880,japaneseporn777.com,adult
881,pgnasmcdn.click,good
882,xxxpornvideostube.org,adult
883,unseenuk.org,good
884,stripcash.com,good
885,sexaphone.co.uk,adult
886,freepreality.com,adult
887,japasporn.com,adult
888,automattic.com,good
889,disneytermsofuse.com,good
890,quantcast.com,good
891,japanesepornvideo24.com,adult
892,desiauntysex.org,adult
893,hindiporn24.com,adult
894,feetporn24.com,adult
895,condenast.com,good
896,camxxxsex.com,adult
897,mofosnetwork.com,adult
898,bongamodels.com,adult
899,omappapi.com,good
900,asianglobalsex.com,adult
901,camkinky.com,adult
902,rgf.org.mt,good
903,odnoklassniki.ru,good
904,disneyplus.com,good
905,xfree.com,adult
906,cyberpolice.cn,good
907,eitaa.com,good
908,pornkickme.com,adult
909,wtfpeople.com,adult
910,raasti.com,good
911,jpxxx24.com,adult
912,porntube7.com,adult
913,sexzdarma24.cz,adult
914,pornsexload.com,adult
915,hentai-porn24.com,adult
916,bunny.net,good
917,mavrtracktor.com,good
918,pages.dev,good
919,porn-videos7.com,adult
920,sexjapanvideoxxx.com,adult
921,lesbianmissxxx.com,adult
922,aniaspoison.com,adult
923,ifgirls.com,good
924,permutive.app,good
925,vkontakte.ru,good
926,topindiansexvideos.com,adult
927,vcx.com,good
928,pinterest.co.uk,good
929,awesomephd.com,adult
930,bigassporni.com,adult
931,latinamissxxx.com,adult
932,japanporn7.com,adult
933,asiansexv.com,adult
934,thepornlinks.com,adult
935,esrb.org,good
936,titspornq.com,adult
937,watchpshow.com,adult
938,pussyporn777.com,adult
939,sorabloggingtips.com,good
940,bangbros1.com,adult
941,acces-extreme.com,good
942,go.porn,adult
943,hentaisea.com,adult
944,tamilhotsex2021.com,adult
945,adultblogtoplist.com,adult
946,yhprn.com,adult
947,videosexo24.com,adult
948,thelist.com,good
949,perfdrive.com,good
950,pornosxxx24.com,adult
951,lovense.com,adult
952,rawgit.com,good
953,widgetlogic.org,good
954,piyao.org.cn,good
955,lushstories.com,adult
956,japanpornvideos.top,adult
957,pornolarixxx.com,adult
958,extrahost.net,adult
959,xcams-power.com,adult
960,fontheader.com,good
961,e1nn.com,good
962,arc.pub,good
963,lesbianpornvideos.com,adult
964,xxxgames.games,adult
965,paypalobjects.com,good
966,valnetinc.com,good
967,xxxspacegirls.us,adult
968,xcams-models.com,adult
969,fandom.com,good
970,pornhat.com,adult
971,myadult.com,adult
972,segment.com,good
973,xzxxtube.com,adult
974,vintagepornv.com,adult
975,valnetcdn.com,good
976,adultgameson.com,adult
977,voxmedia.com,good
978,ble.ir,good
979,airbnb.hu,good
980,itsfogo.com,good
981,adingo.jp,good
982,world-lotteries.org,illegal
983,indianpornc.com,adult
984,airbnb.rs,good
985,airbnb.com.hn,good
986,airbnb.com.py,good
987,sexygirlspics.com,good
988,airbnb.co.za,good
989,airbnb.fi,good
990,feet9.com,adult
991,privacymanager.io,good
992,xlgirls.com,adult
993,airbnb.mx,good
994,rapidshare.com,good
995,airbnb.is,good
996,airbnb.lt,good
997,vrsmash.com,adult
998,disneyprivacycenter.com,good
999,girls-xxx.vip,adult
1000,airbnb.com.ph,good
1001,top-scato-tube.com,adult
1002,porndabster.com,adult
1003,airbnb.com.ua,good
1004,phonesexcentral.com,adult
1005,fonts.net,good
1006,airbnb.nl,good
1007,highheelsporno.com,adult
1008,27labs.com,good
1009,liveadultcamz.com,adult
1010,airbnb.cl,good
1011,airbnb.com.ee,good
1012,airbnb.ba,good
1013,free-strip-games.com,adult
1014,pxf.io,good
1015,airbnb.ch,good
1016,airbnb.com.pe,good
1017,airbnb.com.ar,good
1018,airbnb.co.id,good
1019,withairbnb.com,good
1020,adsrvr.org,good
1021,airbnb.com.sg,good
1022,paramountplus.com,good
1023,sxyprn.com,adult
1024,airbnb.am,good
1025,japonxxxporn365.com,adult
1026,airbnb.cat,good
1027,airbnb.com.my,good
1028,airbnb.com.ec,good
1029,airbnb.com.hk,good
1030,airbnb.lv,good
1031,airbnb.co.ve,good
1032,airbnb.pt,good
1033,nr-data.net,good
1034,videoporno7.com,adult
1035,tvguidelines.org,good
1036,fosstodon.org,good
1037,tube-scato.com,adult
1038,airbnb.co.cr,good
1039,airbnb.com.bo,good
1040,airbnb.lu,good
1041,airbnb.az,good
1042,ebonypornv.com,adult
1043,airbnb.co.nz,good
1044,favdoll.com,good
1045,airbnb.org,good
1046,porngames.tv,adult
1047,redhotmiss.com,adult
1048,muscache.com,good
1049,japontubes.top,adult
1050,40somethingmag.com,adult
1051,editmysite.com,good
1052,st-hatena.com,good
1053,in.net,good
1054,airbnb.se,good
1055,airbnb.be,good
1056,anilos.com,good
1057,airbnb.ae,good
1058,airbnb.com.ro,good
1059,malluporn.net,adult
1060,sexe-filmshd.fr,adult
1061,airbnb.no,good
1062,airbnb.at,good
1063,amplitude.com,good
1064,airbnb.com.bz,good
1065,airbnb.si,good
1066,trannyplex.com,adult
1067,airbnb.com.sv,good
1068,airbnb.gy,good
1069,airbnb.cz,good
1070,airbnb.me,good
1071,mrpornlive.com,adult
1072,halloweenpantiestore.com,good
1073,airbnb.dk,good
1074,pornblogworld.com,adult
1075,airbnb.gr,good
1076,go.link,good
1077,sjv.io,good
1078,airbnb.com.mt,good
1079,qbestporn.com,adult
1080,airbnb.com.pa,good
1081,airbnb.ie,good
1082,airbnb.android,good
1083,bpornd.com,adult
1084,airbnb.com.ni,good
1085,airbnb.com.tr,good
1086,sportradar.com,good
1087,airbnb.com.vn,good
1088,airbnb.com.gt,good
1089,airbnb.com.co,good
1090,stripselector.com,adult
1091,japonxxxporn.com,adult
1092,brutal-porno.com,adult
1093,betweendigital.com,good
1094,javteen18.com,adult
1095,pornoxvideos.tv,adult
1096,indiansexstories2021.com,adult
1097,sexylady24.com,adult
1098,hentaismile.com,adult
1099,momteensporn.com,adult
1100,valentinepanties.com,good
1101,rrx1.com,good
1102,carnalplus.com,adult
1103,cleantalk.org,good
1104,amateurporn.me,adult
1105,reifensex.com,adult
1106,xnxx-cdn.com,adult
1107,planetware.com,good
1108,topindiansexvideohd.com,adult
1109,phone-sex-uk.com,adult
1110,dtiserv2.com,good
1111,static.com,good
1112,foodrepublic.com,good
1113,bdsmclipsw.com,adult
1114,hotpgarden.com,adult
1115,outstandingjav.com,adult
1116,sexvideo4k.com,adult
1117,nncms.cc,good
1118,cuteness.com,good
1119,gardenguides.com,good
1120,exosrv.com,good
1121,moreadultblogs.com,adult
1122,nudehotbabes.net,adult
1123,horrorporn.com,adult
1124,svg.com,good
1125,omniupdate.com,good
1126,blogshardcore.com,adult
1127,pb-track.com,adult
1128,moneydigest.com,good
1129,chinaporn245.com,adult
1130,thetakeout.com,good
1131,hcaptcha.com,good
1132,hotpservice.com,adult
1133,outbrainimg.com,good
1134,bdsmclipsm.com,adult
1135,foodie.com,good
1136,hardcore4k.com,adult
1137,thedailymeal.com,good
1138,porntons.com,adult
1139,builder.io,good
1140,porn-tube24.com,adult
1141,hotpisland.com,adult
1142,pussylick24.com,adult
1143,sissypantiesusa.com,adult
1144,publicxxxonline.com,adult
1145,islands.com,good
1146,pornmehd.com,adult
1147,housedigest.com,good
1148,mediavine.com,good
1149,porntoplinks.com,adult
1150,outdoorguide.com,good
1151,perfectgirls.xxx,adult
1152,explore.com,good
1153,consentframework.com,good
1154,japanporn24.com,adult
1155,selectyourgame.com,adult
1156,realsrv.com,good
1157,healthdigest.com,good
1158,ibia.bet,good
1159,linkvertise.com,good
1160,lijit.com,good
1161,internetbrands.com,good
1162,wankerhut.com,adult
1163,blazinglink.com,good
1164,ketchcdn.com,good
1165,porndoxy.com,adult
1166,nmlsconsumeraccess.org,good
1167,topdns.com,good
1168,pinkworld.com,adult
1169,livemodelschat.com,adult
1170,japxxx7.com,adult
1171,southindianporn.org,adult
1172,mashed.com,good
1173,glam.com,good
1174,xuexi.cn,good
1175,twistedblogs.com,good
1176,submitblogs.com,good
1177,multporn.net,adult
1178,www.gov.br,good
1179,sexxxx24.com,adult
1180,paramount.com,good
1181,teenporn777.com,adult
1182,xnxx123.me,adult
1183,gay-xxx-pics.com,adult
1184,glittersexual.com,adult
1185,xvideos-movie.com,adult
1186,xxnxxarabs.com,adult
1187,turkhdpornoizle7.com,adult
1188,hardsexxxlife.com,adult
1189,pornoshok-dir.com,adult
1190,tamilsexvideos.me,adult
1191,hello988.com,good
1192,youxxxtubes.com,adult
1193,sdn.cz,good
1194,neighbour-wife-nude.com,adult
1195,xnxxtube.mobi,adult
1196,1a-amateurbilder.de,adult
1197,fun88kyc.com,good
1198,sex-tube24.com,adult
1199,javarchivers.com,adult
1200,oiledxxx.com,adult
1201,xxx69.cam,adult
1202,christmaspanties.com,adult
1203,77king88.com,good
1204,amateursupskirt.com,adult
1205,xxxjapanporn.top,adult
1206,nycu.edu.tw,good
1207,sexymoviehd.com,adult
1208,sexy-pings.com,adult
1209,icemoviesex.com,adult
1210,readhentaionline.org,adult
1211,logxxx.com,adult
1212,leo88.locker,good
1213,pornixxxx.com,adult
1214,cxense.com,good
1215,adultbankruptcy.com,adult
1216,sannhiphutho.com,good
1217,ninjavillage.today,adult
1218,girlswantsexs.com,adult
1219,6ytube.com,adult
1220,defendonlineprivacy.com,good
1221,nude-women-porn.cyou,adult
1222,pornorevolution.net,adult
1223,99ok.com,good
1224,hentai-1.com,adult
1225,hardcore-central.net,adult
1226,adult-mint.com,adult
1227,hentaisyndicate.com,adult
1228,m8win.org,illegal
1229,p3370.vip,good
1230,javanfanavari.com,adult
1231,nakedonpublic.com,adult
1232,javstreamingfree.com,adult
1233,teenxxxclip.com,adult
1234,xnxx3.org,adult
1235,stayhomepornvideo.com,adult
1236,myky.vn,good
1237,livingwithjavana.com,adult
1238,sexjapanesexxx.com,adult
1239,gamingcommission.ca,good
1240,elaxxx.com,adult
1241,stayhomeporntube.com,adult
1242,33win.com,good
1243,adult305.info,adult
1244,adultgadgetspots.com,adult
1245,porn-video-clips.net,adult
1246,lotjav.com,adult
1247,111hb88.com,good
1248,japesexxx.com,adult
1249,bpsgameserver1.com,good
1250,pornsus.com,adult
1251,imhotnude.info,adult
1252,hdpornorussia.mobi,adult
1253,win88-vip.shop,illegal
1254,safe-iplay.com,good
1255,awin68.net,good
1256,hentaion.net,adult
1257,ok.xxx,adult
1258,krxd.net,good
1259,top10penisextenders.com,adult
1260,porn-video-clips.org,adult
1261,safetonet.com,good
1262,loto188.com,illegal
1263,hentai1.click,adult
1264,canariasexperience.net,adult
1265,s666vn.press,good
1266,wenming.cn,good
1267,jti-app.com,good
1268,hentaiservices.com,adult
1269,livexxxchatvideo.com,adult
1270,chartbeat.net,good
1271,zinghentai.com,adult
1272,adultanimecartoon.com,adult
1273,goamateurfuck.com,adult
1274,xvideos-xhamster-xnxx.com,adult
1275,pinterest.fr,good
1276,tophardcoreporn.com,adult
1277,joesagliano.com,adult
1278,king88vina.work,good
1279,videojapanporno.com,adult
1280,iradultshop.com,adult
1281,sexeoptimal.com,adult
1282,sexlywedding.com,adult
1283,consenting-adults.org,adult
1284,phiporn.com,adult
1285,ggwin55.com,good
1286,familystrokes.com,adult
1287,iuphimsex.pro,adult
1288,o2porntv.com,adult
1289,dejavu-k.com,adult
1290,amateurgirlslist.com,adult
1291,mompornmovie.com,adult
1292,sexefetichiste.com,adult
1293,kiksext.com,adult
1294,viewgals.com,adult
1295,jimihendrixsextape.net,adult
1296,clitsnakedswim.net,adult
1297,desipornvideos.biz,adult
1298,srbijavode.com,adult
1299,jesextenderonline.com,adult
1300,amateurgirlshub.com,adult
1301,sexs24.com,adult
1302,mystorysex.me,adult
1303,shysex.us,adult
1304,adultwave69.com,adult
1305,pornzola.com,adult
1306,stayhomesextube.com,adult
1307,thenakedwallet.org,adult
1308,teenamateur.net,adult
1309,88go.net,good
1310,ebaystatic.com,good
1311,asianpornhub.co,adult
1312,adultdougalinknavi.com,adult
1313,rollersexe.com,adult
1314,adultblogdirectory.com,adult
1315,stayhome4kporn.com,adult
1316,hs-scripts.com,good
1317,tlu.edu.vn,good
1318,nakedwomenhot.com,adult
1319,hubpornindian.info,adult
1320,huce.edu.vn,good
1321,indianteenporn.me,adult
1322,vrouwen-sexdate.nl,adult
1323,sex-chat.rocks,adult
1324,nudeandbeach.com,adult
1325,1-fat.com,adult
1326,autojavitas-budapest.dev,adult
1327,juggcrew.com,adult
1328,adj.st,good
1329,king88-1.net,good
1330,radiojavans.com,adult
1331,amateurclicks.com,adult
1332,roboporner.com,adult
1333,mypornhubxxx.com,adult
1334,aka.ms,good
1335,bigwomensexvideo.com,adult
1336,chatsex.xxx,adult
1337,ohohporn.com,adult
1338,javierchirinos.net,adult
1339,deeper.com,adult
1340,mynude.cc,adult
1341,evidon.com,good
1342,sexblogpussy.com,adult
1343,blospot.com,good
1344,yunaq.com,good
1345,88goals.com,illegal
1346,freeporntub.net,adult
1347,xxxblogz.com,adult
1348,hentaibb.net,adult
1349,romeo-media.eu,adult
1350,javadjafari.com,adult
1351,sieuthinhua.vn,good
1352,gcb.cw,good
1353,hdpornovideos.mobi,adult
1354,fapcum.vip,adult
1355,niteflirt.com,adult
1356,topasianp.com,adult
1357,adult401.info,adult
1358,erotischefilmpjes.net,adult
1359,canalporno.pro,adult
1360,kaufpornos.com,adult
1361,mediacdn.vn,good
1362,sapphycerotica.com,adult
1363,arschfick-pornos.net,adult
1364,pinterest.it,good
1365,inudeteen.net,adult
1366,mymember.site,good
1367,nsexcavatorparts.com,adult
1368,aarpwestessex.org,adult
1369,pornpitstop.net,adult
1370,egba.eu,good
1371,eu88.org,good
1372,cbswag.com,adult
1373,porn-ero.com,adult
1374,trypornpass.com,adult
1375,smart.link,good
1376,forhertube.com,adult
1377,hentai2.info,adult
1378,storiesonline.net,good
1379,stateblock.org,good
1380,hentai-shinshi.club,adult
1381,hello88vina.work,good
1382,livenaked.top,adult
1383,spilgames.com,good
1384,scoreuniverse.com,good
1385,bbwpornx.net,adult
1386,pornomilf.nl,adult
1387,nude-celebs-blog.com,adult
1388,images4us.com,good
1389,outdoorsexclips.com,adult
1390,dk8.ceo,good
1391,sexf8.com,adult
1392,mylf.com,adult
1393,fullpornxxx.info,adult
1394,rabbitsreviews.com,adult
1395,bdsmstreak.com,adult
1396,sexvietvip.net,adult
1397,home-porn-video.com,adult
1398,adultwebmasters.org,adult
1399,eNamad.ir,good
1400,jugendschutzprogramm.de,good
1401,porzoxxx.com,adult
1402,airjordanxxximen.us,adult
1403,stayhomepornmovie.com,adult
1404,onlyfineporn.com,adult
1405,catfightsxxx.com,adult
1406,sexkolik.org,adult
1407,vibratoysex.com,adult
1408,rubika.ir,good
1409,gd365.vip,illegal
1410,porno-hd.it,adult
1411,adfox.ru,good
1412,88bet.hiphop,illegal
1413,eroticworx.com,adult
1414,hotnudeworld.info,adult
1415,stimulente-sexuale.com,adult
1416,pussypornvideo.com,adult
1417,clubsexpics.info,adult
1418,free-xxx.icu,adult
1419,javaganu.net,adult
1420,marketo.net,good
1421,stayhomepornmovs.com,adult
1422,xlinkslist.com,good
1423,702adultnightlife.com,adult
1424,reachporn.com,adult
1425,okneekxnxx.com,adult
1426,xxximage.net,adult
1427,adult-tenshi.com,adult
1428,pornos5.top,adult
1429,chattingroomsforadults.com,adult
1430,gi8d.cc,good
1431,sexflashgame.org,adult
1432,javicialeslie.net,adult
1433,eroticmadscience.org,adult
1434,shefuckedup.net,adult
1435,cialisexplained.com,adult
1436,happyluke.plus,illegal
1437,dejavu-f.com,adult
1438,diariodigitaltransexual.com,adult
1439,desiporn24.com,adult
1440,teenpussypornpics.com,adult
1441,castingsextube.com,adult
1442,beegz.me,adult
1443,pornoimage.net,adult
1444,realjapanesexxx.com,adult
1445,fatasexu.com,adult
1446,sao789a.me,illegal
1447,w88vt.com,illegal
1448,stayhomepornvids.com,adult
1449,autojavitas.dev,adult
1450,adultstarspace.com,adult
1451,nudereactor.com,adult
1452,kormisex.top,adult
1453,modporn.com,adult
1454,nudehdsex.com,adult
1455,lustporno.net,adult
1456,hornygamer.com,adult
1457,ixxxx.video,adult
1458,teengaymompicssex.org,adult
1459,sex181.com,adult
1460,amateurmature.net,adult
1461,sexycandidgirls.com,adult
1462,adult-cam-chat.info,adult
1463,login4porn.com,adult
1464,cim.be,good
1465,eroticspankingclips.com,adult
1466,sexdating-online.org,adult
1467,iocas-wxm.com,good
1468,danasexo.com,adult
1469,amateurchickstube.com,adult
1470,duytan.edu.vn,good
1471,nakedlolita.com,adult
1472,bichha.vn,good
1473,tentacle-hentai-blog.com,adult
1474,smsexpert.in,adult
1475,sexlosero.com,adult
1476,porn410.com,adult
1477,adult-top-list.com,adult
1478,fataco.com,good
1479,stayhomepornmovies.com,adult
1480,freesexgames.games,adult
1481,porno1980.com,adult
1482,mercadolibre.com.sv,good
1483,hilostripper.com,good
1484,freehairporn.com,adult
1485,megatube.xxx,adult
1486,votervoice.net,good
1487,indiaxxxporno.com,adult
1488,bigoxxx.net,adult
1489,camsgonude.com,adult
1490,porn-center.com,adult
1491,pornosnake.com,adult
1492,bporntv.com,adult
1493,kissanimedb.com,adult
1494,indexww.com,good
1495,newindiaxxx.com,adult
1496,mercadolibre.co.cr,good
1497,ocdn.eu,good
1498,japanmilfporni.com,adult
1499,vidyard.com,good
1500,okeporn.com,adult
1501,olxgroup.com,good
1502,ropeyporn.com,adult
1503,porndoze.com,adult
1504,88fuck.com,adult
1505,poren24.com,adult
1506,newpornfilms.com,adult
1507,nusporn.com,adult
1508,clip-xxx.org,adult
1509,brandmetrics.com,good
1510,newchubbyxxx.com,adult
1511,teenmissxxx.com,adult
1512,pornstarsextube.com,adult
1513,playsmart.ca,illegal
1514,blueconic.net,good
1515,virtualtaboo.com,adult
1516,teennudeselfie.com,adult
1517,pornpiki.com,adult
1518,mercadolibre.com.pa,good
1519,animekin.com,adult
1520,filmy-porno24.pl,adult
1521,vintagepornq.com,adult
1522,dnxnetwork.com,good
1523,videopornografiche.com,adult
1524,porno-russkoe.net,adult
1525,filesonic.com,good
1526,mercadolibre.com.hn,good
1527,puba.com,adult
1528,connatix.com,good
1529,pornxxxporn.com,adult
1530,mybloggerthemes.com,good
1531,asiansoftwarefirm.com,adult
1532,3lift.com,good
1533,lazcdn.com,good
1534,japonporn.com,adult
1535,babepedia.com,adult
1536,findcartoonporn.com,adult
1537,zeedxxx.org,adult
1538,xxx24.org,adult
1539,acces-vod.com,good
1540,videoxxxmom.com,adult
1541,knet.cn,good
1542,mercadolibre.com.gt,good
1543,tacamateurs.com,adult
1544,sexfex.com,adult
1545,e249.com,good
1546,pornovideoxxx7.com,adult
1547,cheftoondiligord.site,good
1548,xcams.com,adult
1549,blogspot.ca,good
1550,ift.tt,good
1551,pornotito.com,adult
1552,intergient.com,good
1553,vrconk.com,adult
1554,mercadolibre.com.ni,good
1555,gfamateurporn.net,adult
1556,ctwmsg.com,good
1557,mercadolibre.com.py,good
1558,prismic.io,good
1559,curvylesbianporn.com,adult
1560,yoti.com,good
1561,outstandingporn.com,adult
1562,bestasiatube.com,adult
1563,mercadolibre.com.do,good
1564,porndyne.com,adult
1565,sex-filmen.de,adult
1566,bbwkorea.com,adult
1567,modelsfreecams.com,adult
1568,digitaloceanspaces.com,good
1569,netlify.app,good
1570,sexyindianporntube.com,adult
1571,xxxjapanporn.net,adult
1572,pornsex777.com,adult
1573,qualityadultblogs.com,adult
1574,hdyoungxxx.com,adult
1575,tubesafari.com,adult
1576,tamilxxx2021.com,adult
1577,pornytoad.com,adult
1578,dinotube.com,adult
1579,pornmovieshub.com,adult
1580,pornfullvideos.com,adult
1581,candy.ai,good
1582,britishporn.online,adult
1583,cac.gov.cn,good
1584,qeuropeanporn.com,adult
1585,deutschporno.org,adult
1586,cutt.ly,good
1587,virxxx.com,adult
1588,anal4k.com,adult
1589,awin1.com,good
1590,pornphi.com,adult
1591,xxx-xxx.pro,adult
1592,mrporngeek.com,adult
1593,omnivids.net,adult
1594,mct.gov.cn,good
1595,allanalpass.com,adult
1596,fashionteen.net,adult
1597,hentaiporn24.com,adult
1598,themrporn.com,adult
1599,thepornblender.com,adult
1600,home-made-videos.com,adult
1601,vrpornmood.com,adult
1602,visit-x.net,good
1603,nbcuni.com,good
1604,condenaststore.com,good
1605,pornvaree.com,adult
1606,orgasm-orgasm.net,adult
1607,theyarehuge.com,adult
1608,eameltube.com,adult
1609,pb-netw.com,adult
1610,kostenlosporno24.de,adult
1611,hairyjapanesesex.com,adult
1612,webcamlife.com,adult
1613,anal.wtf,adult
1614,milfassporn.com,adult
1615,big7.com,adult
1616,freeadultdirectory.org,adult
1617,indianpornfans.net,adult
1618,clicksagent.com,good
1619,mercadolibre.com.bo,good
1620,cutiesbanged.com,adult
1621,nudejavporn.com,adult
1622,foundryco.com,good
1623,pornosex.cc,adult
1624,newxxxteen.com,illegal
1625,japanporno7.com,adult
1626,gayporn777.com,adult
1627,fansly.com,adult
1628,terk.nl,adult
1629,animeporno.org,adult
1630,mypornadviser.com,adult
1631,momvidsxxx.com,adult
1632,allnudes.net,adult
1633,xvidzz.com,adult
1634,pornblogcatalog.com,adult
1635,porno1234.com,adult
1636,rebrand.ly,good
1637,porncastle.com,adult
1638,pornblograbbit.com,adult
1639,superporn.com,adult
1640,movies-hd.net,adult
1641,HugeDomains.com,good
1642,mega-xxx.tv,adult
1643,pingoporn.com,adult
1644,newdesisex.net,adult
1645,indian-hdsex.com,adult
1646,pornotube-italia.com,adult
1647,qpornosite.com,adult
1648,porn507.com,adult
1649,chinaxxx.homes,adult
1650,pornopodborka.com,adult
1651,vintagesexq.com,adult
1652,hdpornoo.com,adult
1653,assoass.com,adult
1654,sexfilms24.nl,adult
1655,linkporn.net,adult
1656,ducknav.com,good
1657,yuanzijiasuqi.com,good
1658,brightcove.net,good
1659,is.gd,good
1660,egamingonline.com,good
1661,virtualrealporn.com,adult
1662,maturesexchat.com,adult
1663,seznamzpravy.cz,good
1664,opti-digital.com,good
1665,jsuol.com.br,good
1666,myasiansp.com,adult
1667,bemyhole.com,adult
1668,livenuderooms.com,adult
1669,sophi.io,good
1670,zendesk.es,good
1671,hotclubsex.com,adult
1672,ptapjmp.com,good
1673,primejav.com,adult
1674,sh.gov.cn,good
1675,neukenfilm.net,adult
1676,zendesk.co.uk,good
1677,sitescdn.net,good
1678,digitalindia.gov.in,good
1679,zendesk.nl,good
1680,porngamesverse.com,adult
1681,azurewebsites.net,good
1682,japan-whores.com,adult
1683,adultwebdirect.com,adult
1684,multibrandaffiliates.com,good
1685,hunk.ws,adult
1686,zendesk.de,good
1687,sinparty.com,good
1688,livedoor.blog,good
1689,quickq.org,good
1690,evergage.com,good
1691,videosz.com,adult
1692,ebonyfplace.com,adult
1693,oldblackpussy.org,adult
1694,lesbiansexq.com,adult
1695,xiaolanniao.org,good
1696,indianbhabhitube.com,adult
1697,realfuckclips.com,adult
1698,tik.porn,adult
1699,famehosted.com,good
1700,kittyteens.com,illegal
1701,tiny4k.com,good
1702,ex.co,good
1703,livroreclamacoes.pt,good
1704,ctrdwm.com,good
1705,mosucloud.cc,illegal
1706,thebestvpn.ru,good
1707,zendesk.hk,good
1708,sex-reviews.net,adult
1709,adtrafficquality.google,good
1710,goujijiasuqi.com,good
1711,slayed.com,adult
1712,rbl.ms,good
1713,zendesk.kr,good
1714,smutr.com,adult
1715,outdoorfuckvids.com,adult
1716,finra.org,good
1717,zendesk.com.br,good
1718,japesexxxmilf.com,adult
1719,girlsway.com,good
1720,adultwebsitedir.com,adult
1721,hentaipros.com,adult
1722,convertexperiments.com,good
1723,lsapp.eu,good
1724,sexblogdump.com,adult
1725,gaylivesexboys.com,adult
1726,vscdns.com,good
1727,sexplex.com,adult
1728,sustentabilidadmercadolibre.com,good
1729,conac.cn,good
1730,pb-netw2.com,adult
1731,maturepornv.com,adult
1732,garaz.cz,good
1733,danskepornofilm.net,adult
1734,icerocket.com,good
1735,cdn-cookieyes.com,good
1736,intellimizeio.com,good
1737,klaviyo.com,good
1738,acx4.com,good
1739,kuaiya.org,good
1740,braincash.com,good
1741,roughfucks.com,adult
1742,hot.ai,good
1743,thenipslip.com,adult
1744,gov.ru,good
1745,spankingtube.com,adult
1746,jiajianjian.com,adult
1747,filmserotiek.com,adult
1748,blogspot.co.uk,good
1749,jizzjapanese777.com,adult
1750,flashscore.ninja,good
1751,jumboav.com,adult
1752,bloglines.com,good
1753,homesexplanet.com,adult
1754,25554.com,good
1755,nimporn.com,adult
1756,premiumbloggertemplates.com,good
1757,shdf.gov.cn,good
1758,livejasmin.top,adult
1759,segpaycs.com,good
1760,desisekasi.com,adult
1761,joysexcams.com,adult
1762,streamray.com,adult
1763,assettype.com,good
1764,datocms-assets.com,good
1765,ul.to,good
1766,coveo.com,good
1767,hqfukc.com,adult
1768,homeartmania.com,good
1769,xtyzjc.com,good
1770,liveasiancams.biz,adult
1771,ohmporn.com,adult
1772,jxsl188.com,good
1773,bikamanhua.org,good
1774,attn.tv,good
1775,ltmsphrcl.net,good
1776,zendesk.co.jp,good
1777,dedicatedsolution.net,good
1778,dieju.net,good
1779,online-av.com,adult
1780,adlabors.com,good
1781,livesexshows.biz,adult
1782,studentbeans.com,good
1783,livexxcams.com,adult
1784,heylink.me,good
1785,milfporn777.com,adult
1786,disneyadvertising.com,good
1787,porn365.desi,adult
1788,g2blazing.com,good
1789,livepornlive.com,adult
1790,intellimize.co,good
1791,winkbingo.com,illegal
1792,adultwebcampaign.com,adult
1793,hentaikey.com,adult
1794,adultsdirectory.co.uk,adult
1795,cgcb.info,good
1796,kuailianvnp.com,good
1797,hotfile.com,illegal
1798,l-directory.com,good
1799,connexontario.ca,good
1800,freepornvideox.com,adult
1801,sex9.com.pl,adult
1802,streamate.cc,adult
1803,sexchat.org.uk,adult
1804,livesexcams.com.co,adult
1805,realjapanesesex.com,adult
1806,ahegaochat.com,adult
1807,japxtube.com,adult
1808,hdpornia.com,adult
1809,zendesk.fr,good
1810,termly.io,good
1811,apple.co,good
1812,vibragame.org,adult
1813,sexfilmleri.pl,adult
1814,eepurl.com,good
1815,japanporno24.com,adult
1816,powporn.com,adult
1817,ocxim.com,good
1818,jumbojav.com,adult
1819,zendesk.tw,good
1820,sexcams.com.co,adult
1821,xtunnelvp.com,good
1822,livesexadultcams.com,adult
1823,milfporno24.com,adult
1824,gemporn.com,adult
1825,kneeporn.com,adult
1826,sex-filmleri.com,adult
1827,nabd.com,good
1828,alljapanesepass.com,adult
1829,pinterest.es,good
1830,chineseporn777.com,adult
1831,nudehdporn.com,adult
1832,zendesk.com.mx,good
1833,bkrtx.com,good
1834,50plusmilfs.com,adult
1835,teensloveanal.com,adult
1836,sexsaoy.com,adult
1837,88square.com,good
1838,japesepornxxx.com,adult
1839,porntubedirectory.com,adult
1840,gamblersanonymous.org.uk,good
1841,check-dein-spiel.de,good
1842,porns-xxx.com,adult
1843,ztat.net,good
1844,ropedporn.com,adult
1845,streamate.biz,adult
1846,nutvp.com,good
1847,skimresources.com,good
1848,jiaohess.com,good
1849,porn2all.com,adult
1850,camsexverse.com,adult
1851,hubspotusercontent-na1.net,good
1852,animeidhentai.com,adult
1853,rebelmouse.io,good
1854,jqfs.net,good
1855,bannerator.com,good
1856,sexblogzilla.com,adult
1857,ebonysexv.com,adult
1858,pornoxxxx7.com,adult
1859,freezlinks.com,good
1860,padresprotegen.com,good
1861,skyscanner.sk,good
1862,sensacine.com.mx,good
1863,himmangood.com,adult
1864,momsteachsex.com,adult
1865,blackvalleygirls.com,adult
1866,3xeroticbabes.com,adult
1867,pornozdarma24.cz,adult
1868,fakehub.com,good
1869,nfbusty.com,adult
1870,note.com,good
1871,pornblogdog.com,adult
1872,skyscanner.co.th,good
1873,skyscanner.com.mx,good
1874,ncpgambling.org,good
1875,stripschat.com,adult
1876,vietimg.com,adult
1877,statuspage.io,good
1878,fetishhitsgallery.com,adult
1879,mkk.com.tr,good
1880,jav.guru,adult
1881,fdic.gov,good
1882,spaceship-cdn.com,good
1883,skyscanner.gg,good
1884,windowsphone.com,good
1885,skyscanner.com.ar,good
1886,liadm.com,good
1887,protect-integrity.com,good
1888,melonstube.com,adult
1889,hubpeople.com,good
1890,tamilxnxx.net,adult
1891,rlcdn.com,good
1892,namesilo.com,good
1893,blackedraw.com,adult
1894,skyscanner.nl,good
1895,koreanwomen.org,adult
1896,videochinaporno.com,adult
1897,sexblogzdir.com,adult
1898,youtube-nocookie.com,good
1899,japaneseporno24.com,adult
1900,speedcurve.com,good
1901,jixie.media,good
1902,fapcat.com,adult
1903,rdtcdn.com,good
1904,gatekeeperconsent.com,good
1905,streamate.com.pl,adult
1906,porm24.com,adult
1907,pornworks.com,adult
1908,bdsmcams.biz,adult
1909,fantasylesbianp.com,adult
1910,www.nic.in,good
1911,milfsex.homes,adult
1912,psmhelp.com,adult
1913,pornvideo7.com,adult
1914,skyscanner.co.za,good
1915,skyscanner.pl,good
1916,camfreegirls.com,adult
1917,ebay.com.my,good
1918,pmdstatic.net,good
1919,pwidownload.com,good
1920,cybersexuals.com,adult
1921,skyscanner.com.co,good
1922,myshemales.com,adult
1923,indiandesipornvideos.com,adult
1924,contextweb.com,good
1925,tubepornlist.com,adult
1926,webedia-group.com,good
1927,japaneseero.com,adult
1928,sitecorecloud.io,good
1929,skyscanner.com.my,good
1930,mhardporn.com,adult
1931,erosberry.com,adult
1932,hotmilfsfuck.com,adult
1933,consensu.org,good
1934,perversefamily.com,adult
1935,bigtitsmodelsdirectory.com,adult
1936,skyscanner.co.id,good
1937,izooto.com,good
1938,japanhdv.com,adult
1939,lespagesutiles.com,adult
1940,lifeselector.com,good
1941,doppiocdn.net,good
1942,porngrader.com,adult
1943,shemaletubevideos.com,adult
1944,japaneseporno7.com,adult
1945,skyscanner.com.ua,good
1946,ip-api.com,good
1947,porntoplinks.net,adult
1948,sexbloghunter.com,adult
1949,wpmucdn.com,good
1950,wikifunctions.org,good
1951,spicy.porn,adult
1952,skyscnr.com,good
1953,skyscanner.hu,good
1954,skyscanner.com.vn,good
1955,skyscanner.cz,good
1956,skyscanner.co.in,good
1957,fuseplatform.net,good
1958,pornx.icu,adult
1959,redgifs.com,adult
1960,livedoor.info,good
1961,pornomamme.com,adult
1962,beehiiv.com,good
1963,elitesubmit.com,adult
1964,paperstreetcash.com,good
1965,olxcdn.com,good
1966,skyscanner.com.sa,good
1967,skyscanner.ae,good
1968,xporn.tv,adult
1969,sipc.org,good
1970,adultworldmedia.com,adult
1971,pornhdxxx24.com,adult
1972,getshort.link,good
1973,5ye8.com,adult
1974,dirtyroulette.com,adult
1975,platforum.cloud,good
1976,pornomilf7.com,adult
1977,analvids.com,adult
1978,twitter.co,good
1979,hotvideo24.com.pl,adult
1980,doubleverify.com,good
1981,skyscanner.com.hk,good
1982,skyscanner.at,good
1983,acam.link,good
1984,datadoghq-browser-agent.com,good
1985,playporngames.com,adult
1986,xxxfilmovi.net,adult
1987,skyscanner.pt,good
1988,wgcdn.co,good
1989,zhgals.com,good
1990,skyscanner.hr,good
1991,ampproject.net,good
1992,boobieblog.com,adult
1993,blogherads.com,good
1994,caserosxxx.org,adult
1995,fora.com,good
1996,creativecdn.com,good
1997,milfy.com,adult
1998,videosex24.com,adult
1999,sentry.io,good
2000,japan-free.com,adult
2001,candyai.com,adult
2002,telrock.net,good
2003,contentstack.io,good
2004,analized.com,adult
2005,maturepornq.com,adult
2006,skyscanner.se,good
2007,sexvideos.ink,adult
2008,carbonfootprint.com,good
2009,ebay.ch,good
2010,holed.com,adult
2011,pornos4.com,adult
2012,cdnshark.de,good
2013,wikinews.org,good
2014,fantasyasianp.com,adult
2015,spaceship.com,good
2016,skyscanner.com.br,good
2017,x436.com,good
2018,hqjavx.com,adult
2019,camvoyage.click,adult
2020,skyscanner.ie,good
2021,pimproll.com,good
2022,skyscanner.qa,good
2023,homejavp.com,adult
2024,bloggertipandtrick.net,good
2025,vrcosplayx.com,adult
2026,sexyhub.com,adult
2027,yandex.uz,good
2028,exxxtrasmall.com,adult
2029,olx.org,good
2030,fuqqt.com,adult
2031,joimovies.com,adult
2032,skyscanner.ca,good
2033,slatic.net,good
2034,skyscanner.com.sg,good
2035,espace-plus.net,good
2036,truthsocial.com,good
2037,ened.gr,good
2038,flibzee.com,good
2039,pwihosted.com,good
2040,servitubes.com,adult
2041,mapy.com,good
2042,skyscanner.fi,good
2043,oath.com,good
2044,skyscanner.com.ph,good
2045,postimg.cc,good
2046,aiporn.download,adult
2047,badoinkvr.com,adult
2048,littleasians.com,adult
2049,skyscanner.co.nz,good
2050,ebay.com.sg,good
2051,skyscanner.no,good
2052,segment.io,good
2053,skyscanner.ro,good
2054,sexmeets.net,adult
2055,bonuskoodit.com,illegal
2056,bromo.com,adult
2057,ebay.nl,good
2058,filesor.com,good
2059,envatousercontent.com,good
2060,tamilporn.me,adult
2061,dezyred.com,adult
2062,puremature.com,adult
2063,skyscanner.ch,good
2064,onlymodelsfinder.com,adult
2065,gupy.io,good
2066,gx4.com,illegal
2067,fetish-matters.net,adult
2068,adultblogturtle.com,adult
2069,sexxxx.love,adult
2070,japanporner24.com,adult
2071,skyscanner.pk,good
2072,sheporn.click,adult
2073,ntv.io,good
2074,adultblogspider.com,adult
2075,wikivoyage.org,good
2076,shemalez.com,adult
2077,skyscanner.co.il,good
2078,aticdn.net,good
2079,wankzvr.com,adult
2080,fetishcams.us,adult
2081,delitraff.com,good
2082,analsex7.com,adult
2083,skyscanner.dk,good
2084,nbcunicareers.com,good
2085,spip.net,good
2086,it.com,good
2087,psmcdn.net,good
2088,mypornoplanet.com,adult
2089,skyscanner.com.eg,good
2090,porn-video24.co.uk,adult
2091,m-porn.ai,adult
2092,ganjingworld.com,good
2093,nederlandsesexfilm.net,adult
2094,wwd.com,good
2095,rosetoyofficial-us.com,good
2096,algolia.net,good
2097,newpfactory.com,adult
2098,teenporno7.com,adult
2099,crazysexasian.com,adult
2100,abhiwebtech.com,adult
2101,fleshlight.com,adult
2102,newbloggerthemes.com,good
2103,plumpjig.com,adult
2104,cams4play.com,adult
2105,japanxv.com,adult
2106,magazines.com,good
2107,cheggcdn.com,good
2108,vrporn.homes,adult
2109,imglnkx.com,good
2110,placeit.net,good
2111,ethicspoint.com,good
2112,browser-update.org,good
2113,zendplace.pro,good
2114,transporn.cfd,adult
2115,adman.gr,good
2116,adultlivesexcams.com,adult
2117,blogspot.co.id,good
2118,tailwindcss.com,good
2119,seedtag.com,good
2120,flashtalking.com,good
2121,counters4u.com,good
2122,solidoak.com,good
2123,gaycamspot.com,adult
2124,lazada.com,good
2125,optad360.io,good
2126,voyeurporn.vip,adult
2127,thefappening2015.com,illegal
2128,cougarpornic.com,adult
2129,hotmilfsex.click,adult
2130,startspace.com,good
2131,matureblackpussy.org,adult
2132,sfxporn.com,adult
2133,citypshow.com,adult
2134,vbulletin.com,good
2135,sensacine.com.co,good
2136,trafficox.com,good
2137,fastly.com,good
2138,concert.io,good
2139,viafoura.net,good
2140,queryly.com,good
2141,vrsumo.com,adult
2142,askmediagroup.com,good
2143,adultworldq.com,adult
2144,tubesexfilms.com,adult
2145,pornclassik.click,adult
2146,18porn.sex,adult
2147,analamateur.com,adult
2148,pornmeka.com,adult
2149,pornsavant.com,adult
2150,trannycams.biz,adult
2151,newbigtitstube.com,adult
2152,alexametrics.com,good
2153,videopornogratuit.net,adult
2154,africancasting.com,good
2155,porn-videos24.com,adult
2156,useinsider.com,good
2157,daraz.lk,good
2158,bbwphd.com,adult
2159,others-cdn.com,good
2160,hentaixx.me,adult
2161,livefetishwebcams.com,adult
2162,awejmp.com,good
2163,qep.me,adult
2164,mujerhoy.com,good
2165,jizzberry.com,adult
2166,videosporno24.com,adult
2167,amateur.tv,adult
2168,drunkenstepfather.com,adult
2169,tysksex.com,adult
2170,chyoa.com,adult
2171,asianphit.com,adult
2172,xiti.com,good
2173,advertising.com,good
2174,flirtify.com,good
2175,fanatical.com,good
2176,sportico.com,good
2177,porno-videos24.de,adult
2178,partycelebs.com,adult
2179,cuteteenphonesex.com,illegal
2180,graddit.com,good
2181,onlinesitedirectory.com,good
2182,sexcamsex.com,adult
2183,xnxxporn.homes,adult
2184,geoedge.be,good
2185,evolvemediallc.com,good
2186,vrhush.com,adult
2187,id5-sync.com,good
2188,pbstck.com,good
2189,gothgirlfriends.com,adult
2190,thaiporn.sbs,adult
2191,webcamsex.nl,adult
2192,prostoporno.name,adult
2193,ferronetwork.com,good
2194,porniki.com,adult
2195,allbbwp.com,adult
2196,yahooinc.com,good
2197,ringieraxelspringer.pl,good
2198,okbeautybox.co.uk,good
2199,evgnet.com,good
2200,itainews.com,good
2201,parsintl.com,good
2202,daraz.com.np,good
2203,clicporn.com,adult
2204,bestpworld.com,adult
2205,teenyblack.com,adult
2206,amatorvideok.top,adult
2207,cumtv.com,adult
2208,asianpussyp.com,adult
2209,mensexcams.com,adult
2210,echst.net,good
2211,sentry-cdn.com,good
2212,asianworldp.com,adult
2213,quantummetric.com,good
2214,tiava.com,adult
2215,mynewsassistant.com,good
2216,cdnvault.com,good
2217,livexxxsexcams.com,adult
2218,hardpornxxx.com,adult
2219,responsiblegambling.org,good
2220,teenpornvideo.sex,adult
2221,pmc.com,good
2222,erito.com,adult
2223,wankz.com,adult
2224,clipcash.com,good
2225,desiporn.sbs,adult
2226,12321.cn,good
2227,ibas-uk.com,good
2228,6chua.com,adult
2229,realrapevideos.com,illegal
2230,javsex.homes,adult
2231,helpshift.com,good
2232,mommyfuckers.com,adult
2233,latinaporn.sbs,adult
2234,zx110.org,good
2235,pornscom24.com,adult
2236,backroomcastingcouch.com,adult
2237,60plusmilfs.com,adult
2238,blowvr.com,adult
2239,freakshare.com,good
2240,mastodon.world,good
2241,worldofphonesex.com,adult
2242,analporn.click,adult
2243,freephonep.com,adult
2244,tbhostedgalleries.com,adult
2245,zippermagazine.com,adult
2246,ivythemes.com,good
2247,hdgrandma.com,adult
2248,toplist.cz,good
2249,verotel.com,adult
2250,sexalarab.com,adult
2251,lesboworldp.com,adult
2252,freejavp.com,adult
2253,hottestphd.com,adult
2254,spelberoende.se,good
2255,gannett.com,good
2256,desiboobs.org,adult
2257,anpc.ro,good
2258,asiansexdiary.com,adult
2259,mbslr2.com,good
2260,nsgalleries.com,adult
2261,company-target.com,good
2262,sng.link,good
2263,newwpthemes.com,good
2264,camwhoresbay.com,adult
2265,free1xxx.com,adult
2266,bbwsplanet.com,adult
2267,asianpspace.com,adult
2268,pornhits.com,adult
2269,usex.su,adult
2270,imageporter.com,good
2271,xanimeporn.com,adult
2272,urlgalleries.net,adult
2273,tubezporn.com,adult
2274,hdxxxi.com,adult
2275,mybigtitsbabes.com,adult
2276,bdsmfplace.com,adult
2277,openweathermap.org,good
2278,sexier.com,adult
2279,broadwaygaming.com,good
2280,joueurs-info-service.fr,good
2281,scandalplanet.com,adult
2282,trikepatrol.com,adult
2283,pineapplesupport.com,good
2284,mytscams.com,adult
2285,pornobuzz.net,adult
2286,aspireglobal.com,good
2287,apricot.co.im,good
2288,x3guide.com,adult
2289,sascdn.com,good
2290,freepvideos.com,adult
2291,goldadultblogs.com,adult
2292,hqtokyoporn.com,adult
2293,livehotsexcams.com,adult
2294,terrorhouse.com,adult
2295,ftc.go.kr,good
2296,cartoonpornvideos.com,adult
2297,ohhell.com,good
2298,mxpnl.com,good
2299,japanptv.com,adult
2300,casumoaffiliates.com,illegal
2301,freepornfox.com,adult
2302,qpornsite.com,adult
2303,hotlivesexchat.com,adult
2304,progressplay.net,good
2305,punishbang.com,adult
2306,highwebmedia.com,good
2307,porno24.org.pl,adult
2308,contentstack.com,good
2309,finesexblogs.com,adult
2310,mirrorpix.com,good
2311,grannypornmovies.net,adult
2312,pornlatina.cfd,adult
2313,allasians.com,adult
2314,fca.org.uk,good
2315,milfed.com,adult
2316,follow.it,good
2317,vs4.com,good
2318,about.google,good
2319,wtf.porn,adult
2320,pushpad.xyz,good
2321,abtasty.com,good
2322,pornvider.com,adult
2323,respina24.ir,good
2324,desisex.click,adult
2325,babes34.com,adult
2326,mparticle.com,good
2327,skinnymatures.com,adult
2328,hypnotube.com,adult
2329,bbwpspace.com,adult
2330,topsiteguide.com,good
2331,meetinchat.com,adult
2332,robbreport.com,good
2333,nbcuniversal.com,good
2334,letstryanal.com,adult
2335,sexrussia.click,adult
2336,jallacasino.se,illegal
2337,poynter.org,good
2338,nubiles-porn.com,adult
2339,ncleg.gov,good
2340,mygayboys.cam,adult
2341,gylsx028.com,adult
2342,lustery.com,good
2343,xvmirror.vip,adult
2344,demand.supply,good
2345,pacificbirdstudies.com,good
2346,sheporn.vip,good
2347,freepornfreesex.com,good
2348,cnhubei.com,good
2349,bbwpussyp.com,good
2350,livesexlivecams.cam,adult
2351,ai-porn.name,adult
2352,trueamateurs.com,adult
2353,getclicky.com,good
2354,asianpplanet.com,adult
2355,bestbritishbabes.com,adult
2356,mypornstarbook.net,adult
2357,bumcams.com,adult
2358,spizoo.com,adult
2359,netlify.com,good
2360,opencollective.com,good
2361,theporndude.vip,adult
2362,naughtyphonegirljo.com,adult
2363,jivox.com,good
2364,asianarea.com,adult
2365,directoalpaladar.com,good
2366,mgirl.tv,adult
2367,pornhd24.co.uk,adult
2368,porn2018.com,adult
2369,trendencias.com,good
2370,indianpornlist.com,adult
2371,outdatedbrowser.com,good
2372,pornebony.vip,adult
2373,envato-static.com,good
2374,amateur-fucker.com,adult
2375,3djuegosguias.com,good
2376,olx-st.com,good
2377,config-security.com,good
2378,nicerporn.com,adult
2379,xataka.com.co,good
2380,tushyraw.com,adult
2381,judge.me,good
2382,gamurs.group,good
2383,fapsty.com,adult
2384,nastooh.ir,good
2385,tantaly.com,adult
2386,seksabhidio.org,adult
2387,rokettube2.icu,adult
2388,adultlist.com,adult
2389,amurz.com,adult
2390,honestpornreviews.com,adult
2391,nataliekash.com,adult
2392,territorioese.com,good
2393,minutemediacdn.com,good
2394,pornsitebros.com,adult
2395,newsexwap.com,adult
2396,freexxxpornstar.com,adult
2397,vubado.com,adult
2398,blogher.com,good
2399,superbthemes.com,good
2400,hotsextv.vip,adult
2401,analmom.com,adult
2402,csoonline.com,good
2403,blogs.es,good
2404,oferplan.com,good
2405,mrpinks.com,good
2406,mookie1.com,good
2407,submityourflicks.com,adult
2408,freehentaistream.com,adult
2409,xxxi.porn,adult
2410,xnxx123.org,adult
2411,sexlatina.click,adult
2412,doeda2.icu,adult
2413,strpjmp.com,good
2414,videobox.com,adult
2415,vrbtrans.com,adult
2416,iransamaneh.com,good
2417,vocstatic.com,good
2418,sweetphonesexgirls.com,adult
2419,sourcingjournal.com,good
2420,webedia.es,good
2421,eacdn.com,good
2422,extremetracking.com,good
2423,realgfporn.com,adult
2424,viet69sex.icu,adult
2425,directoalpaladar.com.mx,good
2426,avn.com,adult
2427,spelletjes.nl,good
2428,babelicious.com,adult
2429,livegaycams.biz,adult
2430,myhentaigallery.com,adult
2431,poki-cdn.com,good
2432,hello.porn,adult
2433,3xpreview.com,adult
2434,gothvamps.com,adult
2435,porn-hd.it,adult
2436,influencersgonewild.com,adult
2437,horrorsex.net,adult
2438,turium.es,good
2439,hdabla2.icu,adult
2440,shkulevholding.ru,good
2441,castingcouch-x.com,good
2442,madepics.net,adult
2443,videopornofrancais.com,adult
2444,autocasion.com,good
2445,tycsports.com,good
2446,freechat.com.co,adult
2447,goldderby.com,good
2448,plusporn.net,adult
2449,chinese-angels.com,adult
2450,sportatschool.org.uk,adult
2451,paramount.tech,good
2452,elblogsalmon.com,good
2453,pure18.com,adult
2454,burgosconecta.es,good
2455,online.gov.vn,good
2456,pornvr.vip,adult
2457,bizible.com,good
2458,blowjobit.com,adult
2459,theflowspace.com,good
2460,huelva24.com,good
2461,xvideos123.org,adult
2462,chubbypornvideo.com,adult
2463,imagethumb.com,good
2464,sexpornofilm.net,adult
2465,bilgin.pro,good
2466,gayhdporno.com,adult
2467,redditstatic.com,good
2468,imageshack.us,good
2469,missav3.icu,adult
2470,abcnews.com,good
2471,imglnkd.com,good
2472,zxctube.com,adult
2473,hindianalsex.com,adult
2474,cumcam.com,adult
2475,rewardsaffiliates.com,illegal
2476,youvisit.com,good
2477,sexvidiohindi.com,adult
2478,loyalfans.com,good
2479,arabporn.click,adult
2480,ebis.ne.jp,good
2481,asam.company,good
2482,hdpornk.com,adult
2483,videosxxxhd.com,adult
2484,dogfartnetwork.com,good
2485,freepornofreeporn.com,adult
2486,zhgal.com,adult
2487,silveradultblogs.com,adult
2488,homepornking.com,adult
2489,thaiurge.com,adult
2490,pornofun24.com,adult
2491,pornofilme7.com,adult
2492,larioja.com,good
2493,playwire.com,good
2494,victoriaforphonesex.com,adult
2495,xxxpornhd.pro,adult
2496,sikis.icu,adult
2497,wa.link,good
2498,vrbgay.com,adult
2499,videosexolatino.com,adult
2500,pymesyautonomos.com,good
2501,mediamond.it,good
2502,livesexcams.biz,adult
2503,porna.icu,adult
2504,fettealtefrau.net,adult
2505,bigporn.com,adult
2506,businessinsider.es,good
2507,suckcams.com,adult
2508,teensloveblackcocks.com,adult
2509,fatbuttp.com,adult
2510,sexfreexxx.com,adult
2511,kansasbids.us,good
2512,masturbate2gether.com,adult
2513,porn.ai,adult
2514,footwearnews.com,good
2515,aboutpaf.com,illegal
2516,porndroids.com,adult
2517,gothgirlfriendsvip.com,adult
2518,snapptrip.com,good
2519,top1sever.com,good
2520,yimbly.com,good
2521,disneycareers.com,good
2522,viapais.com.ar,good
2523,stayalanya.com,adult
2524,gibraltar.gov.gi,good
2525,tanyadanielle.com,good
2526,tapad.com,good
2527,stufferdb.com,adult
2528,alltranssexuals.com,adult
2529,wwv4.com,good
2530,tanx.com,good
2531,inkedvixensxxx.com,adult
2532,sexplaycam.us,adult
2533,nutaku.com,adult
2534,vvkondaiah.com,adult
2535,videosxxxargentinos.com,adult
2536,xoriental.com,adult
2537,dscgirls.live,adult
2538,sexolatinovideos.com,adult
2539,tamilnewsexvideos.com,adult
2540,hidden.com,good
2541,artnews.com,good
2542,xataka.com.mx,good
2543,nymphogirls.com,good
2544,toicoxx.com,good
2545,bebesymas.com,good
2546,run-forest.run,good
2547,pornoxxxworld.com,adult
2548,justgoodsex.com,adult
2549,porntube.wtf,adult
2550,xxxtubetv.click,adult
2551,nude-pics.org,adult
2552,bronzeadultblogs.com,adult
2553,brdteengal.com,adult
2554,samariacafe.net,adult
2555,jerkdolls.com,adult
2556,pornoizle2.icu,adult
2557,alsscan.com,good
2558,tommys-bookmarks.com,adult
2559,chinaporno24.com,adult
2560,vibe.com,good
2561,ay.delivery,good
2562,cjwrightxxxanal.com,adult
2563,phonepleaser.com,adult
2564,porniwank.com,adult
2565,3xshemales.com,adult
2566,awempire.com,good
2567,advancelocal.com,good
2568,millenium.gg,good
2569,xataka.com.br,good
2570,wpimg.pl,good
2571,penthouse.com,adult
2572,bestpornsiteslist.net,adult
2573,dtscout.com,good
2574,kinkmeister.com,adult
2575,nastypornpics.com,adult
2576,nacktehausfrauen.net,adult
2577,srv69.eu,adult
2578,thaitubesex.com,adult
2579,nsfw.tools,adult
2580,jjcahill.com,adult
2581,ezoic.net,good
2582,welife.es,good
2583,wittered-mainging.com,good
2584,livesexonnet.com,adult
2585,pornnetworkdeals.com,adult
2586,funeral-notices.co.uk,good
2587,huffpostbrasil.com,good
2588,blogspot.sg,good
2589,womennow.es,good
2590,lesbian-vampires.com,adult
2591,asian-matures.com,adult
2592,hrmos.co,good
2593,orientalptv.com,adult
2594,pinterest.ru,good
2595,mobilepornmovies.com,adult
2596,f95zone.to,adult
2597,savitabhabhivideos.com,adult
2598,affinitymatrix.com,good
2599,18vr.com,adult
2600,momslust.com,adult
2601,wetsexcams.com,adult
2602,hsforms.com,good
2603,babesmachine.com,adult
2604,gayhotcams.com,adult
2605,bbw.wtf,adult
2606,tubeamateurporn.com,adult
2607,livetrannyshows.com,adult
2608,consob.it,good
2609,allasianp.com,adult
2610,linearicons.com,good
2611,lavozdigital.es,good
2612,games.co.uk,good
2613,xatakahome.com,good
2614,manzoniadvertising.com,good
2615,pornandxxxvideos.com,adult
2616,motorpasion.com.mx,good
2617,mb6688.me,good
2618,imagedelivery.net,good
2619,compradiccion.com,good
2620,3d-sexgames.eu,adult
2621,vccorp.vn,good
2622,nudecamboys.com,adult
2623,evooli.icu,adult
2624,diyiyou.com,good
2625,mundoxiaomi.com,good
2626,videospornvideos.com,adult
2627,sinphonesex.com,adult
2628,pornhdfilms.com,adult
2629,motorpasionmoto.com,good
2630,ingyenszexvideok.org,adult
2631,diariodelviajero.com,good
2632,gcdn.co,good
2633,1bigclub.com,adult
2634,perverttube.com,adult
2635,femdomdestiny.com,adult
2636,hentaifox.com,adult
2637,gamesgamescdn.com,good
2638,homeasianp.com,adult
2639,pcisecuritystandards.org,good
2640,weblogssl.com,good
2641,gransexy.com,adult
2642,jwpsrv.com,good
2643,meetcdn.com,good
2644,pornofilms24.fr,adult
2645,7dak2.icu,adult
2646,beacons.ai,good
2647,pornblogfinder.com,adult
2648,javporn.bond,adult
2649,sexchat.com.co,adult
2650,3xinterracial.com,adult
2651,midgetsex.click,adult
2652,hdgaysex.com,adult
2653,gratisdanskporno.net,adult
2654,poprosa.com,good
2655,maduritasespanolas.com,adult
2656,granny-hd.com,adult
2657,beautifulptv.com,adult
2658,roshy.tv,adult
2659,cocorugby.co.uk,adult
2660,xnxxporn.page,adult
2661,male-pleasure.com,adult
2662,filmovisex.com,adult
2663,quintype.com,good
2664,fatworldp.com,adult
2665,bipividiyo.info,adult
2666,frumpytube.com,adult
2667,leonoticias.com,good
2668,pornclassik.vip,adult
2669,acpm.fr,good
2670,privatecamsfree.com,adult
2671,framerusercontent.com,good
2672,hdporno2.icu,adult
2673,sekeszmamoyu.com,adult
2674,7graus.com,good
2675,fantasyorientalp.com,good
2676,videos-xxx-tube.com,adult
2677,midgetporn.vip,adult
2678,hindisexxxxvideos.best,adult
2679,prf.hn,good
2680,3djuegospc.com,good
2681,expireddomains.com,good
2682,rusuchka.com,adult
2683,lilykoh.com,adult
2684,japanxsex.com,adult
2685,artforum.com,good
2686,karlikporno.com,adult
2687,dyked.com,adult
2688,kinkyphonesexslut.com,adult
2689,latinosexo.net,adult
2690,peluuri.fi,good
2691,hottestpornx.com,adult
2692,18asiantube.com,adult
2693,hsmedia.ru,good
2694,inyourarea.co.uk,good
2695,dmcdn.net,good
2696,sexfilmy9.pl,adult
2697,youx.xxx,adult
2698,reachplc.com,good
2699,freshptv.com,adult
2700,thaipornxxx.com,adult
2701,4399.cn,good
2702,sexkoche.mobi,adult
2703,teenslovehugecocks.com,adult
2704,bporncity.com,adult
2705,elnortedecastilla.es,good
2706,swapsmut.com,adult
2707,cjwrightxxx.com,adult
2708,sc-static.net,good
2709,vb.me,good
2710,eldiariomontanes.es,good
2711,asianpedia.com,adult
2712,motorpasion.com,good
2713,trafokit.com,good
2714,hoy.es,good
2715,jun8899.me,good
2716,theleaksbay.com,adult
2717,dpgmediagroup.com,good
2718,gptgirlfriend.online,adult
2719,wbd.com,good
2720,branch.io,good
2721,tns-counter.ru,good
2722,sekasibipividiyo.com,adult
2723,gayvxporn.com,adult
2724,camshowdownload.com,adult
2725,xnx-vids.com,adult
2726,bdsmclick.com,adult
2727,amatorki.biz,good
2728,ourgames.ru,good
2729,pornoingyen.net,adult
2730,javhd.ink,adult
2731,spela.se,good
2732,tabootube.xxx,adult
2733,galacticporn.com,adult
2734,trustedsite.com,good
2735,ebonyporn.click,adult
2736,espncdn.com,good
2737,grandmomporn.com,adult
2738,santander.com,good
2739,tubeporno24.com,adult
2740,localxlist.org,adult
2741,sexblogdemon.com,adult
2742,brightspotcdn.com,good
2743,phmirror.vip,adult
2744,lesbianworldp.com,adult
2745,permainan.co.id,good
2746,splus.ir,good
2747,pornpair.com,adult
2748,bitrix.info,good
2749,girlswallowed.com,adult
2750,cherrypimps.com,adult
2751,asianfreep.com,adult
2752,mcstories.com,adult
2753,familysinners.com,adult
2754,sexytuber.com,adult
2755,red-life.co.uk,good
2756,wp-script.com,adult
2757,asian-o.com,adult
2758,pornid.xxx,adult
2759,salesforcestore.com,good
2760,diverto.tv,good
2761,tochterporn.com,adult
2762,getiton.com,adult
2763,adultcamtube.com,adult
2764,jalurvip.com,adult
2765,vocento.com,good
2766,prismamedia.com,good
2767,pornkorea.click,adult
2768,fancentro.com,good
2769,camlive.com,good
2770,clarip.com,good
2771,blackneed.com,adult
2772,trafficstars.com,good
2773,videoplayerhub.com,good
2774,pornomaduras.net,adult
2775,2nastychicks.com,adult
2776,contentful.com,good
2777,imagekit.io,good
2778,indiansexq.com,adult
2779,ebonygalore.com,adult
2780,blogspot.pt,good
2781,porndork.com,adult
2782,nakedgirls.xxx,adult
2783,pornofilm7.com,illegal
2784,unzipvr.com,good
2785,justnudepic.com,adult
2786,xataka.com.ar,good
2787,18tubehd.com,adult
2788,membrana.media,good
2789,3djuegos.lat,good
2790,japonporn.top,adult
2791,bdsmdvdtube.com,adult
2792,usabilla.com,good
2793,x-video.org,adult
2794,espinof.com,good
2795,fuckyoucash.com,good
2796,eurogirlsescort.com,adult
2797,mature247.com,adult
2798,gov.ro,good
2799,openai.com,good
2800,rupalipalace.co.uk,adult
2801,sexizle2.icu,adult
2802,pornyteen.com,adult
2803,videosxxxabuelas.com,adult
2804,hornyhousewifephonesex.com,adult
2805,indianxvideos2021.com,adult
2806,goldpclips.com,adult
2807,laverdad.es,good
2808,tnaflixtv.vip,adult
2809,bestbdsmp.com,adult
2810,script.ac,good
2811,washilog.com,good
2812,vietpub.com,good
2813,gluecksspiel-behoerde.de,good
2814,discountporn.org,adult
2815,aliexpress.ru,good
2816,camshows.tv,adult
2817,rpwmct.com,good
2818,gonzo-movies.com,adult
2819,pornoenespanollatino.com,adult
2820,xxntube.com,adult
2821,fliphtml5.com,good
2822,czechmegaswingers.com,adult
2823,monstercockgang.com,adult
2824,chatrazvrat.com,good
2825,handy-sextreffen.info,adult
2826,twistys.com,adult
2827,starlist.com,adult
2828,hdporngo.com,adult
2829,pinkteenpussy.org,adult
2830,zoophiletube.com,illegal
2831,fhpicturegalleries.com,good
2832,ppllstatics.com,good
2833,ebxcdn.com,good
2834,hearstmagazines.com,good
2835,aidatingsites.com,good
2836,neatmovies.com,adult
2837,bdsmcloud.com,adult
2838,mamiporno.com,adult
2839,magazinesdirect.com,good
2840,pornworksai.com,adult
2841,blogbugs.org,good
2842,teensexchatrooms.com,adult
2843,hotyoungpussy.org,adult
2844,vkvideo.ru,good
2845,massagepornvideo.com,adult
2846,hdhindisex.com,adult
2847,morepornstars.com,good
2848,teads.com,good
2849,suomivids.com,adult
2850,gedidigital.it,good
2851,grandmaporno.com,adult
2852,eseug.com,good
2853,freechatnow.com,good
2854,confianzaonline.es,good
2855,mrzootube.com,illegal
2856,freexcafe.com,adult
2857,marketplacelive.co.uk,good
2858,tit4free.com,good
2859,dorcelvision.com,adult
2860,bbcparadise.com,adult
2861,area51.porn,adult
2862,mousebreaker.com,good
2863,nailedhard.com,adult
2864,twincdn.com,good
2865,imguol.com.br,good
2866,xporn3d.net,adult
2867,bdg.com,good
2868,transfermarkt.technology,good
2869,zenra.net,adult
2870,primeapi.com,good
2871,colliderporn.com,adult
2872,trustradius.com,good
2873,fetish-porn-stars.com,adult
2874,pornofilmmom.net,adult
2875,girlssexhairy.com,adult
2876,sfdcdigital.com,good
2877,videopornogratuite.org,adult
2878,aiporn.icu,adult
2879,googlecode.com,good
2880,videosdepornolatino.com,adult
2881,mondadori.it,good
2882,templatesyard.com,good
2883,tube18.sex,adult
2884,hellmoms.com,adult
2885,cdn-apple.com,good
2886,videoxxx.sex,adult
2887,insanezoosex.com,illegal
2888,unibetcasino.be,good
2889,sexfilmstube.com,adult
2890,applemediaservices.com,good
2891,secretgfs.com,good
2892,hub-cdn.com,good
2893,redneckjohn.com,adult
2894,tru.am,good
2895,privacytools.com.br,good
2896,passion-hd.com,good
2897,transfermarkt.es,good
2898,repstatic.it,good
2899,sexyyounggirls.org,adult
2900,djatoya.com,good
2901,mikebigdick.com,adult
2902,iolam.it,good
2903,levelaccess.com,good
2904,contratar.online,good
2905,pussyboy.net,adult
2906,mydirtyhobby.de,adult
2907,indianallsexvideos.com,adult
2908,camsparty.com,adult
2909,affcorner.com,good
2910,wasteland.com,adult
2911,sexsitehd.com,adult
2912,pornofint.com,adult
2913,chtntor.com,good
2914,postrelease.com,good
2915,babes34.pro,adult
2916,pornobesplatno.com,adult
2917,pegi.info,good
2918,gaymeister.com,adult
2919,voilaporno.com,adult
2920,meity.gov.in,good
2921,omegleporn.click,adult
2922,zooclips360.com,illegal
2923,cuentabancaria.net,good
2924,puzzmo.com,good
2925,hearstmags.com,good
2926,sexmithausfrauen.net,adult
2927,appspot.com,good
2928,dpgmedia.cloud,good
2929,livemediahost.com,good
2930,hotxxxpornpics.com,adult
2931,tapsi.ir,good
2932,thefappening.one,illegal
2933,brutalfucking.net,illegal
2934,getzoosex.com,illegal
2935,striphilo.com,adult
2936,smitefire.com,good
2937,freesexgames.eu,adult
2938,porn3d.vip,adult
2939,cio.com,good
2940,sakuyaoi.com,good
2941,xnxxx.work,adult
2942,sluttybbws.com,adult
2943,blogspot.com.es,good
2944,infosec.exchange,good
2945,redaktor.no,good
2946,dosalcubo.com,good
2947,bigfuck.tv,adult
2948,pervmom.com,adult
2949,asmhentai.com,adult
2950,hotscope.tv,adult
2951,cayhost.com,good
2952,lexozfldkklgvc.com,good
2953,pincelebs.net,adult
2954,hotteenpussy.org,adult
2955,finesexmovies.com,adult
2956,ksaksaksa.com,adult
2957,fumihiro1192.com,good
2958,mail-and-media.com,good
2959,idealmedia.io,good
2960,thebestporn.com,adult
2961,babepics.org,adult
2962,animesex.me,adult
2963,sapphicerotica.com,adult
2964,desiindiansex.org,adult
2965,daughterswap.com,adult
2966,sibforms.com,good
2967,findy-code.io,good
2968,porntubeguru.com,adult
2969,nakedtitstube.com,adult
2970,aacihealthcare.com,good
2971,xlogz.com,good
2972,hottestasiansite.com,adult
2973,freebeastvideos.com,illegal
2974,hotsexblogsdir.com,adult
2975,stbm.it,good
2976,slutroulette.com,adult
2977,salamancahoy.es,good
2978,livejournal.net,good
2979,ccmbg.com,good
2980,themeansar.com,good
2981,videobrasileirinhas.net,adult
2982,r51.com,adult
2983,spicevids.com,adult
2984,avanal.com,adult
2985,babecenterfolds.com,adult
2986,mypornhere.com,adult
2987,yougoggle.com,adult
2988,volnamista.cz,good
2989,phimxxxsex.casa,adult
2990,myeroblog.com,adult
2991,germansexporn.com,adult
2992,substackcdn.com,good
2993,cloudflarestream.com,good
2994,webcam4money.com,adult
2995,letsdoeit.com,adult
2996,pornoreife.com,adult
2997,casinorewards.com,illegal
2998,ingles.com,good
2999,xnxx123.tv,adult
3000,porntamilvideo.com,adult
3001,runporn.com,adult
3002,web2feel.com,good
3003,home.blog,good
3004,linuxfoundation.org,good
3005,newspapersubs.co.uk,good
3006,nupornfree.com,adult
3007,erome.com,adult
3008,ccmbenchmark.com,good
3009,amplience.net,good
3010,javhub.com,adult
3011,nen.com.cn,good
3012,pornmovies.site,adult
3013,epornik.com,adult
3014,usatini.com,adult
3015,erome.icu,adult
3016,findbare.com,adult
3017,teenfidelity.com,adult
3018,selfiefetish.com,adult
3019,taiwan.cn,good
3020,hqgranny.com,adult
3021,myjavp.com,adult
3022,newssc.org,good
3023,wetsins.com,adult
3024,straponsfemdom.com,adult
3025,hqtube.com,adult
3026,besplatnipornofilmovi.net,adult
3027,premsrv.com,good
3028,xvideoindian.org,adult
3029,notion.site,good
3030,cnstrc.com,good
3031,tiny.pl,good
3032,ladyboygold.com,adult
3033,ibdsmporn.com,adult
3034,feishu.cn,good
3035,o-seznam.cz,good
3036,blowjobs.pro,adult
3037,fleshlyx.com,adult
3038,daftsex.homes,adult
3039,mallusexvideos.net,adult
3040,crushon.ai,good
3041,imgchili.com,good
3042,hqporn.click,adult
3043,wlresources.com,good
3044,naughtysites.com,adult
3045,czechstreets.com,adult
3046,porngo.com,adult
3047,elitebbw.com,adult
3048,crocotube.com,adult
3049,xzooclips.com,good
3050,gayhdxvideos.com,adult
3051,videosdesexoanal.com,adult
3052,abc.com,good
3053,pandesiaworld.com,adult
3054,freshbdsmtube.com,adult
3055,xlx.xxx,adult
3056,coco-escort.com,adult
3057,sekspornofilmovi.com,adult
3058,techpump.com,good
3059,hotyounggirls.com,adult
3060,affect3dstore.com,good
3061,transissy.org,adult
3062,hdsporno.com,adult
3063,zzcartoon.com,adult
3064,schibsted.com,good
3065,cdnfonts.com,good
3066,chatgpt.com,good
3067,seksa.info,adult
3068,netload.in,good
3069,trickyrock.com,good
3070,tibet.cn,good
3071,sexblogger.eu,adult
3072,speakol.com,good
3073,dpgmedia.net,good
3074,xnxxbest.pro,adult
3075,email.com,good
3076,weblogtemplates.net,good
3077,moshimo.com,good
3078,nwknews.jp,good
3079,imgdino.com,good
3080,cumhdporn.com,adult
3081,3xbigboobs.com,adult
3082,sexyxxxfreeporn.com,adult
3083,hotmail.com,good
3084,invisioncommunity.com,good
3085,broadcom.com,good
3086,myanimalsex.com,adult
3087,reifefrauensex.com,adult
3088,hotwifexxx.com,adult
3089,pornoespanollatino.com,adult
3090,lubed.com,good
3091,adocean.pl,good
3092,pwetantv.com,adult
3093,ptwmstcnt.com,good
3094,impact.com,good
3095,netbian.com,adult
3096,horrorvamps.com,adult
3097,sextubeporno.com,adult
3098,impactradius-go.com,good
3099,dantearaujo.net,good
3100,wargaming.com,good
3101,newgamesprograms.com,good
3102,leovegas.co.uk,illegal
3103,sectigo.com,good
3104,trahkino.cc,adult
3105,utamed.es,good
3106,longbigtitstube.com,adult
3107,moe.gov.cn,good
3108,abcotvs.net,good
3109,unusualpeople.com,good
3110,outpersonals.com,good
3111,bigboobbundle.com,adult
3112,pussyfuckcams.com,adult
3113,ebonypornp.com,adult
3114,minutemedia.com,good
3115,osmiporno.com,adult
3116,homemadeporn.click,adult
3117,allaboutcookies.org,good
3118,hotpplace.com,adult
3119,freesex.cam,adult
3120,tkqlhce.com,good
3121,boosty.to,good
3122,mandatory.com,good
3123,xxxfree.pro,adult
3124,bestpornsites.cc,adult
3125,avaescorts.com,adult
3126,pornbox.com,adult
3127,kochava.com,good
3128,reworldmedia.com,good
3129,essentialaccessibility.com,good
3130,freegonzo.com,adult
3131,dbnaked.com,adult
3132,animeporn.click,adult
3133,peacocktv.com,good
3134,dotafire.com,good
3135,pornmoviesg.com,adult
3136,cambro.tv,good
3137,dansksex.net,adult
3138,amateurvoyeurforum.com,adult
3139,townnews.com,good
3140,sexvideochat.blog,adult
3141,filthyhub.icu,adult
3142,videosdesexoamateur.net,adult
3143,58che.com,good
3144,sessovideo24.com,adult
3145,gruppomondadori.it,good
3146,donnexxxfilm.com,adult
3147,18nh.com,adult
3148,kioskoymas.com,good
3149,xxxvideo.sex,adult
3150,gfrevenge.com,adult
3151,gratissexfilmen.com,adult
3152,wpenginepowered.com,good
3153,sic.gov.co,good
3154,peliculasxxxespanol.com,adult
3155,pornogreece.com,adult
3156,magyarul.top,adult
3157,ko-fi.com,good
3158,streamsex.com,adult
3159,todoalicante.es,good
3160,gaypornc.com,adult
3161,ucam.xxx,adult
3162,premiumleads.com,good
3163,ai-porn.photos,adult
3164,clear-tv.com,good
3165,mainebids.us,good
3166,dynatrace.com,good
3167,5twhosting.com,good
3168,localdigitalkit.com,good
3169,vxcash.net,adult
3170,peopleapp.com,good
3171,vxcdn.org,good
3172,elmundoporno.com,adult
3173,medyanetads.com,good
3174,cncporn.click,adult
3175,mahdokhtclinic.com,good
3176,s3waas.gov.in,good
3177,hostingersite.com,good
3178,pornaroma.com,adult
3179,cb-wl.com,good
3180,orientalkink.com,adult
3181,habr.com,good
3182,jiaodong.net,good
3183,pornokaranje.com,adult
3184,escortdirectory.com,adult
3185,comeonconnect.com,illegal
3186,ardaudiothek.de,good
3187,dreammovies.com,good
3188,fontstatic.com,good
3189,annalovesshemale.com,adult
3190,ebs.org.cn,good
3191,pstatic.net,good
3192,uporno.xxx,adult
3193,cimer.gov.tr,good
3194,hqmediago.com,good
3195,maestralia.com,good
3196,asianpornmovies.org,adult
3197,domacipornofilm.com,adult
3198,sexobrasileiras.org,adult
3199,sz.gov.cn,good
3200,lezbomovies.com,adult
3201,synceg.com,good
3202,porcore.com,adult
3203,ebonyclipsm.com,adult
3204,sexyhindivideos.com,adult
3205,all-free-erotic-stories.com,adult
3206,nudostar.com,adult
3207,madanimalsex.com,adult
3208,topcomparativas.com,good
3209,tryfucktube.com,adult
3210,unibetsports.be,illegal
3211,matchendirect.fr,good
3212,etre-free.fr,good
3213,aiporn.review,adult
3214,versantprivacy.com,good
3215,lavporn.com,adult
3216,data.gov.in,good
3217,nubiles-casting.com,adult
3218,karupsow.com,adult
3219,admicro.vn,good
3220,czechvrcasting.com,adult
3221,acrsmartcam.com,good
3222,cam-content.com,adult
3223,freeuseporn.com,adult
3224,tabooporn.to,adult
3225,xxl-film-porno.com,adult
3226,pornpander.com,adult
3227,aipornpics.org,adult
3228,bootysource.com,adult
3229,vrallure.com,adult
3230,livesexasian.com,adult
3231,itspov.com,adult
3232,wbdprivacy.com,good
3233,desiaunty2021.com,adult
3234,fastpic.org,good
3235,baremilfs.com,adult
3236,bjx.com.cn,good
3237,short.gy,good
3238,maxdash.ru,good
3239,rentingcoches.com,good
3240,mypornads.com,adult
3241,hotsexpit.com,adult
3242,nude-camgirls.com,adult
3243,girlspclips.com,adult
3244,pornokrol.com,adult
3245,argentina.gob.ar,good
3246,qianlong.com,good
3247,exotic4k.com,adult
3248,revistasix.es,good
3249,sfdcstatic.com,good
3250,psr.org.uk,good
3251,olx.com,good
3252,cum4k.com,adult
3253,xn--mgbaaanvhpcdt8npbvj3aa47pnpia.com,good
3254,widgeo.net,good
3255,gayxo.com,adult
3256,iliad.fr,good
3257,mrporn.xxx,adult
3258,desi-xnxx.pro,adult
3259,erotikfilmegratis.com,adult
3260,shegg.com,adult
3261,myhottestporno.com,adult
3262,gratispornofilm.info,adult
3263,pornann.com,adult
3264,msrt.ir,good
3265,dirtyship.com,adult
3266,vixenplus.com,adult
3267,porncomicsex.com,adult
3268,nudeamateurgirls.com,adult
3269,perfectadultblogs.com,adult
3270,wmctjd.com,good
3271,nichepornsites.com,adult
3272,cra.ir,good
3273,analnippon.com,adult
3274,fastindianporn.com,adult
3275,bazaarvoice.com,good
3276,transfermarkt.pt,good
3277,creditchina.gov.cn,good
3278,transfermarkt.be,good
3279,qstheory.cn,good
3280,presse.no,good
3281,babesandgirls.com,adult
3282,bcprm.com,good
3283,xnxx.es,adult
3284,pornetv.com,adult
3285,papafickt.com,adult
3286,koreanhdxvideos.com,adult
3287,kayak.com.gt,good
3288,espn.com.ar,good
3289,kayak.com.mx,good
3290,escortluxe.com,adult
3291,nri-net.com,good
3292,goto.com,good
3293,porndiscounts.co.uk,adult
3294,pornovideok.org,adult
3295,kayak.co.cr,good
3296,crazy-sweetclickes.com,good
3297,snrec.jp,good
3298,sinpornx.com,adult
3299,crimsontrade.top,good
3300,espanolas.cyou,adult
3301,chinasspp.com,good
3302,iabsa.net,good
3303,livesex.bar,adult
3304,adultsearch.com,adult
3305,crypto-capital.ltd,good
3306,milfporn.tv,adult
3307,sofucks.com,adult
3308,sharethrough.com,good
3309,keepparamount.com,good
3310,truthordarepics.com,adult
3311,aslnk.link,good
3312,panashinoorei.com,good
3313,dlakavepicke.com,adult
3314,karupsha.com,adult
3315,watchmejerk.com,adult
3316,donnexxxfilm.casa,adult
3317,123formbuilder.com,good
3318,chinesexporn.com,adult
3319,relx.com,good
3320,kqzyfj.com,good
3321,drpornfree.com,adult
3322,pornplus.com,adult
3323,gorgias.help,good
3324,bellmedia.ca,good
3325,trome.com,good
3326,videoslatinossexo.com,adult
3327,celebsnudeworld.com,adult
3328,hdmomporno.com,adult
3329,transfermarkt.com.ar,good
3330,underhentai.net,adult
3331,unibet.ee,illegal
3332,yppcdn.com,good
3333,zenfield.pro,good
3334,userway.org,good
3335,findpics.net,adult
3336,maac.io,good
3337,youradchoices.com,good
3338,salesforceventures.com,good
3339,fujii-yuji.net,good
3340,kayak.com.pa,good
3341,medianewsgroup.com,good
3342,kayak.nl,good
3343,unibet.se,illegal
3344,ifreechat.com,adult
3345,cludo.com,good
3346,hatena.blog,good
3347,aebn.com,adult
3348,bcorporation.net,good
3349,pubmine.com,good
3350,iresearch.cn,good
3351,tao.co,good
3352,thaihdxvideos.com,adult
3353,rapeporn.mobi,illegal
3354,otonajp.com,good
3355,shelovesblack.com,adult
3356,bdsmadventure.net,adult
3357,bdsmfreep.com,adult
3358,pushpushgo.com,good
3359,themexpose.com,good
3360,dahe.cn,good
3361,freeyouporn-sexvideos.com,adult
3362,transfermarkt.nl,good
3363,numagasablog.com,good
3364,unibet.ie,illegal
3365,doubleelectronics.com,good
3366,onaji.me,good
3367,huawei.ru,good
3368,ripbook.com,good
3369,darwin.cx,good
3370,unibet.it,illegal
3371,asiangalore.com,adult
3372,easternporno.com,adult
3373,tryfreeporno.com,adult
3374,fptls.com,good
3375,amazon.science,good
3376,tubeko.com,adult
3377,inorinrinrin.com,good
3378,xnxxxxx.pro,adult
3379,shemalestardb.com,adult
3380,kayak.pl,good
3381,niaogebiji.com,good
3382,bbwtube.porn,adult
3383,analtime.org,good
3384,hdxxxgo.com,adult
3385,kayak.co.in,good
3386,transfermarkt.co,good
3387,sexart.com,adult
3388,bdsmarchive.org,adult
3389,sk.ru,good
3390,kayak.sg,good
3391,aklamio.com,good
3392,18eighteen.com,illegal
3393,ccgals.com,good
3394,usatodaynetworkservice.com,good
3395,manmankan.com,good
3396,kayak.ie,good
3397,bdsmcommunityhub.net,adult
3398,groupon.nl,good
3399,hentaihaven.xxx,adult
3400,realafricans.com,adult
3401,weserv.nl,good
3402,webcamgirls.chat,adult
3403,analrape.pro,adult
3404,auth-excite.com,good
3405,zadultclips.com,adult
3406,lankasri.fm,good
3407,piemmemedia.it,good
3408,porncrash.com,adult
3409,silkengirl.com,adult
3410,trailblazer.me,good
3411,runeterrafire.com,good
3412,brattysis.com,adult
3413,analbbc.com,adult
3414,pakistaniporn.me,adult
3415,refah-bank.ir,good
3416,edreamsodigeo.com,good
3417,ai-porn.dev,adult
3418,asiandvdtube.com,adult
3419,kayak.com.my,good
3420,espn.com.br,good
3421,createporn.com,adult
3422,wt-safetag.com,good
3423,flixcdn.com,good
3424,canonical.com,good
3425,wastelandvod.com,good
3426,prismamediasolutions.com,good
3427,xnxx-ru.com,adult
3428,3dhentaisexgames.com,adult
3429,buonissimo.it,good
3430,myfreesexstore.com,adult
3431,kayak.sa,good
3432,xossip.pro,adult
3433,bi8.link,good
3434,analpornosex.com,adult
3435,video.blog,good
3436,lucasentertainment.com,adult
3437,adultsex24.com,adult
3438,optimole.com,good
3439,studiopress.com,good
3440,beauty-angels.com,adult
3441,groupon.be,good
3442,amateurest.com,adult
3443,hinews.cn,good
3444,tokyoxclips.com,adult
3445,newinterracialtube.com,adult
3446,hagenokaimono.com,good
3447,titten-pornofilme.net,adult
3448,kayak.com.ph,good
3449,adnxs-simple.com,good
3450,getsitecontrol.com,good
3451,ui-portal.de,good
3452,nlvpro.com,adult
3453,theporncouch.com,adult
3454,bestpornreviews.net,adult
3455,vipwank.com,adult
3456,bffs.com,adult
3457,kayak.com.pr,good
3458,crazyasiangfs.com,adult
3459,videobaba.xyz,good
3460,asextoys.com,adult
3461,chat-avenue.com,adult
3462,cbsi.com,good
3463,trust-dating.com,good
3464,pokerbitcoins.net,good
3465,entensity.net,adult
3466,arxnxxxxxxxxhd.best,adult
3467,bbcpie.com,good
3468,united-internet.de,good
3469,justporn.link,adult
3470,whalehunter.cash,adult
3471,sweetgirlsescort.com,adult
3472,moekyun.co,adult
3473,xxx18hot.com,adult
3474,prismamediadigital.com,good
3475,creativeporn.com,adult
3476,freehairygirl.com,adult
3477,glam0ur.com,adult
3478,mylesbop.com,adult
3479,tokyoxxxtube.com,adult
3480,intergi.com,good
3481,camstank.com,adult
3482,arizonabids.us,good
3483,motherlessmedia.com,adult
3484,sebi.gov.in,good
3485,innocenthigh.com,adult
3486,adperfect.com,good
3487,kayak.com.br,good
3488,webflow.io,good
3489,lf-law.com,good
3490,badjojo.com,adult
3491,kayak.com.pe,adult
3492,meta.com,good
3493,unibet.ro,good
3494,lockmart.ru,illegal
3495,hausfrauenreife.com,good
3496,serverworks.co.jp,adult
3497,xnxx-arabic.com,good
3498,redstate.com,good
3499,pornpic.com,adult
3500,seductivehdsex.com,adult
3501,transfermarkt.co.id,good
3502,3docean.net,good
3503,hotjar.io,good
3504,sexy-egirls.com,adult
3505,transfermarkt.us,good
3506,groobygirls.com,adult
3507,malayalampornvideos.com,adult
3508,livesexcams.blog,adult
3509,hotvipescort.com,adult
3510,hobby.porn,adult
3511,omsincarandhouse.work,good
3512,bestip.icu,adult
3513,gelestatic.it,good
3514,videoeroticogratis.com,adult
3515,bigboobspov.com,adult
3516,xxxxxxxelarab.casa,adult
3517,nudeblogz.com,adult
3518,onlinefreechat.com,adult
3519,pornoabuelas.net,adult
3520,z-dn.net,good
3521,alxxnxxxxxsex.wiki,adult
3522,hxsd.com,good
3523,dpgmedia.nl,good
3524,kayak.co.kr,good
3525,kissjav.com,adult
3526,topchubbyporn.com,adult
3527,kayak.com.do,good
3528,chappy-vibes.com,good
3529,okxxx.work,adult
3530,pixhost.to,good
3531,pornolatinoespanol.net,adult
3532,bloggerplugins.org,good
3533,transpornvideo.com,adult
3534,espn.com.pa,good
3535,plug.it,good
3536,bbc-anal.com,adult
3537,silverptv.com,adult
3538,juxing17.com,good
3539,freeadultcomix.com,adult
3540,kayak.co.jp,good
3541,javperfect.com,adult
3542,boyfriend-ai.xyz,adult
3543,kayak.co.ve,good
3544,analcasero.net,adult
3545,xnxx-india.com,adult
3546,extreme-board.com,good
3547,pimpbunny.com,adult
3548,betsafe.lv,illegal
3549,girlfriendsfilms.com,good
3550,wildriftfire.com,good
3551,transfermarkt.com.br,good
3552,18tokyo.com,adult
3553,fullporner.com,adult
3554,videoslesbicos.net,adult
3555,kayak.com.uy,good
3556,naoconto.com,good
3557,desirereviews.com,good
3558,myorientalp.com,adult
3559,forzafire.com,good
3560,doghousedigital.com,adult
3561,transfermarkt.world,good
3562,photodune.net,good
3563,digst.dk,good
3564,gadget-girl.net,good
3565,link-o-rama.com,adult
3566,polarcdn-terrax.com,good
3567,pornshare.biz,adult
3568,theprotocol.it,good
3569,unibet.mt,illegal
3570,co.cc,good
3571,xnxx.lgbt,adult
3572,kurvi.net,adult
3573,allstatics.com,good
3574,unibet.fr,illegal
3575,pornofilmovixxx.com,adult
3576,kayak.com.au,good
3577,porndl.cc,adult
3578,cookie-script.com,good
3579,thaigirlswild.com,adult
3580,bdsmcollective.info,adult
3581,momhdsexo.com,adult
3582,amateureuro.com,adult
3583,litcares.com,good
3584,tykojiaipro.com,good
3585,pizdeparoase.top,adult
3586,kayak.no,good
3587,newhampshirebids.us,good
3588,bongacams11.com,adult
3589,avtits.com,adult
3590,templateism.com,good
3591,xxxlatinaporn.com,adult
3592,cherry.tv,good
3593,reifefrauensex.org,adult
3594,isexa.com,adult
3595,fuckingasian.org,adult
3596,r34porn.net,adult
3597,lecdj.be,good
3598,asianudetube.com,adult
3599,discountedporn.com,adult
3600,welivetogether.com,adult
3601,videospornoscaseros.net,adult
3602,freeamazingsex.com,adult
3603,donnematurenude.com,adult
3604,triboon.net,good
3605,kayak.com.py,good
3606,soccerdonna.de,good
3607,xxpornxx.net,adult
3608,hotebonytube.com,adult
3609,italiaonline.it,good
3610,prcdn.co,good
3611,frenchdictionary.com,good
3612,bbwpcollection.com,adult
3613,asadcdn.com,good
3614,jtvnw.net,good
3615,indamediasales.hu,good
3616,groupon.ca,good
3617,plausible.io,good
3618,erofus.com,good
3619,kayak.com.ni,good
3620,musubi.work,good
3621,szexvideokingyen.com,adult
3622,everygame.eu,illegal
3623,videosexirani.com,adult
3624,ecunion.ir,good
3625,lunwenwx.com,good
3626,tubegalore.yachts,adult
3627,emmersion.ai,good
3628,overframe.gg,good
3629,1porn.org,adult
3630,nv7s.com,good
3631,coollesbo.com,adult
3632,undress.app,adult
3633,fap-nation.com,adult
3634,abcotvs.com,good
3635,chickpass.com,good
3636,unibet.nl,illegal
3637,mokahr.com,good
3638,pornofilmovi.biz,adult
3639,pornoazeri.com,adult
3640,nuespournous.com,adult
3641,mysexgamer.com,adult
3642,aweptjmp.com,good
3643,jetboobs.com,adult
3644,hindi-porn.pro,adult
3645,alllesbianp.com,adult
3646,mrlsexdoll.com,adult
3647,espn.com.au,good
3648,dickflash.com,adult
3649,versantmedia.com,good
3650,mediazonehq.com,good
3651,wifebucket.com,adult
3652,bdsmcollection.info,adult
3653,18-teen-tube.com,adult
3654,c4cgmn8trk.com,good
3655,yiche.com,good
3656,indianpornempire.com,adult
3657,passion.com,good
3658,advertronic.io,good
3659,videospornosenoras.com,adult
3660,jav-vr.net,adult
3661,stackoverflow.blog,good
3662,homemadegalore.com,adult
3663,laidhub.com,adult
3664,kayak.com.sv,good
3665,universityofcalifornia.edu,good
3666,tubebdsm.com,adult
3667,susercontent.com,good
3668,reachphotosales.co.uk,good
3669,curvyerotic.com,good
3670,anrdoezrs.net,good
3671,kayak.com.co,good
3672,unibet.dk,illegal
3673,publicnoticeportal.uk,good
3674,fuckcams.com,adult
3675,ravanallc.com,good
3676,trypornotube.com,adult
3677,joylovedolls.com,adult
3678,kayak.se,good
3679,sexier.com.co,good
3680,meshporn.com,adult
3681,eu.com,good
3682,hot-twat.com,adult
3683,therapyrooms.com,good
3684,hdtube.porn,adult
3685,allmylinks.com,good
3686,journaldesfemmes.fr,good
3687,myfatp.com,adult
3688,javgg.net,adult
3689,swarmcdn.com,good
3690,titsexpo.com,good
3691,fleshed.com,good
3692,dingtalk.jp,good
3693,smut.com,adult
3694,gamesindustry.biz,good
3695,nakedher.com,adult
3696,westpalmbeachlandscaping.net,good
3697,virtualrealjapan.com,adult
3698,xmovies.com,adult
3699,kayak.ch,good
3700,familyporn.tv,adult
3701,animehentaihub.com,adult
3702,freegayanal.com,adult
3703,pornzog.com,adult
3704,cm-trk3.com,good
3705,opensource.org,good
3706,celebsdump.com,adult
3707,blackgfs.com,adult
3708,frenchpornxxx.com,adult
3709,porntn.com,adult
3710,assylum.com,adult
3711,xhby.net,good
3712,xnxx2.uno,adult
3713,bluekai.com,good
3714,oopsfamily.com,adult
3715,mybloggerlab.com,good
3716,b2b-contenthub.com,good
3717,sexflik.com,adult
3718,xnxx2.org,adult
3719,pornvidshot.com,adult
3720,bigtitstokyo.com,adult
3721,mysafar.com,good
3722,localiq.com,good
3723,bigshowpregnant.com,adult
3724,iowabids.us,good
3725,ebonypulse.tv,adult
3726,morefunforyou.com,adult
3727,monetate.net,good
3728,thisxvideos.com,adult
3729,clubelcomercio.pe,good
3730,simplecirc.com,good
3731,hbomax.com,good
3732,com.ru,good
3733,46sk.com,good
3734,kgmedia.id,good
3735,tokyoxpornx.com,adult
3736,espn.com.co,good
3737,newboys.biz,adult
3738,alpenrammler.com,adult
3739,topsexhdvideos.com,adult
3740,peruquiosco.pe,good
3741,smartodr.in,good
3742,kayak.cat,good
3743,ibcstack.com,good
3744,pornolijstje.nl,adult
3745,porngeek.com,adult
3746,xxbrits.com,adult
3747,german-u15.de,good
3748,trustly.com,good
3749,bizratesurveys.com,good
3750,sislovesme.com,adult
3751,groupon.ae,good
3752,trustexporter.com,good
3753,resetera.com,good
3754,cospuri.com,adult
3755,scu.ac.ir,good
3756,naughtymag.com,adult
3757,bookanad.com,good
3758,bangbus.com,adult
3759,videopornogratuito.com,adult
3760,gettr.com,good
3761,pageflakes.com,good
3762,indianhdpornvideos.com,adult
3763,proton.me,good
3764,videojs.com,good
3765,kayak.co.th,good
3766,grupogasca.com,good
3767,huangye88.com,good
3768,shoplyfter.com,adult
3769,kayak.it,good
3770,indianabids.us,good
3771,fjsen.com,good
3772,pucrs.br,good
3773,greynium.com,good
3774,peachyforum.com,good
3775,xvix.eu,adult
3776,ecomedia.pe,good
3777,indiansexmms.org,adult
3778,espn.nl,good
3779,indianclicks.com,good
3780,indianpornq.com,adult
3781,webbilgi.org,good
3782,pornify.cc,adult
3783,oldmaturex.com,adult
3784,stackoverflow.co,good
3785,best-flesh-light.com,adult
3786,rapeporn.name,adult
3787,gravitec.net,good
3788,integrityline.com,good
3789,hebnews.cn,good
3790,spielen.com,good
3791,transfermarkt.mx,good
3792,lesbianpornc.com,adult
3793,thaixxxclips.com,adult
3794,sexfilme-gratis.com,adult
3795,thothub.to,adult
3796,bluetracker.gg,good
3797,kayak.com.ar,good
3798,porn-plus.com,adult
3799,veteranaspornos.com,adult
3800,transfermarkt.co.za,good
3801,transfermarkt.pl,good
3802,homegrownfreaks.net,good
3803,adultdeepfakes.com,adult
3804,farmfriends.gg,good
3805,hebei.com.cn,good
3806,schibsted.io,good
3807,grandmaxvideos.com,adult
3808,magazineshop.us,good
3809,askgamblers.com,illegal
3810,itrust.org.cn,good
3811,gamblinghelponline.org.au,good
3812,x-xx.pro,adult
3813,reachdata.live,good
3814,orientalworldp.com,adult
3815,xnx.cam,adult
3816,afthemes.com,good
3817,fanatik.ro,good
3818,recruitee.com,good
3819,tuttocitta.it,good
3820,membrana-cdn.media,good
3821,cuntwars.com,adult
3822,DeepL.com,good
3823,kayak.pt,good
3824,transfermarkt.ch,good
3825,xxx.xxx,adult
3826,shopeemobile.com,good
3827,malluvideos.org,adult
3828,kayak.cl,good
3829,submitexpress.com,good
3830,girlsrimming.com,adult
3831,clickxxx.net,adult
3832,redcdn.net,good
3833,nationallotterie.be,illegal
3834,erotik-pornos.net,adult
3835,adultempirecash.com,adult
3836,tuktukpatrol.com,adult
3837,imaoto.com,good
3838,groupon.com.au,good
3839,pornmovies2.me,adult
3840,camgirls4u.com,adult
3841,webpartners.co,illegal
3842,seemygf.com,adult
3843,sexxxx.pro,adult
3844,fitnakedgirls.com,adult
3845,bestbrutalrapeporn.com,adult
3846,imgserve.net,good
3847,tagtoday.net,good
3848,clicktale.net,good
3849,ipornlist.com,adult
3850,meisjeneuken.net,adult
3851,bestebonyp.com,adult
3852,mulesoft.com,good
3853,bdsm-club.com,adult
3854,anhuinews.com,good
3855,szfw.org,good
3856,buwei.de,good
3857,top20pornsites.com,adult
3858,plrsrvcs.com,good
3859,porn-xnxx-movies.com,adult
3860,tokyo-xxx.com,adult
3861,freehdinterracialporn.in,adult
3862,us.com,good
3863,counterstats.net,good
3864,kayak.com.ec,good
3865,opecloud.com,good
3866,thaiporna.com,adult
3867,pgcasa.it,good
3868,espn.com.gt,good
3869,plataformadetransparencia.org.mx,good
3870,scoutastic.com,good
3871,fireasian.com,adult
3872,toppornsites.net,adult
3873,buddyporn.com,adult
3874,kadokawa.co.jp,good
3875,visualnetsystems.com,good
3876,hidefporn.ws,adult
3877,becom.digital,good
3878,mux.com,good
3879,prohotporn.com,adult
3880,gotoresolve.com,good
3881,japanesexxxhub.com,adult
3882,yamaonsen.com,good
3883,jpteacher.com,adult
3884,mcclureandsons.com,good
3885,blondesexvideo.com,adult
3886,camiqa.com,adult
3887,pinktoys.co.uk,adult
3888,setochiyo.com,good
3889,szexfilmek.org,adult
3890,powerfetish.com,adult
3891,idols69.com,adult
3892,japanfreep.com,adult
3893,onlybestsex.com,adult
3894,ahnames.com,good
3895,art19.com,good
3896,irtyd.com,good
3897,espn.ph,good
3898,xnxx.gold,adult
3899,themegrill.com,good
3900,cr-chat.com,good
3901,kayak.bo,good
3902,nordvpn.net,good
3903,anj.fr,good
3904,sexchatonly.com,adult
3905,justsextube.com,adult
3906,nastypornblogz.com,adult
3907,1by-day.com,adult
3908,badmilfs.com,adult
3909,eticaret.gov.tr,good
3910,handjobhub.com,adult
3911,klimg.com,good
3912,cosplayporntube.com,adult
3913,gay0day.com,adult
3914,fullpornmovies.xyz,adult
3915,castingpornvideo.com,adult
3916,seksfilmgratis.com,adult
3917,acsta.net,good
3918,betsafe.ee,illegal
3919,xxdesire.com,adult
3920,zadultmovies.com,adult
3921,gayxxxworld.com,adult
3922,trailblazercommunitygroups.com,good
3923,bad-behavior.net,adult
3924,udablog.com,good
3925,groupon.ie,good
3926,tubeorigin.com,good
3927,mouseflow.com,good
3928,transfermarkt.co.in,good
3929,bbw-movies.com,adult
3930,yeshello.chat,illegal
3931,nsaudience.pl,good
3932,porofessor.gg,good
3933,1gr.cz,good
3934,interracialxxx.xyz,adult
3935,sstatic.net,good
3936,kayak.com.hn,good
3937,shoplyftermylf.com,adult
3938,gmx.de,good
3939,fimela.com,good
3940,stocking-tease.com,adult
3941,freeaporn.com,adult
3942,appconsent.io,good
3943,bundesweit-gegen-gluecksspielsucht.de,good
3944,eroticpornxxx.com,adult
3945,adtlgc.com,good
3946,mallusex.me,adult
3947,tubecorporate.com,adult
3948,jlist.com,good
3949,npttech.com,good
3950,tporn.tube,adult
3951,urpussy.com,adult
3952,lostarkfire.com,good
3953,sssh.com,adult
3954,gayxlive.com,adult
3955,infoempleo.com,good
3956,googledrive.com,good
3957,harutasowaka.com,good
3958,mediaworks.hu,good
3959,moneydaddy.com,good
3960,smxlive.com,good
3961,espn.com.do,good
3962,orientalfuckmovie.com,adult
3963,zhiye.com,good
3964,hdbbwxxxx.com,adult
3965,kayak.co.id,good
3966,eroasmr.com,adult
3967,hotpornlist.com,adult
3968,bbwfreetube.com,adult
3969,fetishnetwork.com,adult
3970,pemsrv.com,good
3971,biglobe.co.jp,good
3972,mirrorbingo.com,illegal
3973,pornyblogz.com,adult
3974,pornxpert.com,adult
3975,gratisseksfilm.com,adult
3976,hdsexhq.com,adult
3977,latinasextapes.com,adult
3978,javbangers.com,adult
3979,espn.com.pe,good
3980,101japanese.com,adult
3981,typography.com,good
3982,agora.pl,good
3983,chineseporno24.com,adult
3984,planescort.com,adult
3985,valofessor.gg,good
3986,imaxtrack.com,good
3987,fuqer.com,adult
3988,vogue.it,good
3989,sexyblackchicken.com,adult
3990,simpy.com,good
3991,inxxx.com,adult
3992,3xplanet.com,adult
3993,ai-porn.business,adult
3994,connecticutbids.us,good
3995,transfermarkt.pe,good
3996,kayak.dk,good
3997,gifyu.com,good
3998,iransexvideo.com,adult
3999,ebayrtm.com,good
4000,siviaggia.it,good
4001,transfermarkt.ro,good
4002,pornprosnetwork.com,adult
4003,pdcams.com,adult
4004,freesexyindians.com,adult
4005,a-mo.net,good
4006,gys.cn,good
4007,kayak.com.tr,good
4008,senorasfollando.top,adult
4009,cnnamador.com,adult
4010,transfermarkt.at,good
4011,jav-fetish.com,adult
4012,mylesbianp.com,adult
4013,teenmegaworld.net,illegal
4014,boon-senior.com,good
4015,bdsmexperts.net,adult
4016,videospornoxxx.info,adult
4017,weplancul.com,good
4018,pornoanswers.com,adult
4019,koreanporntubes.com,adult
4020,wujieliulan.com,good
4021,dump.xxx,adult
4022,hottestorientalsite.com,adult
4023,japanworldp.com,adult
4024,nlsexfilms.net,adult
4025,shemalestube.com,adult
4026,grupoclarin.com,good
4027,spicecash.com,adult
4028,groupefigaro.com,good
4029,heymilf.com,adult
4030,mygf.com,good
4031,epimg.net,good
4032,grouponcdn.com,good
4033,gangrape.pro,illegal
4034,edreamsodigeocareers.com,good
4035,joonmali.com,good
4036,thefappening.wiki,illegal
4037,californiabids.us,good
4038,dirtysarah.com,good
4039,espn.cl,good
4040,generatepress.com,good
4041,baddaddypov.com,illegal
4042,commentcamarche.com,good
4043,amateur-community.net,good
4044,juda.cn,good
4045,transfermarkt.my,good
4046,troiemamme.com,adult
4047,transfermarkt.fr,good
4048,fatfreep.com,adult
4049,ensighten.com,good
4050,transfermarkt.jp,good
4051,xnxxbolt.com,adult
4052,hdcosplayporn.com,adult
4053,espn.com.ec,good
4054,kayak.com.hk,good
4055,simplydigitalbill.com,good
4056,inceststoriesvideos.com,illegal
4057,thedatingfan.com,good
4058,granniessex.net,adult
4059,espn.com.sg,good
4060,spermmania.com,adult
4061,chinaxxxvideo.com,illegal
4062,pilluvideot.com,adult
4063,zj.gov.cn,good
4064,transfermarkt.co.kr,good
4065,woodmancastingx.com,adult
4066,dotclear.net,good
4067,sexomaduras.net,adult
4068,intanonline.com,good
4069,bdsmcentral.org,adult
4070,safety.google,good
4071,chollometro.com,good
4072,camcaps.net,adult
4073,aiporn.pw,adult
4074,amateurav.com,adult
4075,kamareels2.com,adult
4076,uol.com,good
4077,ariase.com,good
4078,pinupfiles.com,adult
4079,sextextchat.com,adult
4080,koreanxsexo.com,adult
4081,youronlinechoices.com,good
4082,unibet.co.uk,illegal
4083,ingyensexvideo.com,adult
4084,vgc.no,good
4085,rapelust.com,illegal
4086,cam2camshows.com,adult
4087,bhidio.com,adult
4088,espn.co.cr,good
4089,videoscaserosamateurs.org,adult
4090,desi-xxx.pro,adult
4091,bollywoodporn.name,adult
4092,shopescort.net,illegal
4093,sbzytpimg1.com,good
4094,nupornsite.com,adult
4095,reifeporn.com,illegal
4096,jeffsmodels.com,adult
4097,hhcdn.ru,good
4098,transfermarkt.gr,good
4099,lovehomeporn.com,adult
4100,chinanews.com.cn,good
4101,kayak.ae,good
4102,themehouse.com,good
4103,galacticsluts.com,adult
4104,opta.net,good
4105,odigeoconnect.com,good
4106,bbwhdxx.com,adult
4107,grandmahdxxx.com,adult
4108,sika65sgg.com,good
4109,espn.com.uy,good
4110,jbs.co.jp,good
4111,formzu.net,good
4112,buymeacoffee.com,good
4113,reifehausfrauen.info,adult
4114,android.youtube,good
4115,vaingloryfire.com,good
4116,bhidioseksainlisa.com,adult
4117,idi-halmaheratimur.org,good
4118,sexvporn.com,adult
4119,galacticbabes.com,adult
4120,lovable.dev,good
4121,eurohumpers.biz,adult
4122,binance.com,good
4123,deutsche-pornoclips.com,adult
4124,lesbianpreality.com,adult
4125,porngathering.com,adult
4126,hot-pussy-videos.com,adult
4127,fapperchat.com,adult
4128,incest-pornos.com,adult
4129,porninblogs.com,adult
4130,theporndon.com,adult
4131,chinesehdsex.com,adult
4132,wal.co,good
4133,filmsxxxgratuits.org,adult
4134,love99.de,good
4135,milfwifesex.com,adult
4136,toplistmax.com,adult
4137,abveris.com,good
4138,ibibengkulu.id,good
4139,dirtylilly.biz,good
4140,xnxxgo.com,adult
4141,pornosikis.xyz,adult
4142,bce.ca,good
4143,immediate.co.uk,good
4144,indiawrm.org,adult
4145,hotntubes.com,adult
4146,maturesexq.com,adult
4147,ibikotamanado.id,good
4148,nuddess.com,adult
4149,pizdegoale.top,adult
4150,eventbrite.dk,good
4151,kavkazporn.org,adult
4152,piccoletrasgressioni.it,good
4153,arbitrationpros.us,good
4154,pornfoolery.com,adult
4155,bbwpservice.com,adult
4156,rio-espana.com,adult
4157,GrannyPornos.com,adult
4158,thesoul-publishing.com,good
4159,amateurporno.net,adult
4160,beachweddingsnc.com,good
4161,atw.hu,good
4162,itec-ap2023.com,good
4163,spillemyndigheden.dk,good
4164,mbsrv2.com,good
4165,vrlatina.com,adult
4166,watchersweb.com,adult
4167,porno19.xyz,adult
4168,vyxxx.com,adult
4169,ibikotabandarlampung.org,good
4170,totallylegal.com,good
4171,cloudns.net,good
4172,cobojoes.com,good
4173,kukatonon.org,good
4174,idi-bukittinggi.org,good
4175,ibikotamalang.id,good
4176,gangbang.run,adult
4177,jable-av.com,adult
4178,assets6qq.com,good
4179,bingoporno.com,adult
4180,nswlou.net,good
4181,dogyampoodles.com,adult
4182,ijavhd.com,adult
4183,manysex.com,adult
4184,hot-babes-porn.com,adult
4185,myfoodporn.com,good
4186,indianmilf.me,adult
4187,idi-cilacap.org,good
4188,openjsf.org,good
4189,bjraw.com,adult
4190,pornzoex.xyz,adult
4191,freshpornworld.com,adult
4192,pornhdmovies.com,adult
4193,bdsmexplore.info,adult
4194,ibikotamataram.org,good
4195,pornhdxxx.xyz,adult
4196,ffresx.xyz,good
4197,danortizalaska.com,good
4198,eventbrite.es,good
4199,max.com,good
4200,tinnhiemmang.vn,good
4201,xxx-cinema.com,adult
4202,esthema.com,good
4203,ibikotapalembang.id,good
4204,escortserviceinbanglore.com,adult
4205,cookieyes.com,good
4206,idi-batanghari.org,good
4207,winkslots.com,illegal
4208,amik-intelcom.ac.id,good
4209,gongnu58.com,good
4210,ibikotabalikpapan.id,good
4211,japan-xxx-tube.com,adult
4212,xxxmpeg.com,adult
4213,mediaroom.com,good
4214,priestsofporn.com,adult
4215,utvam.edu.mx,good
4216,toptransitalia.it,good
4217,cookieadmin.net,good
4218,g0zxhyw708e8.xyz,good
4219,chathotfree.com,adult
4220,workercn.cn,good
4221,trovit.com.br,good
4222,pornxxxwww.xyz,adult
4223,idi-bangkatengah.org,good
4224,hentaimama.io,adult
4225,idi-batubara.org,good
4226,trovit.com.pa,good
4227,filmpornogratuiti.com,adult
4228,trovit.com.tr,good
4229,united-internet-media.de,good
4230,idi-gianyar.org,good
4231,progressplay.com,good
4232,fayuanbooks.com,good
4233,bdsmfetishworld.com,adult
4234,bestfreepornsites.top,adult
4235,yieldbird.com,good
4236,freeonlinepornchat.com,adult
4237,k5a.io,good
4238,freebondagehardcore.com,adult
4239,titsinsmoke.com,adult
4240,ibii.or.id,good
4241,hardcoretube.me,adult
4242,trovit.no,good
4243,ibikotamagelang.org,good
4244,bakekatransex.it,adult
4245,porn-a1-links.com,adult
4246,pornhub5468.xyz,adult
4247,PornTube911.com,adult
4248,fuckaroo.org,adult
4249,porno66.xyz,adult
4250,family-sex.me,adult
4251,pornmrs.com,adult
4252,globenewswire.com,good
4253,zlink7.com,good
4254,20m.es,good
4255,xxxdata.net,adult
4256,pornxstories.com,adult
4257,lesbianpspace.com,adult
4258,ai-porn.fans,adult
4259,idi-bengkuluutara.org,good
4260,studentaid.gov,good
4261,indiansexstories2.net,adult
4262,moreamateurs.com,adult
4263,sse.com.cn,good
4264,naccllc.com,good
4265,pornhbo.com,adult
4266,bpomserang.com,good
4267,20gasht.com,good
4268,shemalepornovideo.com,adult
4269,trovit.com.qa,good
4270,pornstarpromote.com,adult
4271,ibinusatenggarabarat.id,good
4272,sibergy.com,good
4273,NevadaEcstasyStore.com,illegal
4274,ibikotasalatiga.id,good
4275,clickiocdn.com,good
4276,thepornaidude.com,adult
4277,animeanime.global,good
4278,femeixxx.top,adult
4279,adzkiastan.id,good
4280,norskecasinoer.com,illegal
4281,xvideow3.com,adult
4282,buy-pr.com,good
4283,blogsys.jp,good
4284,graphene-theme.com,good
4285,ibikotabogor.id,good
4286,vocal.media,good
4287,guidalloshopping.com,good
4288,girlshotass.com,adult
4289,nutakuaffiliates.com,good
4290,idi-cilegon.org,good
4291,idi-dharmasraya.org,good
4292,erosmate.ai,adult
4293,allebonygirls.com,adult
4294,schemaapp.com,good
4295,eroticonly.com,adult
4296,se.video,adult
4297,firstanalquest.com,adult
4298,sexvideo10.com,adult
4299,pornpics-sex.com,adult
4300,ds-static.dk,good
4301,unrealporn.com,adult
4302,cumhdvideos.com,adult
4303,pornbuzz.website,adult
4304,funkemedien.de,good
4305,tomsdating.com,good
4306,ferti-line.com,good
4307,agid.gov.it,good
4308,ibikotapalangkaraya.org,good
4309,anycash.com,good
4310,scpiyao.org.cn,good
4311,onlytransex.it,adult
4312,securiti.ai,good
4313,idi-acehsingkil.org,good
4314,quality-free-xxx-adult-sex-porn-movies.com,adult
4315,ibikotasolo.id,good
4316,qwerty24.net,good
4317,primecurves.com,good
4318,idi-banjarbaru.org,good
4319,hey.com,good
4320,sephora-online-uae.com,good
4321,lesbianptv.com,adult
4322,saktibuana.id,good
4323,teletype.in,good
4324,gamerjournalist.com,good
4325,ibikotatanjungselor.org,good
4326,adating.link,good
4327,bluevideos.net,good
4328,adultblogsdirectory.org,adult
4329,libera.chat,good
4330,smarking.com,good
4331,partnerstack.com,good
4332,indiancumtube.com,adult
4333,ziffmedia.com,good
4334,xnxxtube.win,adult
4335,idi-binjai.org,good
4336,pmln2024.com,good
4337,madurasespanolasfollando.com,adult
4338,ibisulawesiutara.id,good
4339,xhamster-sexfilme.net,adult
4340,idi-bangli.org,good
4341,videopornitaliani.com,adult
4342,pornos-dvd.com,adult
4343,xsxtube.com,adult
4344,adnami.io,good
4345,novibet.partners,illegal
4346,waihuiol.com,good
4347,thaixa.com,good
4348,idi-bireuen.org,good
4349,ohentai.org,adult
4350,ibisumaterabarat.id,good
4351,timeextension.com,good
4352,artifactfire.com,good
4353,zyrosite.com,good
4354,jillmilan.com,adult
4355,sdaisyiyahdemak.com,good
4356,xxxmfxxx.com,adult
4357,pornblogcentral.com,adult
4358,fownix.com,good
4359,foxcareers.com,good
4360,kosmatiputki.com,adult
4361,allassnoface.com,adult
4362,tugcasting.com,good
4363,porn-japan.xyz,adult
4364,3dporncomicsfree.com,adult
4365,3xeuroporn.com,adult
4366,xetube.com,good
4367,bjjubao.org.cn,good
4368,ugandanporn.com,adult
4369,azeriporno.org,adult
4370,idikabbuton.org,good
4371,eventbrite.nl,good
4372,bakekamistress.it,good
4373,qpornoworld.com,adult
4374,pornpig.com,adult
4375,pingpoolshark.com,good
4376,afterdark.market,good
4377,bdsmpaintube.com,adult
4378,porn-asian.xyz,adult
4379,xyzteens.com,illegal
4380,theiotproject.com,good
4381,vend.com,good
4382,hqasianporn.org,adult
4383,ibijawatimur.id,good
4384,ismcdn.jp,good
4385,gqitalia.it,good
4386,pornquick.com,adult
4387,healthlinemedia.com,good
4388,pornotubeguru.com,adult
4389,xxxok.net,adult
4390,paidpornsites.com,adult
4391,genteelflair.com,adult
4392,trovit.com.kw,good
4393,gaypornlinks.com,adult
4394,thaipornfilms.com,adult
4395,bokep2022.com,adult
4396,xxx-asians.net,adult
4397,analfilm.org,adult
4398,pornplayer.xyz,adult
4399,tdg.ch,good
4400,fetishstars.net,adult
4401,pornmovies24h.com,adult
4402,itsmyrole.com,good
4403,giaporn.com,adult
4404,hotpornstargals.com,adult
4405,leenks.com,adult
4406,ibikotasolo.org,good
4407,ixrated.com,adult
4408,nurxxx.xxx,adult
4409,ibikotatangerang.id,good
4410,fakku.net,adult
4411,bakekagirls.it,good
4412,freemilfaccess.net,adult
4413,swaeras.com,adult
4414,blazingserver.net,good
4415,all-adult-blogs.com,illegal
4416,xdate.cam,good
4417,idi-benermeriah.org,good
4418,trovit.com.vn,good
4419,ibikotatangerang.org,good
4420,pornoseksfilmovi.com,adult
4421,pornpaw.com,adult
4422,bearingarms.com,good
4423,idi-acehtenggara.org,illegal
4424,ibikotabengkulu.org,good
4425,idi-halmaherautara.org,good
4426,ibikotasukabumi.org,good
4427,hardcorematures.com,adult
4428,thebottleshoprwc.com,good
4429,5030peninsulapoint.com,good
4430,videospornoxxxgratis.net,adult
4431,propbet.com,good
4432,imagepost.com,adult
4433,slavicporn.com,adult
4434,d-desa.id,good
4435,prooftheory.org,good
4436,abuseporn.net,adult
4437,milfxxxvideos.net,adult
4438,gmx.co.uk,good
4439,atsptp.com,good
4440,pornasianmovies.com,adult
4441,drdavidluce.com,illegal
4442,idi-batam.com,good
4443,prettypussies.com,adult
4444,true-babes.com,adult
4445,sarasotagrillandpizzeria.com,good
4446,ibikotaternate.id,good
4447,desajambupajo.com,illegal
4448,porn1080.xyz,adult
4449,casinoespanol.com,illegal
4450,ibikotadenpasar.org,good
4451,cnnb.com.cn,good
4452,yieldlove.com,good
4453,deepfake-porn.com,adult
4454,postimages.org,good
4455,eeeporn.com,adult
4456,studio1847.io,good
4457,porn-mama.xyz,adult
4458,localist.com,good
4459,mp3-downloads.cc,good
4460,show-webcam-porno.com,adult
4461,trovit.be,good
4462,versexsogratis.com,adult
4463,hotbot.com,good
4464,finncdn.no,good
4465,zicwikki.com,good
4466,sekslucah.com,adult
4467,xlirdr.com,good
4468,warnermediaprivacy.com,good
4469,ibikalimantantimur.id,good
4470,rofus.nu,illegal
4471,mytrannycams.com.pl,adult
4472,ppavno1.com,good
4473,qhnews.com,good
4474,sextube.desi,adult
4475,milfvr.com,adult
4476,trovit.co.id,good
4477,vcmdiawe.com,good
4478,pornshunter.com,adult
4479,prnporn.com,adult
4480,myfavoritearcade.com,adult
4481,ibijakarta.or.id,good
4482,girlgirl.com,adult
4483,jwpcdn.com,good
4484,weatherapi.com,good
4485,premiumread.com,good
4486,turbomoms.com,adult
4487,blackporn24.com,adult
4488,ibikotabalikpapan.org,good
4489,mahanshabake.com,good
4490,xnxx2.info,adult
4491,bisex.online,adult
4492,sexblogsdirectory.net,adult
4493,playpornfree.org,adult
4494,csj258.net,good
4495,agungtimur-desa.id,good
4496,cunnilingusporn.com,adult
4497,idi-banyuwangi.org,good
4498,topcasinosites.co.uk,illegal
4499,ibimaluku.id,good
4500,ibikotabanjarmasin.id,good
4501,porntx.com,adult
4502,punishworld.com,adult
4503,pzhuk.com,adult
4504,night-videos.com,adult
4505,ibipadang.or.id,good
4506,zenn.dev,good
4507,porntrump.com,adult
4508,ibikotapontianak.org,good
4509,blackfridayporndeals.club,adult
4510,fuckxvids.com,adult
4511,thecuratorscafe.com,illegal
4512,lesbianassp.com,adult
4513,nanikaplay.com,good
4514,idi-bonebolango.org,good
4515,ibikalimantanselatan.id,good
4516,idi-gayolues.org,good
4517,escortantalyali.com,illegal
4518,tribpub.com,good
4519,bukkakefriend.com,adult
4520,asiavib.com,adult
4521,EcstasyMeds.com,illegal
4522,coolsexblogs.com,adult
4523,gikygdfzfnasktu.com,good
4524,bestdesiporn.org,adult
4525,idi-bengkalis.org,good
4526,ibisulawesibarat.id,good
4527,strokies.com,good
4528,eboobstore.com,adult
4529,hardcore-video-tube.com,adult
4530,rgpub.io,good
4531,battlebang.org,good
4532,touchtapplay.com,good
4533,manetatsu.com,good
4534,ekogate.club,good
4535,mobilpornoizlex.com,adult
4536,x-n-x-x.pro,adult
4537,collegerules.com,good
4538,reifefraukostenlos.com,adult
4539,forcedsexvideo.net,adult
4540,freiepornofilme.com,adult
4541,viduppu.com,good
4542,iponsex.com,adult
4543,ibikotasurabaya.org,good
4544,xnxxxvidshd.com,adult
4545,pachinkopachisro.com,illegal
4546,eventbrite.at,good
4547,eventbrite.ch,good
4548,julia-garner.com,good
4549,nowdownload.ch,good
4550,ibikotapangkalpinang.org,good
4551,narutopixxx.com,adult
4552,ibikotaambon.id,good
4553,filmx.cyou,adult
4554,pornvidsxx.xyz,adult
4555,kostenlosepornoseiten.com,adult
4556,hentaiincest.org,adult
4557,whchamps.org,good
4558,kanjengsenang.com,good
4559,sexmex.xxx,adult
4560,pbteen.com,adult
4561,bongacams10.com,adult
4562,hotpornblogz.com,adult
4563,sdcdns.com,good
4564,videosdesexotube.net,adult
4565,ibikotaternate.org,good
4566,ee1000.com,good
4567,filmsexefrancais.com,adult
4568,porngamesrating.com,adult
4569,indiatopescorts.com,illegal
4570,sexworldq.com,adult
4571,ibikotasukabumi.id,good
4572,qhalal.com,good
4573,definebabe.com,good
4574,OneTopXxx-Porn.com,adult
4575,bcd9.top,good
4576,xxxpornsexvideo.com,adult
4577,xmilf.net,adult
4578,ibisumaterautara.id,good
4579,ts.cn,good
4580,teen-tube.mobi,illegal
4581,ibikotapontianak.id,good
4582,trovit.my,good
4583,xn--3dsq7teoyo9d.com,good
4584,foxitsoftware.cn,good
4585,senorascojiendo.com,adult
4586,xnxx2.cc,adult
4587,eventbrite.sg,good
4588,729hopecafe.com,good
4589,grannyxporn.com,adult
4590,fantasymassage.com,illegal
4591,footjoiporn.com,adult
4592,mastertrck.com,good
4593,thetrustproject.org,good
4594,femdom-cuckold.com,adult
4595,pornfromfrance.com,adult
4596,maturevporn.com,adult
4597,spy26.com,adult
4598,allstarsportscomplex.com,good
4599,ddfbusty.com,adult
4600,gustavomagarit.com,good
4601,bookhouse.ru,good
4602,trovit.co.ke,good
4603,ibiaceh.id,good
4604,desadurensari.com,good
4605,madurasde40y50.com,adult
4606,mylfdom.com,adult
4607,sexpartyblogs.net,adult
4608,pasionmujeres.com,good
4609,allme.com,good
4610,blog-sexe-porno.com,adult
4611,wbmtllc.com,good
4612,flashscore.co.uk,good
4613,idi-asmat.org,good
4614,idi-batang.org,good
4615,theregister.com,good
4616,ibisulawesitenggara.id,good
4617,stripparadise.com,adult
4618,pornjuan.com,adult
4619,adulttime.com,adult
4620,ibikotaambon.org,good
4621,pornwy.xyz,adult
4622,rebates.jp,good
4623,bpsgameserver.com,good
4624,ddfnetwork.com,good
4625,hcbdsm.com,adult
4626,japancupid.com,adult
4627,pornocaseiro.xyz,adult
4628,oceanasian.com,adult
4629,pornday.org,adult
4630,trovit.ae,good
4631,pizdefutute.com,adult
4632,scrolller.com,good
4633,thefp.com,good
4634,kadencewp.com,good
4635,getcamsex.com,adult
4636,99classic.com,adult
4637,dadcrush.com,adult
4638,1janacova.com,adult
4639,hangzhou.com.cn,good
4640,pornomaison.net,adult
4641,opledvanter.com,good
4642,greenrow.com,good
4643,gmx.es,good
4644,deutschepornofilme.net,adult
4645,dbw.cn,good
4646,kakaocdn.net,good
4647,gotofreeporn.com,adult
4648,keep2share.cc,illegal
4649,southdakotabids.us,good
4650,trovit.pl,good
4651,agah.com,good
4652,pornblogs.eu,adult
4653,cncenter.cz,good
4654,wt-eu02.net,good
4655,depic.me,good
4656,idi-ambon.org,good
4657,ez.no,good
4658,templateparablogspot.com,good
4659,showhairy.com,adult
4660,uicdn.net,good
4661,ucoz.de,good
4662,kudatotohoki.com,good
4663,sergiubaluta.com,good
4664,blueporn.xyz,adult
4665,phonesexnumberlist.com,adult
4666,pornfilms.website,adult
4667,prismashop.fr,good
4668,fuq.one,adult
4669,allgravure.com,adult
4670,appchina.com,good
4671,pinterest.ca,good
4672,ibisumateraselatan.id,good
4673,mompornovideos.com,adult
4674,noovomoi.ca,good
4675,idi-hulusungaiselatan.org,good
4676,wywyx.com,good
4677,freesexvideos.pro,adult
4678,idi-buol.org,good
4679,nuasianporn.com,adult
4680,webpush.jp,good
4681,pornmovievault.com,adult
4682,33across.com,good
4683,embroiderybykcs.com,good
4684,pornchatting.com,adult
4685,vogue.in,good
4686,xnxxclub.net,adult
4687,chubbyfreeporn.com,adult
4688,livepornbest.com,adult
4689,pornvideoxxx.xyz,adult
4690,eventbrite.ie,good
4691,xinhuaxmt.com,good
4692,discourse.org,good
4693,porn-daily.com,adult
4694,sungaialang.info,good
4695,idi-banyuasin.org,good
4696,bravobookmarks.com,adult
4697,jangrana-desa.id,illegal
4698,pornosz.com,adult
4699,teenporn18.com,illegal
4700,msecure106.com,good
4701,desapabatangang.com,good
4702,hdmilfporno.com,adult
4703,dashery.com,good
4704,eventbrite.fi,good
4705,adultporndirectory.com,adult
4706,idi-banjarmasin.org,good
4707,girlfriendvids.net,adult
4708,ccdi.gov.cn,good
4709,phonepervertsparadise.com,adult
4710,teenslikeitbigger.net,adult
4711,menjerkingoff.org,adult
4712,mysexyporn.com,adult
4713,escort24th.com,adult
4714,freetxxx.com,adult
4715,pornweirdo.com,adult
4716,uustatus.no,good
4717,idi-berau.org,good
4718,blogspot.be,good
4719,gda.com,good
4720,interred.de,good
4721,taylorbow.com,adult
4722,bangbrosonline.com,adult
4723,kuncidunia.com,adult
4724,lamiamammarestaurant.com,good
4725,homegrownvideo.com,adult
4726,vrporngalaxy.com,adult
4727,ibikotapekanbaru.id,good
4728,ckseafoodmn.com,good
4729,porn-xxx-streaming.com,adult
4730,rsmitrahusadatangerang.com,good
4731,truevaultcdn.com,good
4732,vammjllc.com,good
4733,xxxhot.pro,adult
4734,porntrial.net,adult
4735,wanderwithnai.com,good
4736,porncamseeker.com,adult
4737,fatptv.com,adult
4738,sophisticatedhotties.com,adult
4739,throatlust.com,adult
4740,freepornadultvideos.com,adult
4741,hackerone.com,good
4742,ibibandung.or.id,good
4743,www77036.com,good
4744,uploadstation.com,good
4745,idibanyumas.or.id,good
4746,acta.org.co,good
4747,real-cs.com,good
4748,matureanaltube.com,adult
4749,pornmoviesxxx.com,adult
4750,sexpcollection.com,adult
4751,vip4k.com,adult
4752,gamepur.com,good
4753,xvideoss3.com,adult
4754,bakekatrans.it,good
4755,spacecadethtx.com,good
4756,yourmomdoesanal.com,adult
4757,dayoo.com,good
4758,pornoaffe.xyz,adult
4759,tamilsexvideo.me,adult
4760,idi-ciamis.org,good
4761,viqeo.tv,good
4762,schoolgirls-porn.com,illegal
4763,idi-boyolali.org,good
4764,black-dicks-sweet-chicks.com,adult
4765,101porno.com,adult
4766,ibiriau.id,good
4767,adobeaemcloud.com,good
4768,atolls.com,good
4769,trovit.nl,good
4770,eatwritethink.com,good
4771,24counter.com,good
4772,xasiat.com,good
4773,realporn.cam,adult
4774,9377o.com,good
4775,ibikotabandung.org,good
4776,watchonlineporns.com,adult
4777,inuth.com,good
4778,pornoenjoytop.xyz,adult
4779,grannyhdsexs.com,adult
4780,sextronix.com,adult
4781,pornox.info,adult
4782,totaltraffictrader.com,good
4783,iabcolombia.com,good
4784,sriwijayamusi.com,good
4785,gamblersanonymous.se,good
4786,freenetworld.org,good
4787,fetish666.com,adult
4788,xnxporno.com,adult
4789,just.xxx,adult
4790,jointhesoul.com,good
4791,eventbrite.hk,good
4792,accesstrade.net,good
4793,doubao.com,good
4794,idi-empatlawang.org,good
4795,akaledu.id,good
4796,sxrb.com,good
4797,eventbrite.co,good
4798,daumcdn.net,good
4799,filmeporno.click,adult
4800,bigtitsroundasses.com,adult
4801,pornvedios.xyz,adult
4802,googleoptimize.com,good
4803,grannyhotvideo.com,adult
4804,zloteprzeboje.pl,good
4805,aipornpics.net,adult
4806,hipsiaceh.com,good
4807,ampqueen.com,good
4808,pepperdeals.se,good
4809,pornstarsnude.com,adult
4810,commerce.gov,good
4811,ibikotabekasi.org,good
4812,iwantmature.com,adult
4813,tgpteam.com,good
4814,tailrank.com,good
4815,corriereadriatico.it,good
4816,bjjubao.org,good
4817,steamgames.com,good
4818,khadkaa.com,good
4819,bestestpussy.com,adult
4820,xvideosmovies.net,adult
4821,tandalesbians.com,adult
4822,ibijakarta.id,good
4823,uploading.com,good
4824,fullbigporn.com,adult
4825,idi-gorontaloutara.org,good
4826,bravoporno.net,adult
4827,punishments.com,good
4828,pornotime.net,adult
4829,freehdfuck.com,adult
4830,ibibali.id,good
4831,idi-halmaheratengah.org,good
4832,ibikotakediri.id,good
4833,bestpornvideos.vip,adult
4834,behance.com,good
4835,latinafucktour.com,adult
4836,vercel.app,good
4837,rkgeducationalcollege.com,good
4838,thetimes.com,good
4839,mehrsprachige-pornos.com,adult
4840,pornedu.com,adult
4841,people.cn,good
4842,eventbrite.fr,good
4843,mathoverflow.net,good
4844,gettranslationservices.com,good
4845,seksavid.com,adult
4846,jschoolgirls.com,adult
4847,ibikotamakassar.org,good
4848,rt-dc.ru,good
4849,pervertium.com,adult
4850,amatorsex.net,adult
4851,ibilampung.id,good
4852,my18pussy.com,adult
4853,lrcontent.com,good
4854,sex-nhat.com,adult
4855,hegre-art.com,good
4856,pornhub22.xyz,adult
4857,myveryfirsttime.com,adult
4858,estatepro.me,good
4859,gowalla.com,good
4860,idi-acehselatan.org,good
4861,hsforms.net,good
4862,desaneglasari.id,good
4863,sextracker.com,adult
4864,jackoffwithmommy.com,adult
4865,ibibanten.id,good
4866,nsfw247.to,adult
4867,idi-acehbarat.org,good
4868,bestroughfuck.com,adult
4869,japanvxxx.com,adult
4870,russiasexygirls.com,adult
4871,sexfotka.top,adult
4872,readyporno.com,adult
4873,trustx.org,good
4874,topasianvideo.com,adult
4875,18hubporn.com,adult
4876,bloggerthemes.net,good
4877,andscape.com,good
4878,blackpornmovies.org,adult
4879,mfrck.com,good
4880,pornforfree.online,adult
4881,nayami-free.com,good
4882,1637.com,good
4883,yourdoll.com,good
4884,pornxtubexx.xyz,adult
4885,pornordo.com,adult
4886,idi-halmaheraselatan.org,good
4887,ibikotamataram.id,good
4888,3xltube.com,adult
4889,slushe.com,good
4890,dei.gr,good
4891,adulthotblogs.com,adult
4892,hothindisex.com,adult
4893,brutalanal.net,adult
4894,adn.cloud,good
4895,explicitblogs.com,adult
4896,ibikotatidore.id,good
4897,idi-bengkuluselatan.org,good
4898,freehdmovs.com,adult
4899,purexbox.com,good
4900,idi-brebes.org,good
4901,gamelink.com,good
4902,idi-dairi.org,good
4903,xxx-porn-movies.net,adult
4904,yourpornopark.com,adult
4905,live-sex-cams.xxx,adult
4906,av69s.com,adult
4907,ibikotapangkalpinang.id,good
4908,porn-packs-magnets.net,adult
4909,chicasmas.net,adult
4910,idi-bitung.org,good
4911,shortpixel.ai,good
4912,gaysexq.com,adult
4913,superbdsm.com,adult
4914,assignmenthelpmaster.com,good
4915,silverbudhealthcare.com,good
4916,xpornverse.com,adult
4917,xianyu176.com,good
4918,staticimgfarm.com,good
4919,realtimedentist.com,good
4920,myasiansites.com,adult
4921,ry8lgwl.com,good
4922,mojepsychologie.cz,good
4923,girlfriendvideos.com,adult
4924,fh50.com,good
4925,sexblogpimp.com,adult
4926,hotwifecupid.com,adult
4927,camhottiez.com,adult
4928,edenfantasys.com,adult
4929,trytitsporn.com,adult
4930,idi-bartim.org,good
4931,pornogramxxx.com,adult
4932,gambleaware.co.uk,good
4933,ccpg.org,good
4934,gxnews.com.cn,good
4935,114ic.com,good
4936,pornhjn.com,adult
4937,gfreshporn.com,adult
4938,ibibali.or.id,good
4939,idikabbutonutara.org,good
4940,ibikotakediri.org,good
4941,koreanpornmovie.com,adult
4942,porn-factory.com,adult
4943,rewrds-indian.com,good
4944,lesbofreep.com,adult
4945,healthycognitionlab.org,good
4946,antarvasnaclips.com,good
4947,ibikotamanokwari.id,good
4948,painandporn.com,adult
4949,escortsaffair.com,adult
4950,videoeroticigratis.com,adult
4951,javpub.me,adult
4952,desasemagung.com,good
4953,dskgsd.com,good
4954,bbw-xxx.com,adult
4955,porn78.top,adult
4956,tokyohqporn.com,adult
4957,pingdom.net,good
4958,profimedia.cz,good
4959,fastcomments.com,good
4960,adultreviews.com,adult
4961,milfboobies.us,adult
4962,sehuatang.org,adult
4963,porn-country.com,adult
4964,idi-bantaeng.org,good
4965,ibikotasamarinda.id,good
4966,submissivewhore.com,adult
4967,the-independent.com,good
4968,viviannunciclass.it,adult
4969,trovit.pt,good
4970,18videoz.com,adult
4971,movieporn.com,adult
4972,polsatmedia.pl,good
4973,lovalio.com,good
4974,xnxxyo.com,adult
4975,betssongroup.com,illegal
4976,president.ir,good
4977,mdhcdn.com,good
4978,ibikotasemarang.id,good
4979,di-lampung.org,good
4980,pornpicshot.xyz,adult
4981,trovit.ch,good
4982,ibikalbar.id,good
4983,idi-acehutara.org,good
4984,hdsexit.com,adult
4985,rngfoundation.com,good
4986,monde-diplomatique.fr,good
4987,liveluxe.me,good
4988,leader.ir,good
4989,xvideow2.com,adult
4990,fritchy.com,good
4991,genesysone.com,good
4992,ai-porn.hair,adult
4993,qpornplanet.com,adult
4994,watchpornomoviesfree.com,adult
4995,tamilauntyxnxx.com,adult
4996,ibikotasurabaya.id,good
4997,braze.com,good
4998,lucidfun.com,good
4999,bora-jetta.ru,good
5000,gedistatic.it,good
5001,postmedia.com,good
5002,recurly.com,good
5003,tube3.com,good
5004,xxxfilmclub.com,adult
5005,kinosex.pw,adult
5006,zemlinskyorchestra.com,good
5007,vburgers.net,good
5008,sexfilmpjesgratis.com,adult
5009,prisa.com,good
5010,chickpassteens.com,adult
5011,grannyhqporn.com,adult
5012,thinkindot.com,good
5013,hotbdsmthumbs.com,adult
5014,lisporn.com,adult
5015,freeblackarchive.net,adult
5016,adultgamescollector.com,adult
5017,panteras.cyou,good
5018,got.sex,adult
5019,hardbdsmsex.com,adult
5020,straponsquad.com,adult
5021,guzwiayz.com,good
5022,santoyosefpandan.id,good
5023,idi-garut.org,good
5024,freepornblogs.org,adult
5025,pornsteel.com,adult
5026,tentacleporn.net,adult
5027,PornNodCams.com,adult
5028,xxxtrio.net,adult
5029,pornscribe.com,adult
5030,asstr.xyz,adult
5031,erotichdworld.com,adult
5032,inafisjateng.org,good
5033,idi-barsel.org,good
5034,idi-acehtamiang.org,good
5035,allpornes.com,adult
5036,ibikepulauanriau.id,good
5037,lloydsbankinggroup.com,good
5038,unityco-op.org,good
5039,sexblogdiary.com,adult
5040,mybabysittersclub.com,good
5041,lesbianfreep.com,adult
5042,trovit.lu,good
5043,transangelsnetwork.com,adult
5044,pithylinks.me,good
5045,gaodun.com,good
5046,fourthwallarts.org,good
5047,kikdirty.com,adult
5048,pornohypnosis.com,adult
5049,ibikotapadang.id,good
5050,sexuria.net,adult
5051,porn66.org,adult
5052,legaldaily.com.cn,good
5053,diatravel.ru,good
5054,53.ru,good
5055,idi-halmaherabarat.org,good
5056,pornesex.com,adult
5057,18YearsPorn.com,adult
5058,pixual.co,good
5059,idi-grobogan.org,good
5060,newestteenpornstars.com,adult
5061,ibikotabatam.org,good
5062,trovit.dk,good
5063,pornolimp.net,adult
5064,idi-banggai.org,good
5065,asslickingclubbing.com,adult
5066,aboutamazon.com,good
5067,orangelogic.com,good
5068,milfsex.website,adult
5069,videosxxxamateur.org,adult
5070,stylowi.pl,good
5071,candyai.co,good
5072,ohsexfilm.com,adult
5073,pornoeb.com,adult
5074,rosselcdn.net,good
5075,t8cdn.com,good
5076,flixbus.ca,good
5077,domainnamesales.com,good
5078,glaminogirls.com,adult
5079,cinedjustice.org,good
5080,milfporntubez.com,adult
5081,pornxxxtv.com,adult
5082,idi-enrekang.org,good
5083,xxytube.com,adult
5084,videoseksa.com,adult
5085,hustlercash.com,adult
5086,trovit.cl,good
5087,postbl.space,good
5088,idi-cimahi.org,good
5089,heavyfetish.com,adult
5090,pushsquare.com,good
5091,ransporn.com,adult
5092,favoritepornx.com,adult
5093,wastedblogs.com,good
5094,miloosloos.com,good
5095,babesandstars.com,adult
5096,pornlist18.com,adult
5097,hentaied.com,adult
5098,sweet18porn.com,adult
5099,ibimedan.or.id,good
5100,tinggarsari.com,good
5101,fapdu.com,adult
5102,pantheonsite.io,good
5103,findingporno.com,adult
5104,stroeer-publishing.de,good
5105,baddiehub.com,adult
5106,eventbritecareers.com,good
5107,tenchat.ru,good
5108,uibrlw.com,good
5109,am4teens.org,good
5110,fb.me,good
5111,storaqle.com,good
5112,ibikotamakassar.id,good
5113,eventbrite.se,good
5114,flameporn.com,adult
5115,jeveuxunemeuf.com,good
5116,trovit.ca,good
5117,fuxxporn3.com,adult
5118,nirngeiger.com,good
5119,kindredaffiliates.com,good
5120,coremg.org.br,good
5121,pornadds.com,adult
5122,porno24.to,adult
5123,yasuki.id,good
5124,gbga.gi,good
5125,pornbestsite.xyz,adult
5126,factset.com,good
5127,tradingfinder.net,good
5128,tmdb.org,good
5129,pornodor.vip,adult
5130,buysellads.com,good
5131,pornepix.com,adult
5132,seduced.com,adult
5133,linkdump.tv,good
5134,sexbam62.net,adult
5135,idi-banjarnegara.org,good
5136,fcukblogs.com,good
5137,onlytarts.com,adult
5138,digitalfirstmedia.com,good
5139,videosxxxcostarica.com,adult
5140,idi-beltim.org,good
5141,trovit.com.ec,good
5142,sportfeeds.io,good
5143,ml314.com,good
5144,gymglish.com,good
5145,hqporn.xxx,adult
5146,atlanticpsychotherapy.com,good
5147,addthisedge.com,good
5148,idibandaaceh.org,good
5149,attachmentsuk.com,good
5150,32r.com,good
5151,ibikalimantantengah.id,good
5152,ibikotabandaaceh.id,good
5153,squirted.com,adult
5154,rawaheng.id,good
5155,pornomyxtube.xyz,adult
5156,sonobi.com,good
5157,porncannon.com,adult
5158,xxxdryfuck.com,adult
5159,ccuhub.com,good
5160,novarion.net,good
5161,brealtime.com,good
5162,darkroomvr.com,good
5163,livesexfreepornvideo.com,adult
5164,pornsitecorp.com,adult
5165,bbwtubeclub.com,adult
5166,idi-dumai.org,good
5167,lovefeetporn.com,adult
5168,ptwmjmp.com,good
5169,aem.page,good
5170,blowjobfreeporn.com,adult
5171,xxxpornhubvideos.com,adult
5172,gin71.com,good
5173,uvzhan.com,good
5174,barthorenbeck.com,good
5175,masterofpussy.org,adult
5176,realpornstarsvr.com,adult
5177,ionos.de,good
5178,hotmail.fr,good
5179,watch2movie.net,illegal
5180,csf3.org,good
5181,ilpiccolemagazine.tv,good
5182,porn321.xyz,adult
5183,urhh.sk,good
5184,delawarebids.us,good
5185,gammae.com,good
5186,ringpublishing.com,good
5187,yourpaysitepartner.com,good
5188,videopornomature.com,adult
5189,pornx24.com,adult
5190,freieporno.com,adult
5191,salesforce-sites.com,good
5192,ghettogaggers.com,good
5193,agkn.com,good
5194,vote.gov,good
5195,konijambi.com,good
5196,vogue.co.jp,good
5197,wagerpartner.com,illegal
5198,cedsdigital.it,good
5199,penthousegold.com,adult
5200,praguesex.biz,adult
5201,operationsports.com,good
5202,horrorporntube.com,adult
5203,japanxxxv.com,adult
5204,digitaldesa.id,good
5205,mainpornsites.com,adult
5206,ibikotakupang.id,good
5207,ukit.com,good
5208,sexspot.site,adult
5209,ibikotasalatiga.org,good
5210,freesexblogs.org,adult
5211,ntadalafil.com,good
5212,evbstatic.com,good
5213,abu-farhan.com,good
5214,trovit.cz,good
5215,fuckmesensei.com,adult
5216,iqilu.com,good
5217,idi-balikpapan.org,good
5218,idi-hulusungaitengah.org,good
5219,stake.com,illegal
5220,desiaunty.org,good
5221,bbwpshow.com,adult
5222,bbwadultvideos.com,adult
5223,kxcdn.com,good
5224,crocoguide.com,good
5225,koreanhqxxx.com,adult
5226,ibikotajayapura.org,good
5227,unila.ac.id,good
5228,xxx-xnxx.pro,adult
5229,vandemataram150.in,good
5230,porntubi.com,adult
5231,amyfc.link,good
5232,pasarpkr.com,good
5233,ibikotamamuju.org,good
5234,BuffPorn.com,adult
5235,imagn.com,good
5236,trovit.jp,good
5237,ibikotatanjungselor.id,good
5238,ccm.gov.cn,good
5239,motherdaughterfuckcafe.com,adult
5240,xxxborrachas.top,adult
5241,theme-dev.com,good
5242,vintagepplanet.com,good
5243,blogspot.co.at,good
5244,courant.com,good
5245,idi-bintan.org,good
5246,pornraven.com,adult
5247,911porno.com,adult
5248,tscprts.com,good
5249,pornofilmek.org,adult
5250,cm-trk6.com,good
5251,noovo.info,good
5252,ixxxtv.com,adult
5253,htmedia.in,good
5254,idi-bulukumba.org,good
5255,ideal-teens.com,adult
5256,nudz.com,good
5257,ibikotabekasi.id,good
5258,lygymdy77.com,good
5259,ngb.org.za,good
5260,xvideoshdporn.com,adult
5261,videocasalinghigratis.com,good
5262,sexinblogs.com,adult
5263,pepabo.com,good
5264,workingnews117.com,good
5265,atl-paas.net,good
5266,idi-acehtengah.org,good
5267,audiopornmusic.com,adult
5268,bcra.gob.ar,good
5269,videosdepornosmaduras.com,adult
5270,idi-bungo.org,good
5271,teenpornvideo.me,adult
5272,pepperdeals.com,good
5273,ballbustingtube.com,adult
5274,wwwgrandpashabet1605.com,illegal
5275,lezcuties.com,adult
5276,juicymoms.net,adult
5277,kuripan.id,good
5278,hairypornxxx.com,adult
5279,trovit.hu,good
5280,cakepornhub.com,adult
5281,110indiansummer.com,good
5282,dogachtigen.com,good
5283,freedporn.com,adult
5284,asiandating.com,good
5285,sankei.co.jp,good
5286,worldbdsmp.com,adult
5287,way2themes.com,good
5288,bobakhan.com,good
5289,famousboard.com,good
5290,pdfyou.com,good
5291,roughporntube.net,adult
5292,transcend-cdn.com,good
5293,adultclipsb.com,adult
5294,porn-hubpage.com,adult
5295,hott.ml,good
5296,wifey.com,good
5297,hotpainsex.com,adult
5298,boypost.com,good
5299,freegallerybdsm.com,adult
5300,idi-bondowoso.org,good
5301,789830.com,good
5302,ijame.id,good
5303,GonzoXxxPorn.com,adult
5304,ibikotatanjungpinang.id,good
5305,vbbwporn.com,adult
5306,livestold.com,good
5307,ikiosek.cz,good
5308,masturbatinggirls.org,adult
5309,idi-kotabaru.org,good
5310,hdsexphim.com,adult
5311,primis.tech,good
5312,whiskey.gr,good
5313,ipornovideo.com,adult
5314,kudatoto3d.com,adult
5315,alltexgunshows.com,good
5316,freebdsmarchive.com,adult
5317,ibijawatengah.id,good
5318,link.space,good
5319,ispen.id,good
5320,xxxanzeigen.com,adult
5321,tstglobal.com,good
5322,gogobarauditions.com,good
5323,hindisexyvideos.com,adult
5324,free-sexfilme.net,adult
5325,collegephonesex.com,adult
5326,adpk.org,good
5327,ai-porn.makeup,adult
5328,aspnetcdn.com,good
5329,lesbianpplanet.com,adult
5330,milehighmedia.com,good
5331,porncc.org,adult
5332,trovit.com.pe,good
5333,crakrevenue.com,good
5334,idi-acehtimur.org,good
5335,erotiksuchmaschine.cc,adult
5336,ibikotajayapura.id,good
5337,bnnbloomberg.ca,good
5338,sitesporn.net,adult
5339,musculargrace.com,good
5340,ibikotagorontalo.org,good
5341,xbiz.com,good
5342,ryusushi.com,good
5343,BoobsPornVideo.com,adult
5344,viafoura.co,good
5345,porntofly.com,adult
5346,homelesschild.com,good
5347,japanvsex.com,adult
5348,idi-asahan.org,good
5349,ibikalimantanutara.id,good
5350,amateur-sexvideos.net,adult
5351,mongolporno.com,adult
5352,mediagene.co.jp,good
5353,gangav.com,good
5354,ghettopornstar.com,adult
5355,ilpiccolemagazine.it,good
5356,aussieporn.org,adult
5357,touryourowncity.com,good
5358,mvpjoke.com,good
5359,culsexporn.com,adult
5360,besttemplatesite.com,good
5361,videosxxxtrios.top,adult
5362,onlivesexcams.com,adult
5363,rfttax.com,good
5364,najva.com,good
5365,sexblogle.com,adult
5366,ai-porn.promo,adult
5367,thaixxxtubes.com,adult
5368,u8qa0i4.top,good
5369,sportovniprogram.cz,good
5370,javuporn.com,adult
5371,fap18.net,adult
5372,eventbrite.com.br,good
5373,funkedigital.de,good
5374,dorcelclub.com,adult
5375,cdn.tax,good
5376,idi-bangkalan.org,good
5377,pornclose.com,adult
5378,pusakaumkm.id,good
5379,adok.ai,good
5380,lesb-porno.com,adult
5381,trovit.co.ve,good
5382,uncams.com,adult
5383,mincrs.sk,good
5384,joinfirefish.org,good
5385,pcgamestorrents.com,illegal
5386,7YapPorn.com,adult
5387,filmxfrancais.com,good
5388,eventbrite.pt,good
5389,nudestreams.eu,adult
5390,filmpornovecchi.com,adult
5391,media24.com,good
5392,attackofthefanboy.com,good
5393,ganjing.com,good
5394,thewatchlog.com,good
5395,ads-abc.com,good
5396,fnbtic.com,good
5397,thepornfan.com,adult
5398,pornfreefull.xyz,adult
5399,tailstold.com,good
5400,pornobisexuel.com,adult
5401,eventbrite.cl,good
5402,kemenaghaltim.id,good
5403,escortshouse.com,adult
5404,pornofilme.cyou,adult
5405,sleepdisordersclinic.org,good
5406,xxx-vids.pro,adult
5407,pornbeeg.site,adult
5408,replit.com,good
5409,cryptorealestateschool.com,good
5410,theme-sphere.com,good
5411,mississippibids.us,good
5412,PornsHemalEpics.com,adult
5413,lge.co.kr,good
5414,big-boobs-porn.com,adult
5415,ehotporno.com,adult
5416,newsburst.com,good
5417,pornocaseromaduras.com,adult
5418,jcosplay.com,good
5419,worldsexblogs.net,adult
5420,idmnet.pl,good
5421,observatornews.ro,good
5422,blinklist.com,good
5423,bpornomovies.com,adult
5424,iporn88.com,adult
5425,trovit.com.pk,good
5426,pornthank.com,adult
5427,musaporn.com,adult
5428,rurimito.com,good
5429,persianepochtimes.com,good
5430,incendar.com,good
5431,moltofood.it,good
5432,eventbrite.com.mx,good
5433,funkemediasales.de,good
5434,pizzahousemons.com,good
5435,ijinshan.com,good
5436,bakekaboys.it,good
5437,idi-barut.org,good
5438,sunsethomesanguilla.com,good
5439,adultpornosearch.com,adult
5440,filmpornocompleto.com,adult
5441,idi-balangan.org,good
5442,idi-bovendigoel.org,good
5443,hbzhan.com,good
5444,dirtygirlphonesexsite.com,adult
5445,trovit.ma,good
5446,girlsxxx.net,adult
5447,tbao.com,good
5448,pornstuck.com,adult
5449,newdreamglobal.com,good
5450,carrd.co,good
5451,badfamilypov.com,adult
5452,salemmedia.com,good
5453,lesbianpussyp.com,adult
5454,fuckingmovies.xyz,adult
5455,exotic-land.com,good
5456,eventbrite.de,good
5457,atresmedia.com,good
5458,cool-experts.com,good
5459,lusciousphonesex.com,adult
5460,ocast.com,good
5461,pornblogdump.com,adult
5462,cleverpush.com,good
5463,nudehotmilfs.com,adult
5464,pulselive.com,good
5465,ibikotasamarinda.org,good
5466,9hentai.to,adult
5467,idi-bontang.org,good
5468,analespanol.com,adult
5469,voicy.jp,good
5470,postmedia.digital,good
5471,bulecams.com,adult
5472,ibikotapalangkaraya.id,good
5473,postmediasolutions.com,good
5474,ibikotabengkulu.id,good
5475,maximusmg.com,good
5476,lifullconnect.com,good
5477,pornogratis.vlog.br,adult
5478,dragonbyte-tech.com,good
5479,idi-bangkabarat.org,good
5480,freexsex.com,adult
5481,rvohealth.com,good
5482,ibikotapalu.id,good
5483,ebony-pornography.com,adult
5484,indienudes.com,adult
5485,poopeegirls.com,adult
5486,favgayporn.com,adult
5487,videogameschronicle.com,good
5488,mediaad.org,good
5489,xxxbb88.com,adult
5490,xvideoss2.com,adult
5491,desiporn.tube,adult
5492,xxxxxx88x88.com,adult
5493,asianxmovs.com,adult
5494,pornsexporn.com,adult
5495,adevinta.com,good
5496,dlakaveporno.com,adult
5497,idi-bulungan.org,good
5498,digitallocker.gov.in,good
5499,gz.gov.cn,good
5500,stopspillet.dk,good
5501,tuidang.org,good
5502,tnlmediagene.com,good
5503,xtsporn.com,adult
5504,vintagepussyp.com,adult
5505,forina.org,good
5506,x3699.com,good
5507,znakomka.ru,good
5508,rsms.me,good
5509,taketimetothink.co.uk,good
5510,bukkakefreeporn.com,adult
5511,nosvideo.com,adult
5512,lavie.fr,good
5513,ibtimes.sg,good
5514,pornoston.com,adult
5515,gog.cn,good
5516,ibipapuabarat.id,good
5517,pornoizl.xyz,adult
5518,sexusblog.com,adult
5519,idi-acehjaya.org,good
5520,3d-sex.net,adult
5521,caltagironeeditore.com,good
5522,porno.cymru,adult
5523,idi-gowa.org,good
5524,visaeurope.com,good
5525,xxxsites.org,adult
5526,myrealporncom.com,adult
5527,hotloveasiansexxx.com,adult
5528,xn--pckua2a7gp15o89zb.com,good
5529,gig-porn.com,adult
5530,dprdkotabitung.com,good
5531,countryxxxsex.com,adult
5532,jolokawek.com,good
5533,topsexygirlsxxx.com,adult
5534,ididenpasar.org,good
5535,10BiggestProblems.com,good
5536,desipornxxx.com,adult
5537,holisticvitalgoods.com,good
5538,idi-agam.org,good
5539,myporndepot.com,adult
5540,porn-for-you.xyz,adult
5541,vrporncoin.com,adult
5542,spreadshirt.fr,good
5543,ibinusatenggaratimur.id,good
5544,ibijawabarat.id,good
5545,ilpanuozzo.com,good
5546,transexjapan.com,adult
5547,floss.social,good
5548,theoldminehouse.com,good
5549,klarnacdn.net,good
5550,pufu-pufu.com,good
5551,www777684.com,good
5552,a2naacp.org,good
5553,maxient.com,good
5554,lifepornstories.com,adult
5555,luckyspinvoyage.com,good
5556,forskalia.com,good
5557,amourangels.com,adult
5558,blogspot.it,good
5559,asianso.com,good
5560,seondf.com,good
5561,LesbianHardPorn.com,adult
5562,9win.me,illegal
5563,idi-bangka.org,good
5564,sexvideodansk.com,adult
5565,adult.xyz,adult
5566,friendfinder.com,adult
5567,ibisulawesitengah.id,good
5568,tgirls.xxx,adult
5569,theporncollection.com,adult
5570,ladbrokes.com.au,illegal
5571,masturbate.us,adult
5572,idikabbursel.org,good
5573,idi-batola.org,good
5574,pornolarca.xyz,adult
5575,idi-blora.org,good
5576,yunnan.cn,good
5577,diamondescort-frankfurt.de,adult
5578,unimailer.com,good
5579,culioneros.com,good
5580,luckypussies.com,adult
5581,sdchina.com,good
5582,welcometothejungle.com,good
5583,condor-affiliates.com,good
5584,soleyleveadultdayhealth.com,good
5585,arclight-champion.com,good
5586,aggressivetransformation365.com,good
5587,melhoresvideoporno.com,adult
5588,sexfilmnl.com,adult
5589,pornogirl.xyz,adult
5590,smailymedia.com,good
5591,orlabrasil.com,good
5592,idi-hulusungaiutara.org,good
5593,hostinger.com,good
5594,porncomixvideos.com,adult
5595,PornstarCream.com,adult
5596,livefreshporn.com,adult
5597,skinartbyrandy.com,good
5598,findpics.com,good
5599,ai-porn.top,adult
5600,evbuc.com,good
5601,idibadung.or.id,good
5602,porno.lease,adult
5603,oriental-fuck.com,adult
5604,blackhairypussy.org,adult
5605,preisjaeger.at,good
5606,bootyliciousmag.com,adult
5607,yottaa.com,good
5608,mobilporncu.com,adult
5609,filmepornoerotico.com,adult
5610,ruleporn.com,adult
5611,povr.com,good
5612,mncdn.com,good
5613,epic.partners,good
5614,pornicifilmovi.com,adult
5615,kannadasexy.com,adult
5616,iportal.ru,good
5617,ibiyogyakarta.id,good
5618,hotmomszone.com,adult
5619,vipsexpornoizle.com,adult
5620,5startube.com,adult
5621,idi-baubau.org,good
5622,papafickttochter.com,adult
5623,xxx6638.com,adult
5624,theboroschool.com,good
5625,tonightsgirlfriend.com,adult
5626,freeonlineliveporn.com,adult
5627,hjd2048.com,good
5628,sendtonews.com,good
5629,themecraft.net,good
5630,pornofilmmom.com,adult
5631,hentaidude.com,adult
5632,pornclipsa.com,adult
5633,askci.com,good
5634,lindylist.org,good
5635,babestationcams.com,adult
5636,leru.org,good
5637,saltwaterfishing247.com,good
5638,danni.com,good
5639,ibikepulauanbangkabelitung.id,good
5640,simplify.hr,good
5641,phonesexinfo.com,adult
5642,tokyopornox.com,adult
5643,sexevideo.org,adult
5644,ampbiscuit.com,good
5645,wbmttphonesexjobs.com,adult
5646,pornizlevideos.com,adult
5647,orangeclickmedia.com,good
5648,cdn77.com,good
5649,bbwpornz.com,adult
5650,ibikotadenpasar.id,good
5651,cwnhhja9jd45.info,good
5652,luxure.live,adult
5653,hdmaturexxxx.com,adult
5654,fruityblox.com,good
5655,onepodcast.it,good
5656,ibikotamagelang.id,good
5657,1tsporn.com,adult
5658,markandgraham.com,good
5659,roughsexualvideos.com,adult
5660,hzppw.com,good
5661,venusporn.com,adult
5662,aiporn.sbs,adult
5663,wct.link,good
5664,nightporn4k.com,adult
5665,s-nbcnews.com,good
5666,therapyasmr.com,good
5667,walmartimages.com,good
5668,centrohelp.com,good
5669,fetish-stars.com,adult
5670,ro89.com,illegal
5671,filmysex.net,adult
5672,nude-gals.com,adult
5673,bbwfatporn.com,adult
5674,xxxgames.biz,adult
5675,technologyadvice.com,good
5676,pornanimals.site,adult
5677,bellesaplus.co,good
5678,cfnmteens.com,adult
5679,attire-apparel.com,good
5680,loveasmr.com,good
5681,mybdsmlibrary.com,adult
5682,zjwyfg.com,good
5683,trustedshops.de,good
5684,kwai.com,good
5685,trovit.co.za,good
5686,ibikotatanjungpinang.org,good
5687,mamiporno.net,adult
5688,maxroll.gg,illegal
5689,porn-discounts.xxx,adult
5690,ilan.gov.tr,good
5691,myhotpics.com,adult
5692,getviagrax.com,illegal
5693,bezzy.com,good
5694,livecampay.com,good
5695,ibimalukuutara.id,good
5696,eventbrite.be,good
5697,newsgator.com,good
5698,trannypornda.com,adult
5699,suominettikasino.com,illegal
5700,strategicbusinessexpansion.info,good
5701,portalistana.id,good
5702,freebbwporn.xyz,adult
5703,joipal.com,good
5704,pornoxhub.com,adult
5705,adultporncamsex.com,adult
5706,pishkhanak.com,good
5707,maturepelose.com,adult
5708,ropebondageporn.com,adult
5709,trovit.ph,good
5710,pornzoog.com,adult
5711,pornprovide.com,adult
5712,idi-buleleng.org,good
5713,bestestass.com,adult
5714,livepornbabes.com,adult
5715,ibikotajakarta.id,good
5716,stackoverflowteams.com,good
5717,play-wise.com,good
5718,pornovieux.com,adult
5719,xmovies.porn,adult
5720,progameguides.com,good
5721,virgul.com,good
5722,verisign.com,good
5723,tokyosextubes.com,adult
5724,teen-porn-mpegs.com,illegal
5725,asiafriendfinder.com,good
5726,radiopogoda.pl,good
5727,idikotadepok.org,good
5728,planetpokemon.com,good
5729,hangingverticalgarden.info,good
5730,galaxyaffiliates.com,good
5731,pornoxyz.website,adult
5732,nonstopporn.com,adult
5733,magicfind.us,good
5734,nyporno.com,adult
5735,teenporndiscounts.net,illegal
5736,fattyworldp.com,good
5737,amateurporn.co,adult
5738,ibisulawesiselatan.id,good
5739,mrvintageporn.com,adult
5740,thelesbianexperience.com,adult
5741,ibikotabandung.id,good
5742,cocklovingmoms.com,adult
5743,idi-fakfak.org,good
5744,pornoart.net,adult
5745,lesbporn.net,adult
5746,emi2023ic.com,good
5747,contentsquare.net,good
5748,90sheji.com,good
5749,hot-sex-movies.com,adult
5750,bdsmmix.com,adult
5751,magyarporno.org,adult
5752,babestare.com,good
5753,figurinhasparavoce.shop,good
5754,houseoftaboo.com,adult
5755,transformourworldhawaii.com,good
5756,truehits.in.th,good
5757,idi-dompu.org,good
5758,ahxxxtube.net,adult
5759,linkagogo.com,good
5760,ibikotaparepare.id,good
5761,teenpies.com,illegal
5762,hotbdsmtgp.com,adult
5763,ibikotaprobolinggo.org,good
5764,kentuckybids.us,good
5765,18yoporntube.com,adult
5766,idi-mongondow.org,good
5767,zyanhu.com,good
5768,adultterra.com,adult
5769,milfbundle.com,adult
5770,1366xnxx.com,adult
5771,bakekaescort.it,adult
5772,idi-bengkulutengah.org,good
5773,pornlust.xyz,adult
5774,idi-biak.org,good
5775,sapp.ir,good
5776,gd.gov.cn,good
5777,socdm.com,good
5778,lelamantin.com,good
5779,paramounttextiles.net,good
5780,gimvongamete.com,good
5781,incometax.gov.in,good
5782,familyxxx.com,adult
5783,trackonomics.net,good
5784,sdrrestaurant.com,good
5785,huiyi8.com,good
5786,footparisien.com,good
5787,glendaloughhermitage.com,good
5788,pornworks.app,adult
5789,sphdigital.com.sg,good
5790,businessinsider.tw,good
5791,ooxxx.com,adult
5792,ibikotaserang.org,good
5793,aiporn.win,adult
5794,pornobrot.com,adult
5795,porn1212.com,adult
5796,porn3dx.com,adult
5797,porn4e.com,adult
5798,ibikotabandaaceh.org,good
5799,bratperversions.com,adult
5800,saucytime.com,adult
5801,sensualwriter.com,adult
5802,thumbnailseries.com,good
5803,idi-gunungmas.org,good
5804,bestestdicks.com,adult
5805,ibikotapekanbaru.org,good
5806,metartnetwork.com,adult
5807,ss88271.com,good
5808,pussyvideos.club,adult
5809,idi-belitung.org,good
5810,xxxme.net,adult
5811,statcounter.hu,good
5812,ibikotagorontalo.id,good
5813,aacip.net,good
5814,hotmaturewomensexcams.com,adult
5815,imlive.top,good
5816,trovit.co.uk,good
5817,porngranny.net,adult
5818,recepty.cz,good
5819,qertasa.com,good
5820,1hconline.org,good
5821,vtexassets.com,good
5822,resemom.jp,good
5823,xxx2019.pro,adult
5824,elegantanal.com,adult
5825,pornofilmi.org,adult
5826,ghettotube.com,adult
5827,taincash.com,good
5828,mediacont.net,good
5829,ibikotabitung.id,good
5830,townhallmedia.com,good
5831,pornofilmeket.com,adult
5832,pizdeparoase.com,adult
5833,xgroovy.com,good
5834,epornotubes.com,adult
5835,hdsexin.com,adult
5836,slext2.com,adult
5837,customvideotheatre.com,good
5838,crlindia.com,good
5839,19girlstube.com,adult
5840,rapescenesite.com,illegal
5841,cartoonporn.pro,adult
5842,zjtdnbydsapp.com,good
5843,porn-girl.xyz,adult
5844,xnxx1.tube,adult
5845,akumbuh.org,good
5846,ibikotatidore.org,good
5847,smesgoonline.com,good
5848,adult-fanfiction.org,adult
5849,gstarcad.com,good
5850,trovit.ie,good
5851,porn-dvd-store.com,adult
5852,guvenpansiyon.com,good
5853,haiwahgroup.com,good
5854,ibikotadepok.id,good
5855,old-ladies.com,adult
5856,wisskomm.social,good
5857,videosxgratuits.com,adult
5858,dailyracingnews.com,good
5859,hotactionsports.com,good
5860,ibipapua.id,good
5861,media.gov.az,good
5862,lesbian8.com,adult
5863,idi-bojonegoro.org,good
5864,timbulrejo-desa.id,good
5865,trovit.co.nz,good
5866,ibikotabatam.id,good
5867,rabbits.webcam,good
5868,sgs.gov.cn,good
5869,amy.gs,good
5870,trovit.ng,good
5871,ahacdn.me,good
5872,richrelevance.com,good
5873,ringieraxelspringer.com,good
5874,loveamateur.com,adult
5875,hdpornlist.net,adult
5876,trovit.com.sg,good
5877,xxxweb.info,adult
5878,idi-demak.org,good
5879,javaspiceshop.com,good
5880,protectionmaxusa.com,good
5881,booking.ir,good
5882,asianpreality.com,adult
5883,pornzy1.xyz,adult
5884,adultcamzlive.com,adult
5885,videospornosveteranas.com,adult
5886,envato.market,good
5887,escrow.com,good
5888,idi-donggala.org,good
5889,mycams.com.pl,good
5890,cnwest.com,good
5891,ddfcash.com,good
5892,transcend.io,good
5893,snuffphonesex.com,illegal
5894,xem.one,good
5895,trovit.com.uy,good
5896,idi-cianjur.org,good
5897,eventbrite.it,good
5898,4porn4.com,adult
5899,pornic.biz,adult
5900,sexclipsb.com,adult
5901,rojo.com,good
5902,japaninporn.com,adult
5903,477bryantstreet.com,good
5904,betssongroupaffiliates.com,illegal
5905,pornisporn.com,adult
5906,besthotxpornx.xyz,adult
5907,wildpornreviews.com,adult
5908,wgmods.net,good
5909,desapandes.id,good
5910,777.porn,adult
5911,tokyoxxxporn.com,adult
5912,pornzo.xyz,adult
5913,frankaffiliates.com,good
5914,freepornofilme.org,adult
5915,ibikotaserang.id,good
5916,upcomer.com,good
5917,ibikotadepok.org,good
5918,sexporncul.com,adult
5919,smushcdn.com,good
5920,analdin.top,adult
5921,vpsvc.com,good
5922,izihun.com,good
5923,flashb.id,good
5924,itn.ac.id,good
5925,seksfilmsgratis.com,adult
5926,trovit.co.cr,good
5927,uimserv.net,good
5928,granny-pornpics.com,adult
5929,mexicanasfollando.top,adult
5930,aagm.link,good
5931,blogsforporn.com,adult
5932,freeproom.com,good
5933,icomoon.io,good
5934,atubex.com,adult
5935,xxxjogos.com,adult
5936,desaangkasa.com,good
5937,femjoy-erotica.com,adult
5938,puffynetwork.com,good
5939,sissysluthut.com,adult
5940,thewpsummit.com,good
5941,trannydiscounts.net,adult
5942,libiainpalopo.com,good
5943,jav698.com,adult
5944,sexhay3x.info,adult
5945,idi-bombana.org,good
5946,Instagram.com,good
5947,quotidianodipuglia.it,good
5948,indapass.hu,good
5949,ibikotabogor.org,good
5950,nudestan.com,adult
5951,fanvue.com,adult
5952,3897ei48q40q.xyz,good
5953,firecams.com,good
5954,pornpro.xyz,adult
5955,ibikotamanokwari.org,good
5956,ibikotamalang.org,good
5957,cedscdn.it,good
5958,pepper.com,good
5959,fortisenergyservlces.com,good
5960,ibikotakendari.id,good
5961,ukrhot.com,adult
5962,fappedia.com,adult
5963,ibikotasemarang.org,good
5964,pornbdsmpics.com,adult
5965,SurvivorPorn.com,adult
5966,vintageclassicp.com,adult
5967,bipividiyo.com,good
5968,trovitargentina.com.ar,good
5969,filmsexearabe.com,adult
5970,business-live.co.uk,good
5971,hitskin.com,good
5972,sexychamp.com,adult
5973,camsexportal.net,adult
5974,ibikotabandarlampung.id,good
5975,xxnxx.live,adult
5976,washingtonbids.us,good
5977,maminka.cz,good
5978,wpenjoy.com,good
5979,f-cdn.com,good
5980,hornygrail.com,adult
5981,grovatube.com,adult
5982,zjtdnbydsayu.com,good
5983,trovit.com.tw,good
5984,pornflair.com,adult
5985,inzestgeschichtenxxx.com,adult
5986,bigwinaffiliates.com,illegal
5987,toptransclass.it,good
5988,kevindausmd.com,good
5989,greatcorollaclub.id,good
5990,trustpielote.com,good
5991,gagaholics.biz,good
5992,fuckaliciousfreaks.com,adult
5993,spectateprod.com,good
5994,hdsxporno.com,adult
5995,worldclassicp.com,adult
5996,eventbritestatus.com,good
5997,babe45.org,adult
5998,youwatch.org,good
5999,amatorporno.org,adult
6000,boomboomporn.com,adult
6001,fuck-girls-hd.com,adult
6002,exactdn.com,good
6003,videosxxxespanol.com,adult
6004,martinchiropracticwellness.com,good
6005,porn-school.xyz,adult
6006,moms-xxx.com,adult
6007,familydesiresphonesex.com,adult
6008,virginiabids.us,good
6009,xvideos-fr.com,adult
6010,xxxkoreaporn.com,adult
6011,koreanxxxxvideo.com,adult
6012,newsensations.com,good
6013,innerthriveco.com,good
6014,ladyboy-ladyboy.com,adult
6015,sex4arab.xxx,adult
6016,leaguespy.gg,good
6017,silocarbondale.com,good
6018,porn-porn.space,adult
6019,dumpstertrailerrentalsflorida.com,good
6020,icra.org,good
6021,yetiaffiliates.com,good
6022,themesdna.com,good
6023,votehealth2020.com,good
6024,fleshbot.com,adult
6025,javpornone.com,adult
6026,bbwpworld.com,adult
6027,remembering.ca,good
6028,holidaybowllanes.com,good
6029,gamingcommission.gov.gr,good
6030,fbestporn.com,adult
6031,pcinvasion.com,good
6032,rejuvenation.com,good
6033,bestsexmovies.net,adult
6034,buminabungilir.id,good
6035,iwank.click,adult
6036,otgovorna-igra.com,good
6037,thesafeporn.com,adult
6038,wfcdn.com,good
6039,src-play.com,good
6040,moviespornfree.com,adult
6041,brazilian-transsexuals.com,adult
6042,scooore.be,good
6043,deutsche-pornostars.info,adult
6044,chatgirlsfree.com,adult
6045,ibikotajakarta.org,good
6046,matureandporn.com,adult
6047,itrasgressivi.it,good
6048,mediascope.net,good
6049,pizzascaramouche.com,good
6050,mybloggertemplates.org,good
6051,mastodon.cloud,good
6052,sriwijayatoto.org,illegal
6053,cliniczibayi.com,good
6054,chunyuxh1.xyz,good
6055,affiliationcloud.com,good
6056,gendigital.com,good
6057,hqmatureporn.com,adult
6058,ibigorontalo.id,good
6059,trafficgate.net,good
6060,hjelpelinjen.no,good
6061,redditinc.com,good
6062,indianmaidservice.com,good
6063,polishbigboobs.net,adult
6064,fhgte.com,good
6065,protemplateslab.com,good
6066,ghost-porn.com,adult
6067,bik.gov.tr,good
6068,driving.ca,good
6069,bralessavs.com,adult
6070,ibtimes.com.au,good
6071,shemalewebcams.org,adult
6072,canoe.com,good
6073,pubnation.com,good
6074,ma3ion.com,good
6075,blowjobpornhd.com,adult
6076,rebelmouse.com,good
6077,mediaimpact.de,good
6078,eventbrite.co.nz,good
6079,tenshigao.com,adult
6080,eventbrite.com.ar,good
6081,pornlhub.xyz,adult
6082,stepsonporn.com,adult
6083,playporn.xxx,adult
6084,rawapanjang-desa.id,good
6085,trovit.ro,good
6086,hardbondageart.com,adult
6087,511taobao.com,good
6088,nudelive.com,adult
6089,thefornicationstation.com,adult
6090,peachsite.com,good
6091,idigresik.or.id,good
6092,ibikotakupang.org,good
6093,tsp.li,good
6094,blackpornhq.com,adult
6095,pinpaibao.com.cn,good
6096,naughtyamericavr.com,adult
6097,videogratiserotici.com,adult
6098,simplyporn.tv,adult
6099,beta-follower.ir,good
6100,sph.com.sg,good
6101,thogenhaven.com,good
6102,itubex.com,adult
6103,ibikotaprobolinggo.id,good
6104,efxporn.com,adult
6105,fetish-cams-live.com,adult
6106,ibikotamamuju.id,good
6107,ioam.de,good
6108,x-angels.com,adult
6109,tegalharum.desa.id,good
6110,plyr.io,good
6111,xxx18girl.com,adult
6112,trovit.com.co,good
6113,pornoreino.com,adult
6114,StreamingBokePindo.org,good
6115,fuckingblogs.net,adult
6116,sriwijayatoto.id,good
6117,eventbrite.com.pe,good
6118,bhabhixxx.pro,adult
6119,hentaibros.net,adult
6120,taikankyohou.com,good
6121,18porn.wtf,adult
6122,aff-handler.com,good
6123,idi-boalemo.org,good
6124,moviesda2.com,adult
6125,porn03.xyz,adult
6126,onlineadultcams.com,adult
6127,sensualdirectory.com,adult
6128,blogaboutporn.com,adult
6129,trovit.com.hk,good
6130,bcash4you.com,good
6131,bhasiw.com,good
6132,hardcorepornlivesex.com,adult
6133,rapeporntube.net,adult
6134,bandlab.com,good
6135,freefvideos.com,adult
6136,idi-bengkayang.org,good
6137,camwhorescloud.com,adult
6138,porn-xnxx.com,adult
6139,484829a0.top,good
6140,porn-china.xyz,adult
6141,apptjmp.com,good
6142,deviantdownloads.com,good
6143,camrabbit.sex,adult
6144,porntdh.com,adult
6145,phpbb.com,good
6146,kenyaadultblog.com,adult
6147,idikabburu.org,good
6148,ibikotabanjarmasin.org,good
6149,trueanal.com,adult
6150,69games.xxx,adult
6151,trovit.se,good
6152,minkabu.co.jp,good
6153,moneycult.com,good
6154,idideliserdang.com,good
6155,amateurelivesex.com,adult
6156,videomaturegratis.com,adult
6157,mvmco.ir,good
6158,efilli.com,good
6159,thepornvideos.pro,adult
6160,telugu.cyou,adult
6161,pornexpress.net,adult
6162,williamhill.co,illegal
6163,forecast7.com,good
6164,cached.icu,adult
6165,lasvegasescortasian.com,adult
6166,copyright.gov,good
6167,analcreampietube.com,adult
6168,bigbootyporn.tv,adult
6169,pinksexblogs.com,adult
6170,usk.de,good
6171,cision.com,good
6172,sugeng.id,good
6173,fatsexstar.com,adult
6174,sinsexcams.com,adult
6175,vermontbids.us,good
6176,vogueadria.com,good
6177,go.cam,adult
6178,lightboxcdn.com,good
6179,hornypornblogs.com,adult
6180,arkansascougars.com,good
6181,dicksongirls.com,adult
6182,rimjobtube.com,adult
6183,desisex.cc,adult
6184,livesexcams.rocks,adult
6185,xnxxxxxxarab.best,adult
6186,imali.media,good
6187,goldbbw.com,adult
6188,doggystyletube.com,good
6189,mallcom.com,good
6190,glueup.com,good
6191,amateursexstart.nl,adult
6192,wayfair.ie,good
6193,adultsitesmenu.com,adult
6194,shemalegate.com,adult
6195,justteencams.com,adult
6196,jcrb.com,good
6197,alaskatransvestites.com,adult
6198,fhdporn.com,adult
6199,thepornarea.com,adult
6200,videoporcheitaliane.com,adult
6201,seksivideot.info,adult
6202,agrvt.com,good
6203,ai-porn.pw,adult
6204,rosseladvertising.be,good
6205,blogspot.ae,good
6206,livedosti.com,good
6207,premiumcash.com,good
6208,fuze.dj,good
6209,pornvideosinc.com,adult
6210,publicagent.com,good
6211,sexfreehd.xxx,adult
6212,realityjunkies.com,good
6213,kostenlosreifefrauen.com,adult
6214,ipresso.pl,good
6215,zwcad.com,good
6216,asianpinkporno.com,adult
6217,japaneseasmr.com,adult
6218,ibiblio.org,good
6219,storylist.com,good
6220,calstate.edu,good
6221,sintips.com,good
6222,mercurytheme.com,good
6223,asianescortslasvegas.com,adult
6224,mediadesk.al,good
6225,claro.com.sv,good
6226,ep89.com,adult
6227,slide.com,good
6228,changsha.cn,good
6229,tinyasiantube.com,adult
6230,sportmonks.com,good
6231,bmlink.com,good
6232,ai-porn.red,adult
6233,xnxxx.lol,adult
6234,adncdn.net,good
6235,pornoviolento.net,adult
6236,paintgp.com,adult
6237,wondershare.ae,good
6238,arkansasdominatrix.com,adult
6239,milfslesbian.com,adult
6240,impactradius-event.com,good
6241,orimeskyries.com,good
6242,drpornofilme.com,adult
6243,hearstautos.com,good
6244,alabamadominatrix.com,adult
6245,zos-asp.jp,good
6246,townsquareblogs.com,good
6247,indianhiddencams.com,adult
6248,tubeasiaxxx.com,adult
6249,builtinnyc.com,good
6250,vivastreet.ie,adult
6251,redporn.video,adult
6252,elog-ch.net,good
6253,flip.bg,good
6254,geni.us,good
6255,david-nudes.com,adult
6256,kintoneapp.com,good
6257,flixbus.com.br,good
6258,flux-cdn.com,good
6259,kamababa.com,adult
6260,nmheagle.sk,good
6261,british-phone-sex.com,adult
6262,sexemulator.com,adult
6263,xxxpornstars.co,adult
6264,zaol.hu,good
6265,arizonadominatrix.net,adult
6266,videoscaserosfollando.com,adult
6267,computersweden.se,good
6268,onlytease.com,adult
6269,pilgrimstore.ru,good
6270,reddvideo.tube,adult
6271,rakuten.ca,good
6272,cytimy.com,adult
6273,camsex-topliste.com,adult
6274,pornoteque.club,adult
6275,userzoom.com,good
6276,pateh.com,good
6277,xvldeoes.com,adult
6278,pornxxx.fun,adult
6279,rimtubes.com,adult
6280,chatfly.sex,adult
6281,pm.by,good
6282,annuairedeforums.com,good
6283,mobifcuk.com,adult
6284,instagr.am,good
6285,olympics.com,good
6286,breezy.hr,good
6287,wenku365.com,good
6288,de01trckingmic.com,good
6289,fuck-hardcore-tube.com,adult
6290,edreams.com.mx,good
6291,livesexcafe.org,adult
6292,bnia.cn,good
6293,gaypornvideos.club,adult
6294,bigtopsites.com,adult
6295,pornokrasive.com,adult
6296,nbcsportsbayarea.com,good
6297,barebackplus.com,adult
6298,24.co.za,good
6299,maturehqtube.com,adult
6300,xnxx-tube.com,adult
6301,iid.co.jp,good
6302,bodgirls.com,adult
6303,pornx.fr,adult
6304,provisionskiss.com,good
6305,hdtokyosex.com,adult
6306,ebra.fr,good
6307,japanlust.com,adult
6308,asianpornpussy.xxx,adult
6309,myteentgp.com,adult
6310,desipornvideos.tv,adult
6311,newamateurtube.com,adult
6312,topadultgames.biz,adult
6313,amigos.com,good
6314,roughporn.love,adult
6315,gscn.com.cn,good
6316,track-mind.com,good
6317,wyomingbids.us,good
6318,camcaza.es,adult
6319,swingersexvideo.com,adult
6320,teensdoporn.com,adult
6321,arizonabikers.net,good
6322,sexnxx.org,adult
6323,poptorso.com,adult
6324,myclassicp.com,adult
6325,flixbus.gr,good
6326,sex-videos.xxx,adult
6327,nookies.com,adult
6328,linklist.bio,good
6329,twinkshub.com,adult
6330,musculartube.com,adult
6331,hentaivideoworld.com,adult
6332,pornharry.com,adult
6333,fruitylinks.com,good
6334,yrwzfeb.cc,good
6335,qnewporn.com,adult
6336,hot-xxx.net,adult
6337,newzit.com,good
6338,dvcorporate.com,good
6339,vrpornchat.com,adult
6340,spaceexplored.com,good
6341,hdsexer.com,adult
6342,sweetsinner.com,good
6343,sharecash.org,good
6344,jabletv.org,adult
6345,podtrac.com,good
6346,hairypussyporn.me,adult
6347,fuckmachinetube.com,adult
6348,hotgamequest.com,good
6349,flashybabes.com,adult
6350,hdsexvideo.xxx,adult
6351,czechvrfetish.com,adult
6352,mylfvideos.com,adult
6353,filmxgratuitfrancais.com,adult
6354,sexcams247.net,adult
6355,tamilxxx.tv,adult
6356,1tvporn.com,adult
6357,vid1234.online,good
6358,webcamporn.online,adult
6359,urbndata.com,good
6360,sexbule.net,adult
6361,912688.com,good
6362,ugurus.com,good
6363,iwebtool.com,good
6364,beascoremodel.com,adult
6365,bmn.ir,good
6366,pornohammer.com,adult
6367,kunming.cn,good
6368,nylons4ever.com,adult
6369,gitee.com,good
6370,alabamacrossdressers.com,adult
6371,livesex.win,adult
6372,myawesomeporn.com,adult
6373,hotadultpornblogs.com,adult
6374,readspeaker.com,good
6375,webengage.com,good
6376,enf-cmnf.com,good
6377,retrooh.com,adult
6378,free-porn-tube.net,adult
6379,townsquaremedia.com,good
6380,deb.gs,good
6381,vogue.gr,good
6382,alanna.life,good
6383,beautybbwtube.com,adult
6384,jyotu.net,good
6385,qrrro.com,good
6386,pornohd.icu,adult
6387,multiplication.com,good
6388,ideil.com,good
6389,cmadclicks000.com,good
6390,dlaf.jp,adult
6391,4euplus.eu,good
6392,franks-tgirlworld.com,adult
6393,subscribestar.adult,adult
6394,fistbump-news.jp,good
6395,popengines.com,good
6396,k-img.com,good
6397,porntaboo.org,adult
6398,exoticflame.com,adult
6399,sexreife.com,adult
6400,prsmedia.fr,good
6401,stepsiblingscaught.com,adult
6402,alaskamilfs.net,adult
6403,shemalesandladyboys.com,adult
6404,ebit.com.br,good
6405,forcedporn.cc,adult
6406,naked-videos.com,adult
6407,pornav.net,adult
6408,mcall.com,good
6409,ebonyadulttube.com,adult
6410,responsiblegambling.co.za,good
6411,fantasyliga.cz,good
6412,gogirlsp.com,adult
6413,eztvx.to,illegal
6414,carcareplus.jp,good
6415,24.com,good
6416,watch4beauty.com,good
6417,ltwebstatic.com,good
6418,epochtimes.cz,good
6419,blackporn.ooo,adult
6420,justbet.help,illegal
6421,pornoenespanolgratis.com,adult
6422,onlyhotporn.com,adult
6423,iconscout.com,good
6424,gayporntube.cc,adult
6425,webcontentassessor.com,good
6426,pollster.pl,good
6427,cctime.com,good
6428,freeksex.com,adult
6429,xfantacyx.com,good
6430,apornstories.com,adult
6431,javsexmovie.com,adult
6432,foxadvertising.com,good
6433,revistavanityfair.es,good
6434,sexgifs.tv,adult
6435,comicsporn.pro,adult
6436,ionos.ca,good
6437,desipornfilms.com,adult
6438,alaskatransexuals.com,adult
6439,videossexegratuit.com,adult
6440,gam-anon.org,good
6441,contador-de-visitas.com,good
6442,onebbw.com,adult
6443,fetishfootporn.com,adult
6444,responsiblegambling.org.za,good
6445,jia.com,good
6446,pornbbwvideos.com,adult
6447,melligold.com,good
6448,krasporno.com,adult
6449,nuderedtube.com,adult
6450,lalsace.fr,good
6451,brasilvr.com,adult
6452,freeadultgames.eu,adult
6453,grandmatubesex.com,adult
6454,xonlyswallows.com,adult
6455,lactatingtube.com,adult
6456,bumble.com,good
6457,wondershare.it,good
6458,alabamatransvestites.com,adult
6459,viva.ro,good
6460,familyporn.ooo,adult
6461,legalmente.net,good
6462,navdmp.com,good
6463,ucoz.pl,good
6464,filmatixxx.com,adult
6465,xxxcasero.tv,adult
6466,interracialporn.tv,adult
6467,vogue.fr,good
6468,porndwn.com,adult
6469,frumph.net,good
6470,kreo-agency.com,good
6471,myerovideos.com,adult
6472,rboltonsmith.com,good
6473,sexcams.name,adult
6474,xcum.com,adult
6475,grupazpr.pl,good
6476,marchespublics-eurolegales.com,good
6477,myfattube.com,adult
6478,guy69.com,adult
6479,idahobids.us,good
6480,gohoneygo.com,good
6481,porn-selection.net,adult
6482,hotasiannudes.com,adult
6483,realitypornguys.com,adult
6484,xl.pt,good
6485,service-public.gouv.fr,good
6486,muratorplus.pl,good
6487,davidnudesworld.com,adult
6488,helplessteens.com,adult
6489,weekli.de,good
6490,rtl.com,good
6491,pornofint.net,adult
6492,arizonacougars.com,adult
6493,oldwomantube.com,adult
6494,fuck6teen.com,adult
6495,reifetitten.net,adult
6496,shemale8.com,adult
6497,freegayporn.club,adult
6498,liveseductivecougars.com,adult
6499,flixbus.al,good
6500,topfreshporn.com,adult
6501,spiegel.media,good
6502,fatfuckmov.com,adult
6503,18-xx.com,adult
6504,indiatoday.in,good
6505,flixbus.cz,good
6506,hubpeople.ai,good
6507,youporn-sexvideos.tv,adult
6508,transpornlovers.com,adult
6509,criew.com,good
6510,rimgirl.com,adult
6511,nekrologi.net,good
6512,jipc.jp,good
6513,podiumpodcast.com,good
6514,totallynsfw.com,adult
6515,algolia.com,good
6516,jxcn.cn,good
6517,wildanimalporn.shop,illegal
6518,schlampenporno.com,adult
6519,stumbleuporn.org,adult
6520,porngameshd.com,adult
6521,asiansuckers.com,adult
6522,betstop.gov.au,good
6523,unilad.com,good
6524,xxxpornbase.net,adult
6525,gab.com,good
6526,exoticbotswana.com,adult
6527,wildclassic.com,adult
6528,flixbus.be,good
6529,hotdesiporn.com,adult
6530,pornoteque.net,adult
6531,footballco.com,good
6532,redcam.vip,good
6533,camvideoshub.com,adult
6534,mobilityoutlook.com,good
6535,timtales.com,adult
6536,realwebcamporn.com,adult
6537,vosgesmatin.fr,good
6538,fuktxxx.com,adult
6539,kaspersky-labs.com,good
6540,jakarta-escorts.com,adult
6541,sg-video.com,adult
6542,sawsells.com,good
6543,arizonapussy.net,adult
6544,cadenadial.com,good
6545,n.cn,good
6546,medietall.no,good
6547,japxxhd.com,adult
6548,airregi.jp,good
6549,oldgaybearsex.com,adult
6550,hotmomporno.com,adult
6551,g.com.cn,good
6552,gamingbible.com,good
6553,tgirlworship.com,adult
6554,globista.de,good
6555,hugetits.me,adult
6556,porngay.me,adult
6557,ca.tf,good
6558,ehonnavi.net,good
6559,myfamilypies.com,good
6560,mylesbogf.com,adult
6561,ocxxx.com,adult
6562,ahindian.com,adult
6563,apowersoft.info,good
6564,femdomin8.com,adult
6565,webcamgaycum.com,adult
6566,gratispornofilmen.net,adult
6567,pornoteque.eu,adult
6568,mfcimg.com,adult
6569,alabamashemales.com,adult
6570,marble-asp.jp,good
6571,theporn1.co,adult
6572,edreams.jp,good
6573,domainname.de,good
6574,alabamalesbians.net,adult
6575,veecinema.com,adult
6576,dtiserv.com,good
6577,informatechtarget.com,good
6578,community.forum,good
6579,bankid.com,good
6580,iab.com,good
6581,guvendamgasi.org.tr,good
6582,blogspot.is,good
6583,pics4men.com,adult
6584,forced-porn.net,illegal
6585,free-xxx-tubes.com,adult
6586,porngifs.info,adult
6587,tnlmedia.com,good
6588,bbwerp.com,adult
6589,planeta.pl,good
6590,vdulz.org,good
6591,xlinkz.to,adult
6592,pornotube.club,adult
6593,justlesbianpussy.com,adult
6594,matureexgf.com,adult
6595,garena.my,good
6596,williamhill.se,illegal
6597,gdjubao.cn,good
6598,palibzh.tech,good
6599,shemaletalk.com,adult
6600,porngo.xxx,adult
6601,realtabooporn.net,adult
6602,adultblog.net,adult
6603,nangivideo.com,adult
6604,video-porno.pro,adult
6605,clubtug.com,adult
6606,cartera.com,good
6607,hdnux.com,good
6608,cumeatingtube.com,adult
6609,sexmature.xxx,adult
6610,daddydaughterroleplay.com,adult
6611,shemale3dx.com,adult
6612,camsexers.com,adult
6613,adult-movies.pro,adult
6614,puneescorts.in,adult
6615,sexvideoskostenlos.net,adult
6616,maturevsex.com,adult
6617,gammaesecure.com,good
6618,wankitnow.com,adult
6619,stronapodrozy.pl,good
6620,sexydollsasia.com,adult
6621,evlook.com,good
6622,porncomixonline.net,adult
6623,nude-milfs.live,adult
6624,ebonyporn.love,adult
6625,bonprix.ch,good
6626,nulab.com,good
6627,bilalmajzoubbookstore.com,good
6628,tuwan.com,good
6629,gayscamsex.com,adult
6630,safechat.com,good
6631,okxxxvideo.com,adult
6632,stronazdrowia.pl,good
6633,livestorm.co,good
6634,boosj.com,good
6635,digi-follower.com,good
6636,livesexhub.cc,adult
6637,alaskacrossdressers.com,adult
6638,femout.xxx,adult
6639,yomyboks.org,good
6640,abcjip.monster,adult
6641,au.com,good
6642,bdsmfocus.info,adult
6643,spicychat.ai,good
6644,vxnbill.com,adult
6645,metartmoney.com,adult
6646,audible.in,good
6647,hentaicore.com,adult
6648,sexxtalklive.com,adult
6649,911jerkoff.com,adult
6650,pervnana.com,adult
6651,habrastorage.org,good
6652,xpaja.net,adult
6653,tailtarget.com,good
6654,rocketasian.com,adult
6655,most.gov.cn,good
6656,tabroom.jp,good
6657,grannytube.net,adult
6658,gaycamshows.com,adult
6659,ashemalet7be.com,adult
6660,mindmegette.hu,good
6661,sharechat.com,good
6662,givecampus.com,good
6663,lesbischesex.net,adult
6664,literot.com,adult
6665,sea.com,good
6666,newadultblogs.com,adult
6667,flix.com,good
6668,addme.com,good
6669,nudecamgirls.chat,adult
6670,match2one.net,good
6671,golezene.net,adult
6672,azurefd.net,good
6673,contortionist.info,adult
6674,twistedporn.com,adult
6675,bonniernews.se,good
6676,OrgyFuck.com,adult
6677,tabooporn.xxx,adult
6678,duol.hu,good
6679,hotnewbabes.com,adult
6680,bootcdn.net,good
6681,leaked.tube,adult
6682,adzonestatic.com,good
6683,webcamreports.com,adult
6684,barelylegal.com,adult
6685,bloxinformer.com,good
6686,kebuena.com.mx,good
6687,taskle.jp,good
6688,onlygaybear.com,adult
6689,tahsilbama.com,good
6690,penisbot.com,adult
6691,fatmoviessex.com,adult
6692,clitlickinglesbianporn.com,adult
6693,broadcom.cn,good
6694,flixbus.fi,good
6695,lanasbigboobs.com,adult
6696,edreams.hk,good
6697,24media.gr,good
6698,hotvintagefuck.com,adult
6699,asianclipstube.com,adult
6700,sweet-eva.com,adult
6701,maxporntube.com,adult
6702,101boyvideos.com,adult
6703,ibro1.info,good
6704,reifesexfilme.org,adult
6705,shemalefansforever.com,adult
6706,asianpornteens.net,adult
6707,adobeccstatic.com,good
6708,flixbus.com.au,good
6709,asspoint.com,adult
6710,adoredblogs.com,adult
6711,grandmakiss.com,adult
6712,asiansfuck.net,adult
6713,wspolczesna.pl,good
6714,povjp.com,adult
6715,westminsterpasadena.org,good
6716,adultcams.name,adult
6717,nbcsportsphiladelphia.com,good
6718,shumali.net,good
6719,join-adf.ly,good
6720,mon-sejour-en-montagne.com,good
6721,bdsmx.tube,adult
6722,ngentotxsex.com,adult
6723,animeanime.jp,good
6724,flixbus.in,good
6725,16pic.com,good
6726,chinalovecupid.com,good
6727,amateurporn.pro,adult
6728,porn2img.com,adult
6729,networkadvertising.org,good
6730,hemaleorshemale.com,adult
6731,vogue.pt,good
6732,videosfilmsporno.com,adult
6733,ladyboydong.com,adult
6734,ebonysexreview.com,adult
6735,home-xxx-videos.com,adult
6736,tamilsextube.me,adult
6737,qwantz.com,good
6738,pornsite123.com,adult
6739,porn1img.com,adult
6740,spinpalacecasino.com,illegal
6741,space-girls.com,adult
6742,actiondesk.com,good
6743,cmbilisim.com,good
6744,filmsexi.top,adult
6745,lastxxxmovies.com,adult
6746,shemalepornonly.com,adult
6747,instaimgs.com,good
6748,bangmyteenass.com,adult
6749,tokyoxxxvideos.com,adult
6750,pixel-vault.com,good
6751,flixbus.it,good
6752,flixbus.lv,good
6753,exhibitioniststrangers.com,adult
6754,porno.college,adult
6755,jpnurse.com,adult
6756,22opt.ru,good
6757,mojposao.hr,good
6758,shownews.pl,good
6759,xxx-desi.name,adult
6760,livetrannys.com,adult
6761,extract.me,good
6762,freeporn.cafe,adult
6763,allindianp.com,adult
6764,piratecams.com,adult
6765,arizonacrossdressers.com,adult
6766,tabooxtube.com,adult
6767,meghamalik.com,illegal
6768,publicsexhub.com,adult
6769,voxfm.pl,good
6770,wondershare.cn,good
6771,pilotonline.com,good
6772,blogspot.se,good
6773,cumhall.com,adult
6774,anjouanoffshorefinanceauthority.org,good
6775,alabamabooty.net,good
6776,fuckableteens.net,illegal
6777,daftsex.com.es,adult
6778,tranzvr.com,adult
6779,dicksoutdoors.com,adult
6780,globalsign.com,good
6781,pornmage.com,adult
6782,kartuliporno.net,adult
6783,ahxtube.com,adult
6784,indiancumporn.com,adult
6785,allpfree.com,adult
6786,newxtube.com,adult
6787,cashdorado.com,good
6788,femboyaddict.com,adult
6789,freecartoonporn.xyz,adult
6790,lejsl.com,good
6791,mrlivecam.com,adult
6792,milfprime.com,good
6793,filmepornoarabe.com,adult
6794,vogue.mx,good
6795,xnxxvideohot.com,adult
6796,asianfuckthumbs.com,adult
6797,thebrexitparty.org,good
6798,sabado.pt,good
6799,dirtyshack.com,adult
6800,tgirlfondle.com,adult
6801,glamour.hu,good
6802,alabamamistress.com,good
6803,privatefeeds.com,good
6804,radiofrance.com,good
6805,indianxxx2021.com,adult
6806,blogspot.com.au,good
6807,fromgeek.com,good
6808,smcloud.net,good
6809,thaisexx.com,adult
6810,centroarts.com,good
6811,everydayhealthgroup.com,good
6812,xvideos-sexfilme.net,adult
6813,ai-porn.monster,adult
6814,kaspersky.ca,good
6815,mom50.com,good
6816,pinayflixhd.com,adult
6817,transdelight.com,good
6818,musehub.com,good
6819,lemoncams.com,adult
6820,shkulev.ru,good
6821,ecal.com,good
6822,pornclipsasian.com,adult
6823,adultfeet.com,adult
6824,sc.gov.cn,good
6825,sweetsext.com,adult
6826,birdsandblooms.com,good
6827,officelife.media,good
6828,pornfinder.biz,adult
6829,edreams.tw,good
6830,richmondelt.com,good
6831,desixxxhindi.com,adult
6832,sexysexdoll.com,adult
6833,uk-flashers.net,adult
6834,pornovergewaltigung.pro,illegal
6835,bigboobworship.com,adult
6836,eventticketprotection.com,good
6837,pro-atmedia.jp,good
6838,onlocationexp.com,good
6839,ionos.at,good
6840,eroticartwebring.org,adult
6841,cwg.tw,good
6842,behaartevagina.com,adult
6843,fscs.org.uk,good
6844,fidibo.com,good
6845,aebs.or.jp,good
6846,videosxxxcastellano.com,adult
6847,ebonyhottube.com,adult
6848,dzienniklodzki.pl,good
6849,porrn.tv,adult
6850,zexy.net,good
6851,xxxhdsex.fun,adult
6852,nuerotica.com,adult
6853,to.com.pl,good
6854,beyondwords.io,good
6855,qeraera.com,adult
6856,mediapanda.ru,good
6857,lostporntube.com,adult
6858,galaxiemedia.fr,good
6859,thegay.porn,adult
6860,ariansystem.net,good
6861,newsroom.bi,good
6862,forcedorgasmsite.com,illegal
6863,1-800-phonesex.com,adult
6864,crjmpx.com,good
6865,asians247.com,adult
6866,tgclick.com,good
6867,onlyporn123.com,adult
6868,hugginsassociates.com,good
6869,eldoce.tv,good
6870,fuck-hd-movies.com,adult
6871,alabamacrossdressing.com,good
6872,vologda-portal.ru,good
6873,recruit-card.jp,good
6874,adult-hd-movies.com,adult
6875,weborama.fr,good
6876,szon.hu,good
6877,mdgamblinghelp.org,good
6878,xxxx.show,adult
6879,amateur-community24.com,good
6880,desi-cum.com,adult
6881,concept3d.com,good
6882,bollywoodxxx.pro,adult
6883,blogspot.hr,good
6884,republicain-lorrain.fr,good
6885,porn3img.com,adult
6886,vrpornlist.com,adult
6887,sakhtemanpezeshkan.com,good
6888,0772sn.com,good
6889,urlcash.net,good
6890,mjakmama24.pl,good
6891,gannettclassifieds.com,good
6892,motofakty.pl,good
6893,porn1videos.com,adult
6894,williamhill.it,illegal
6895,runsky.com,good
6896,spiegelgruppe.de,good
6897,ojd.es,good
6898,xxx2024.com,adult
6899,truvixjelzolvrxufvtrikmor.com,good
6900,bestcamsites.me,adult
6901,sexblogbilly.com,adult
6902,hottestfatsite.com,adult
6903,sexshoplot.com,adult
6904,edreams.ph,good
6905,pornonastya.tv,adult
6906,womansexold.com,adult
6907,pyzam.com,good
6908,dailymirror.lk,good
6909,123apps.com,good
6910,moanxxx.com,adult
6911,ersties.com,good
6912,thesexteachers.com,adult
6913,riskified.com,good
6914,tube1xxx.com,adult
6915,mrbbwporn.com,adult
6916,omgteens.com,illegal
6917,yue365.com,good
6918,lifeline.org.au,good
6919,makehimcuckold.com,adult
6920,szexvideokingyen.top,adult
6921,hubite.com,adult
6922,boyporntube.com,adult
6923,torels.ru,good
6924,adsinoo.com,good
6925,oiledtube.com,adult
6926,hypnohub.net,adult
6927,hindixnxx.pro,adult
6928,redcdn.pl,good
6929,radioeksen.com,good
6930,free-youporn.org,adult
6931,flixbus.cat,good
6932,scatkings.com,adult
6933,feetsexvids.com,adult
6934,alabamabdsm.com,adult
6935,66wz.com,good
6936,trip.ir,good
6937,media-innovation.jp,good
6938,animalpornxxxsexvideos.club,illegal
6939,familypornhd.com,adult
6940,premiumpornlist.com,adult
6941,blogspot.lt,good
6942,rakuten.tv,good
6943,indiacode.nic.in,good
6944,system1.com,good
6945,sexcash.com,adult
6946,moderna.com.br,good
6947,joyfreepornvids.com,adult
6948,vrhump.com,adult
6949,sexdelights.com,adult
6950,amateurporn.ooo,adult
6951,goldshemales.com,adult
6952,buddylead.com,good
6953,garudavega.com,good
6954,slotspilot.com,illegal
6955,hdtabooporn.com,adult
6956,sonline.hu,good
6957,sibirani.com,good
6958,xfanshub.com,adult
6959,gayzooporn.shop,adult
6960,thesexlist.com,adult
6961,tube-teen-18.com,illegal
6962,protect-x.com,good
6963,alaskabdsm.net,adult
6964,seratea.com,adult
6965,mensadultshop.com,adult
6966,cholitas.top,adult
6967,k-entame.jp,good
6968,adhigh.net,good
6969,ufreeporn.org,adult
6970,bestindiansex.com,adult
6971,moshkestan.com,good
6972,tiantibooks.org,good
6973,shenyunperformingarts.org,good
6974,pluck.com,good
6975,dpglosseverkoop.nl,good
6976,grupogodo.com,good
6977,libramemoria.com,good
6978,fanduel.careers,illegal
6979,sosushka.tv,good
6980,69dir.com,adult
6981,seductivehdporn.com,adult
6982,strefabiznesu.pl,good
6983,oma-pornofilme.net,adult
6984,ibradome.com,adult
6985,forcedporn.fun,illegal
6986,dolat.ir,good
6987,3dshemale.com,adult
6988,38dddjuggs.com,adult
6989,ashemaletjbe.com,good
6990,originalfetish.com,adult
6991,vrpornranked.com,adult
6992,dgepress.com,good
6993,skinny.red,good
6994,wondershare.tw,good
6995,pornmegaload.com,adult
6996,voguescandinavia.com,good
6997,pornseek6.com,adult
6998,ladyboyshub.com,adult
6999,sail-personalize.com,good
7000,pornl.com,adult
7001,jellypages.com,good
7002,sexblogplanet.com,adult
7003,bildschirmengel.com,good
7004,supermedia.pl,good
7005,uloversdoll.com,good
7006,deutschepornovideos.net,adult
7007,sextpanther.com,adult
7008,youporn-sexvideos.info,adult
7009,virtualjav.com,adult
7010,realxnxx.com,adult
7011,arabsex.cc,adult
7012,0juvwr6r.com,good
7013,sybiantube.com,adult
7014,houstonescorts.app,adult
7015,strefaedukacji.pl,good
7016,one.one,good
7017,literia.pl,good
7018,clickiocmp.com,good
7019,abbywinters.com,adult
7020,javbest.tv,adult
7021,fuck-xxx-tube.com,adult
7022,321sexchat.com,adult
7023,prettysexclips.com,adult
7024,newsnetworkofindia.com,adult
7025,sscdn.co,good
7026,manytoon.com,adult
7027,trustcommander.net,good
7028,cartune.me,good
7029,jiumodiary.com,good
7030,candyai.gg,good
7031,homo.xxx,adult
7032,painfulanalporn.com,adult
7033,profile.ne.jp,good
7034,liz-walker.org,good
7035,nativeplanet.com,good
7036,xxxhub123.com,adult
7037,dailypress.com,good
7038,12365auto.com,good
7039,meta.ai,good
7040,abebooks.it,good
7041,japanesebase.com,adult
7042,otakubaymax.xyz,good
7043,oklahomabids.us,good
7044,yelp-support.com,good
7045,cimpress.com,good
7046,appmagshop.us,good
7047,hatabhidio.com,adult
7048,domosex.com,adult
7049,edtechzine.jp,good
7050,adition.com,good
7051,gocar.be,good
7052,blogspot.hk,good
7053,novinirana.com,good
7054,tamilhotmovies.net,adult
7055,grannylovesbbc.com,adult
7056,allyant.com,good
7057,hentaizilla.com,adult
7058,homemadeporn.fun,adult
7059,canovel.com,adult
7060,usi32.com,good
7061,yenimedya.com.tr,good
7062,humor.is,good
7063,unitedmedia.net,good
7064,livefatporn.com,adult
7065,fynkelto.com,good
7066,hdxxxhub.com,adult
7067,bitent.com,good
7068,icams.com,adult
7069,rabota.by,good
7070,semenax.com,good
7071,ozost.com,good
7072,ndrc.gov.cn,good
7073,awecrptjmp.com,good
7074,staticcache.org,good
7075,flixbus.co.uk,good
7076,telva.com,good
7077,eroticvideos.org,adult
7078,womenolder.net,good
7079,smassets.net,good
7080,pornocasero.ooo,adult
7081,vwfastdelivery.com,good
7082,freecamgirls.name,adult
7083,vogue.nl,good
7084,4fappers.com,adult
7085,ivass.it,good
7086,yeshen.com,good
7087,dziennikpolski24.pl,good
7088,videosxxxguatemala.com,adult
7089,slack.engineering,good
7090,linkingout.com,adult
7091,vogue.sg,good
7092,freexxxvideos.vip,adult
7093,pornbus.com,adult
7094,williamhill.es,illegal
7095,annoncesexe.eu,adult
7096,forums.net,good
7097,newsbank.com,good
7098,madepics.com,adult
7099,amandalist.com,good
7100,edna.bg,good
7101,bigtitszone.com,adult
7102,uiiiuiii.com,good
7103,porno.surf,adult
7104,dickeomas.com,adult
7105,zootubesex.shop,adult
7106,servimg.com,good
7107,pornshemales.com,adult
7108,777livecams.com,adult
7109,blackshemalesclub.com,adult
7110,sexyxxx.ooo,adult
7111,arkansastransvestites.com,adult
7112,gasgoo.com,good
7113,vogue.com.au,good
7114,adultblogsdir.com,adult
7115,blogspot.li,good
7116,aepd.es,good
7117,propertysex.com,adult
7118,asian18.com,adult
7119,admjmp.com,good
7120,milfexgf.com,adult
7121,fabplay.in,adult
7122,southcarolinabids.us,good
7123,wpconsent.com,good
7124,poranny.pl,good
7125,xtorso.com,good
7126,stockingfetishvideo.com,adult
7127,omranmodern.com,good
7128,mystrikingly.com,good
7129,suropachi-line.com,good
7130,nowiny24.pl,good
7131,jav-subtitles.com,adult
7132,gamban.com,good
7133,8muses.io,adult
7134,photos.com,good
7135,yogaporn.net,adult
7136,aiporn.hair,adult
7137,forcedporn.name,illegal
7138,xnxxporn.work,adult
7139,voguehk.com,good
7140,945.com.tw,good
7141,bootyoftheday.co,good
7142,captivate.fm,good
7143,officesexjp.com,adult
7144,freecams.name,adult
7145,ebonycamchat.com,adult
7146,newsweek.ro,good
7147,666bukkake.com,adult
7148,gpp.io,good
7149,ehi-siegel.de,good
7150,shopabctv.com,good
7151,adultism.com,adult
7152,javbraze.com,adult
7153,dexnxx.com,adult
7154,top-porn-videos.com,adult
7155,xn--aa-wl5eb.com,adult
7156,bdsmfettish.com,adult
7157,fatpcollection.com,adult
7158,creampiethais.com,adult
7159,fmweb.jp,good
7160,utherverse.com,adult
7161,epochtimes-romania.com,good
7162,eforms.nic.in,good
7163,ow.gr,good
7164,netinfo.bg,good
7165,filipinocupid.com,good
7166,khodroshop.ir,good
7167,chatterboxnorth.ca,good
7168,fyptt.to,adult
7169,springporno.com,adult
7170,pornindiaxxx.com,adult
7171,disgracetube.com,adult
7172,theporn.eu,adult
7173,longhoo.net,good
7174,tokuyutai.com,good
7175,blogspot.my,good
7176,universe.com,good
7177,baon.hu,good
7178,scorepass.com,adult
7179,galussothemes.com,good
7180,career-theory.net,good
7181,epochtimes.nl,good
7182,vogue.de,good
7183,businesstimes.com.sg,good
7184,ai-porn.pink,adult
7185,riverasian.com,adult
7186,supersologirls.com,adult
7187,realcuckoldporn.net,adult
7188,sucksex.com,adult
7189,sex-studentok.com,adult
7190,schoolgirlstube.com,adult
7191,enable-javascript.com,good
7192,convert.io,good
7193,allagentreports.com,good
7194,speeddatingsex.com,adult
7195,cityofsin3d.com,adult
7196,ppstatic.pl,good
7197,ichigocandy.com,good
7198,milflove.live,adult
7199,azb-cuw.pl,good
7200,bdsmdirect.com,adult
7201,livesexcams9.org,adult
7202,zp32.com,good
7203,rapevideosite.com,adult
7204,e-planning.net,good
7205,sexchat.bar,adult
7206,yisu.com,good
7207,sexyporn.ooo,adult
7208,pdf.io,good
7209,vogue.pl,good
7210,gravito.net,good
7211,bpornclips.com,adult
7212,gay1.org,adult
7213,jixie.io,good
7214,alaskacrossdressing.com,good
7215,germanpornamateur.com,adult
7216,52solution.com,good
7217,glxgroup.com,good
7218,autobild.es,good
7219,jpmilfs.com,adult
7220,assspankingtube.com,adult
7221,flashingporntube.com,adult
7222,the-sex-videos.com,adult
7223,freelesbianporn.xyz,adult
7224,xxx.tax,adult
7225,pornemovies.com,adult
7226,extremepornsite.com,adult
7227,massagerepublic.com,adult
7228,teencurves.com,adult
7229,erotikfilme.fun,adult
7230,tippmix.hu,illegal
7231,hdkantotin.com,adult
7232,porndata888.com,adult
7233,ovhcloud.com,good
7234,kkj58.com,good
7235,vervesex.com,adult
7236,mamaslatinas.com,adult
7237,longfattube.com,adult
7238,erotikasekes.com,adult
7239,flixbus.hr,good
7240,luv2chat.com,adult
7241,ladyboyshemalefemboy.com,adult
7242,alaskabikers.net,good
7243,mdm51p.com,good
7244,pornsitespace.com,adult
7245,xxxpornstar.today,adult
7246,bigtitsx.net,adult
7247,hlcommission.org,good
7248,hentaiprn.com,adult
7249,interracialporn.club,adult
7250,flixbus.dk,good
7251,sweetsuzie.com,adult
7252,emxdgt.com,good
7253,24fastload.net,good
7254,computrabajo.com,good
7255,pornmn.com,adult
7256,xxxelf.app,adult
7257,rossel.be,good
7258,porn4img.com,adult
7259,desisexmms.net,adult
7260,roughporn.me,adult
7261,alabamapussy.net,adult
7262,polskapress.pl,good
7263,epochtimes.com.br,good
7264,indexjump.com,good
7265,shemalepornb.com,adult
7266,pubexchange.com,good
7267,yelp-ir.com,good
7268,4fappers99.com,adult
7269,pornseek123.com,adult
7270,fapservice.com,adult
7271,superpartners.com,good
7272,behaartevotzen.com,good
7273,bigassporn.tv,adult
7274,ordenacionjuego.es,good
7275,sexualfat.com,adult
7276,mytubepress.com,good
7277,bbwpclips.com,adult
7278,cheapphonesexmilfs.com,adult
7279,saleszine.jp,good
7280,ucoz.co.il,good
7281,indianpworld.com,adult
7282,thaicupid.com,adult
7283,shaafm.lk,good
7284,porn69video.com,adult
7285,somee.com,good
7286,stroeermediabrands.de,good
7287,unidadeditorial.es,good
7288,Taunhanh.us,good
7289,innogamescdn.com,good
7290,desipornvideos.cc,adult
7291,xgaytube.com,adult
7292,erotikvideoturkish.com,adult
7293,hot-free-porn.com,adult
7294,hdxxxa.com,adult
7295,sexvideos.host,adult
7296,nosvamosdecrucero.com,good
7297,snapcraft.io,good
7298,adultelite.com,adult
7299,pornbigass.com,adult
7300,sweet-peaches.net,adult
7301,ionos.co.uk,good
7302,davespornplace.com,adult
7303,imguol.com,good
7304,u-site.jp,good
7305,fansoda.com,good
7306,hustlerunlimited.com,adult
7307,sexvideos-xxx.com,adult
7308,wavesideentertainment.com,adult
7309,arizonacrossdressing.com,adult
7310,xinjiangnet.com.cn,good
7311,redlightarea.com,adult
7312,bustybus.com,adult
7313,adultgaming.net,adult
7314,japesex.com,adult
7315,grabo.bg,good
7316,tebilisim.com,good
7317,xxxdasi.net,adult
7318,howtravel-gourmet.com,good
7319,facials4k.com,adult
7320,addcn.com,good
7321,fittaporr.com,adult
7322,speculumtube.com,adult
7323,flixbus.nl,good
7324,sexcamly.xxx,adult
7325,xxxx.cafe,adult
7326,momvxxx.com,adult
7327,tubeteencam.com,illegal
7328,asianbangtube.com,adult
7329,sexcamshub.cc,adult
7330,flirtational.com,good
7331,greatfuckvideos.com,adult
7332,fetishes.cam,adult
7333,hellowork.com,good
7334,dziennikzachodni.pl,good
7335,tits3.com,adult
7336,porndiscountslive.com,adult
7337,av69.tv,adult
7338,wbmdstatic.com,good
7339,indianpplanet.com,adult
7340,ic37.com,good
7341,pdst.fm,good
7342,tandahousewives.com,adult
7343,hustlaz.com,adult
7344,kaysis.gov.tr,good
7345,northcarolinabids.us,good
7346,spicyasianporn.com,adult
7347,e-rasaneh.ir,good
7348,reifensex.org,adult
7349,fotohard.org,adult
7350,forbes.cz,good
7351,kameleoon.io,good
7352,teamlancer.jp,good
7353,dogusyayingrubu.com.tr,good
7354,mlfhelp.com,good
7355,netbilling.com,good
7356,porntasia.app,adult
7357,thjpg10.top,good
7358,strawberrybeauty.com,good
7359,teengayboys.org,illegal
7360,gaypornq.com,adult
7361,ftvcash.com,good
7362,edreams.qa,good
7363,hardcore.red,adult
7364,vogue.com.tr,good
7365,xnxx123.net,adult
7366,kisalfold.hu,good
7367,livebbwporn.com,adult
7368,naszahistoria.pl,good
7369,edreams.ma,good
7370,sextube.pro,adult
7371,fantasyasian.com,adult
7372,lolhentai.net,adult
7373,ahvideoscdn.net,good
7374,lps.go.id,good
7375,audible.fr,good
7376,gostosanovinha.com,adult
7377,pilluporno.com,adult
7378,flixbus.no,adult
7379,ionos.com,good
7380,hdstudionudes.com,adult
7381,ladyboytube.com,adult
7382,marathipornvideos.com,good
7383,careers-page.com,good
7384,delmagyar.hu,good
7385,gra.pl,adult
7386,watch-cams.com,good
7387,shadows.com,good
7388,6dude.com,adult
7389,pakistaniwife.com,good
7390,stroeermb.de,good
7391,tudn.com,good
7392,rikunabi-yakuzaishi.jp,adult
7393,tubemaximum.com,adult
7394,hot-sex-videos.net,adult
7395,amatube.tv,good
7396,coimbra-group.eu,adult
7397,fap666.com,good
7398,dstillery.com,good
7399,utahbids.us,adult
7400,literoticavod.com,good
7401,beegcom.pro,adult
7402,cuckold69.com,adult
7403,spotible.com,good
7404,australianracinggreyhound.com,illegal
7405,headhunter.kg,good
7406,timesinternet.in,good
7407,porndex.com,adult
7408,indianporn.love,adult
7409,sibautomation.com,good
7410,stroeer.de,good
7411,vids18.site,adult
7412,sexwa.net,adult
7413,bbwphonesluts.com,adult
7414,safeanal.com,adult
7415,sooriyanfm.lk,good
7416,sexbule.xxx,adult
7417,lesbiansgranny.net,adult
7418,pornofrog.com,adult
7419,kroniqa.cz,good
7420,energy.partners,good
7421,qqt-ask.com,illegal
7422,affilirise.com,good
7423,jc001.cn,good
7424,kemma.hu,good
7425,hot-pussies.com,adult
7426,teenpornvideo.xxx,adult
7427,scoregroup.com,good
7428,xxxpornstarradio.com,adult
7429,4kxxxtube.com,adult
7430,jschina.com.cn,good
7431,babesrater.com,adult
7432,paymenter.store,good
7433,hdssex.com,adult
7434,tetasgrandes.tv,adult
7435,ibctamil.com,good
7436,r-agent.com,good
7437,yun89.top,good
7438,strictlyshemales.com,adult
7439,ucoz.hu,good
7440,sweetzuzanna.com,good
7441,garena.sg,good
7442,paddelberg.de,good
7443,xktube.com,adult
7444,pornvideoszone.com,adult
7445,almacareer.com,good
7446,6nude.com,adult
7447,green-economy.jp,good
7448,x.gd,good
7449,xxxcounter.com,adult
7450,mzansi-porn.com,adult
7451,topsexygames.com,adult
7452,clmbtech.com,good
7453,simplecast.com,good
7454,hatalike.jp,good
7455,amfiles.site,adult
7456,ionos.fr,good
7457,uralesbian.com,adult
7458,billionuploads.com,good
7459,5minutequickie.net,adult
7460,videofilmerotique.com,adult
7461,javporn.love,adult
7462,cumxxxporn.com,adult
7463,sexcams.fans,adult
7464,gs24.pl,good
7465,adultop.com,adult
7466,performax.cz,good
7467,asianamericantgirls.com,adult
7468,radiofrance.fr,good
7469,sanjanakaur.in,good
7470,amabitch.com,adult
7471,vivastreet.be,good
7472,suzuri.jp,good
7473,polarbyte.com,good
7474,demandingdiscipline.com,adult
7475,chillizet.pl,good
7476,aedi.ai,good
7477,filmsxamateur.com,adult
7478,swagxxx.com,adult
7479,pornovieux.net,adult
7480,baberotica.com,adult
7481,allpornsites.net,adult
7482,shope.ee,good
7483,ycwb.com,good
7484,toptravclass.it,adult
7485,tsplaygirl.com,adult
7486,oeltek.com,good
7487,gedi.it,good
7488,robotaiporn.com,adult
7489,pigtailstube.com,adult
7490,malepornmovies.com,adult
7491,hoodamateurs.com,adult
7492,teendvdtube.com,adult
7493,hard-coreroughporn.com,adult
7494,number1affiliates.com,good
7495,bigtitsgallery.net,adult
7496,freshscat.com,good
7497,GamblingHelpLineMA.org,good
7498,porngifs.tv,adult
7499,erabaru.net,good
7500,irtyc.com,good
7501,tgirljapan.com,adult
7502,radyovoyage.com,good
7503,spicomi.net,good
7504,elitelove.com,good
7505,bakkou.com,good
7506,videospornoguatemala.com,adult
7507,camcontacts.com,adult
7508,teenrapeporn.com,illegal
7509,epochtimes.se,good
7510,zillowgroup.com,good
7511,overwolf.com,good
7512,videosxxx.biz,adult
7513,chudaixxnx.com,adult
7514,pussyhothub.com,good
7515,jetztlive.com,adult
7516,gallery-dump.com,good
7517,povtrans.com,adult
7518,bigcontent.io,good
7519,glamourhound.com,adult
7520,elecfans.com,good
7521,babestation.com,adult
7522,tracfonewirelessinc.com,good
7523,online-voice-recorder.com,good
7524,familyporn.love,adult
7525,gaysexanal.com,adult
7526,airslate.com,good
7527,sweet-regina.com,adult
7528,oldvintagefuck.com,adult
7529,pornxxxvideosfree.com,adult
7530,alabamasluts.net,adult
7531,arizonalesbians.net,adult
7532,gratisreifefrauen.com,adult
7533,bracestube.com,adult
7534,transexualidols.com,adult
7535,livesexcamsxxx.org,adult
7536,sod.co.jp,good
7537,centraldisputesystem.com,good
7538,tia-tanaka.com,adult
7539,sexcam.bar,adult
7540,anymind360.com,good
7541,errotica-archives.com,adult
7542,gamer.network,good
7543,amateur-pussies.com,adult
7544,betsafe.pe,illegal
7545,readzone.cz,good
7546,tbado.com,adult
7547,teen-depot.com,adult
7548,bestfromxnxx.com,adult
7549,santillanacompartir.com,good
7550,aolcdn.com,good
7551,filmpornovecchie.casa,adult
7552,helpscoutdocs.com,good
7553,oldmaturexxxx.com,adult
7554,finalsense.com,good
7555,babesandvids.com,adult
7556,fbookofsex.com,adult
7557,twinklounge.com,adult
7558,chatchecks.com,good
7559,xxxvids.skin,adult
7560,fizzy.do,good
7561,audioeye.com,good
7562,computerworld.pl,good
7563,milehighcams.com,adult
7564,tynauri.net,adult
7565,ottplay.com,good
7566,cozycams.com,adult
7567,loasex.com,adult
7568,totalping.com,good
7569,italianshemales.com,adult
7570,familycuckolds.com,adult
7571,flixbus.fr,good
7572,candy-ai.co.uk,good
7573,trybdsmporn.com,adult
7574,ucalc.pro,good
7575,sexkahani.xyz,adult
7576,gujaratisexvideo.com,adult
7577,gritwire.com,good
7578,coveredincumtube.com,adult
7579,only-opaques.com,good
7580,boon.hu,good
7581,cho-animedia.jp,good
7582,louishachettegroup.com,good
7583,aiporn.stream,adult
7584,ru.com,good
7585,vomedia.ru,good
7586,wayfair.de,good
7587,vntsm.com,good
7588,shiba-teire.com,good
7589,freehairypusssy.com,adult
7590,gaggingtube.com,adult
7591,gothicsluts.com,adult
7592,pornsitelabs.com,adult
7593,growthbook.io,good
7594,webpshow.com,adult
7595,xcar.com.cn,good
7596,schibstedforbusiness.com,good
7597,words.com,good
7598,camgirlsites.net,adult
7599,porn7.xxx,adult
7600,etisalat.af,good
7601,tightanalx.com,adult
7602,epornovideos.com,adult
7603,uecdn.es,good
7604,blogspot.am,good
7605,lesbianimation.com,adult
7606,cucinare.tv,good
7607,stylestore.jp,good
7608,gov.im,good
7609,vforum.org,good
7610,sexdollplus.co.uk,adult
7611,girlgaze.com,good
7612,comicskingdom.com,good
7613,ya6j.com,good
7614,bigboobsmafia.com,adult
7615,oyeloca.com,adult
7616,radioplus.pl,good
7617,analsexvideos.cc,adult
7618,entietribunali.it,good
7619,girlfriend-nude.com,adult
7620,5593931.cc,good
7621,flix.com.mx,good
7622,ezodn.com,good
7623,tubealliance.com,good
7624,meloradio.pl,good
7625,freesexvideos.tv,adult
7626,sportslocalmedia.com,good
7627,atriumcursos.com.br,good
7628,tokyopornhd.com,adult
7629,asianphonezone.com,adult
7630,digicert.com,good
7631,sapra.ir,good
7632,espreso.co.rs,good
7633,indexvas.hu,good
7634,trafficjunky.net,good
7635,worldlovesexxxgranny.com,adult
7636,gol24.pl,good
7637,anorexictube.com,adult
7638,shiofuky.com,adult
7639,ftporno.com,adult
7640,fullstory.com,good
7641,hdxxxu.com,adult
7642,westernjournal.com,good
7643,theice.com,good
7644,hotgaylist.com,adult
7645,indiansexmassage.com,adult
7646,flixbus.ch,good
7647,ujizz.xxx,adult
7648,dirtypornworld.com,adult
7649,kingbbw.com,adult
7650,n1.ru,good
7651,atcom.gr,good
7652,contortionistporn.net,adult
7653,cashstar.com,good
7654,myibtimes.com,good
7655,euroteenerotica.com,illegal
7656,altefrau.com,adult
7657,baligirls.net,good
7658,gqjapan.jp,good
7659,zoig1.com,good
7660,21ks.net,good
7661,templatezy.com,good
7662,careerindia.com,good
7663,pornblogsubmitter.com,adult
7664,eechina.com,good
7665,edreams.net,good
7666,nursexfilme.com,adult
7667,vuukle.com,good
7668,sweetmarci.com,good
7669,porno-izmeny.com,adult
7670,dpic.me,good
7671,bonprix.at,good
7672,kinotip2.cz,good
7673,deutsche-sexseiten.top,adult
7674,flash.pt,good
7675,liveexoticwebcamstrippers.com,adult
7676,pornworld.com,adult
7677,fullhindisex.com,adult
7678,fapellino.net,adult
7679,24xxx.men,adult
7680,deseret.com,good
7681,maxima.pt,good
7682,jwsbill.com,good
7683,flixbus.mk,good
7684,feralslut.blog,adult
7685,rapeporn.xyz,illegal
7686,wikis.world,good
7687,ixxxzh.com,adult
7688,novoporn.com,adult
7689,kinkbiz.com,adult
7690,endof10.org,good
7691,kangismet.net,good
7692,cambeauties.net,adult
7693,ozeex.com,adult
7694,widen.net,good
7695,smutstone.com,good
7696,bbwporn.love,adult
7697,machotube.tv,adult
7698,clima.com,good
7699,thegayteentube.com,illegal
7700,garena.kr,good
7701,seductiveinsights.com,good
7702,sweetlucky.com,adult
7703,tubev.sex,adult
7704,closuptube.com,adult
7705,camjog.com,good
7706,lesbianup.com,adult
7707,wondershare.kr,good
7708,podio-shoes.ru,good
7709,viedessocietes-eurolegales.com,good
7710,18fu.com,adult
7711,gaytrial.com,good
7712,outster.com,good
7713,sexywomeninlingerie.com,adult
7714,wowgirls.com,adult
7715,ibxk.com.br,good
7716,huibo.com,good
7717,hit.ua,good
7718,lg.co.kr,good
7719,siteimproveanalytics.com,good
7720,teen-pussy-tube.com,illegal
7721,onlymyhealth.com,good
7722,sxgov.cn,good
7723,mutinycdn.com,good
7724,footfetishcollection.com,adult
7725,pmatehunter.com,adult
7726,fartingtube.com,adult
7727,hotxxxteens.net,illegal
7728,pussypornvideos.com,adult
7729,geopost.com,good
7730,japaneseasianxxx.com,adult
7731,pornhuber-pornos.com,adult
7732,virtualstrippers.pro,adult
7733,pornandxxx.com,adult
7734,edreams.co.kr,good
7735,williamhillgroup.com,illegal
7736,blogspot.dk,good
7737,warnermediacdn.com,good
7738,hud.gov,good
7739,voyeurpapa.com,adult
7740,caoyuanrenjia.com,good
7741,privatetgirls.com,adult
7742,plporno.com,adult
7743,asianstubex.com,adult
7744,camstreams.tv,adult
7745,shatteredsilicon.net,good
7746,epochtimes.it,good
7747,hujis.org,adult
7748,xrope.com,adult
7749,cloudevo.ai,good
7750,alabamatransexuals.com,adult
7751,reviews.io,good
7752,omexxx.com,adult
7753,persiansafar.net,good
7754,arizonamilfs.com,adult
7755,pornorent.me,adult
7756,pander.pro,good
7757,asldating1.com,good
7758,anardoni.com,illegal
7759,sextoysex.com,adult
7760,faq.porn,adult
7761,hokench.com,good
7762,eroticasians.com,adult
7763,t2dvd.com,good
7764,fresta-memories.com,good
7765,livepartners.com,good
7766,kuaidou3.top,good
7767,onindiansex.com,adult
7768,win7china.com,good
7769,pornojenny.com,adult
7770,naughty-camgirls.com,adult
7771,usablenet.com,good
7772,sweet-vicky.com,good
7773,accelerate360.com,good
7774,haon.hu,good
7775,love-donetsk.ru,good
7776,cdn-national-lottery.co.uk,illegal
7777,lucahtudung.com,good
7778,scat.gold,adult
7779,tmwnews.it,good
7780,adultepic.com,adult
7781,eritonetwork.com,good
7782,livesexcams.cc,adult
7783,dineoncampus.com,good
7784,bendingspoons.com,good
7785,netvideogirls.com,adult
7786,nudefiles.net,adult
7787,spyfam.com,adult
7788,globalpeople.com.cn,good
7789,gannettcontests.com,good
7790,ebony8.com,adult
7791,theporndude.eu,adult
7792,fenoxo.com,good
7793,h-cdn.com,good
7794,hotmovies.me,adult
7795,sexypornxxxvideo.com,adult
7796,pornrusskoe.ru,adult
7797,edreams.com.tr,good
7798,scoreclassics.com,good
7799,pryvqhfr.cc,good
7800,ztupic.com,good
7801,rimjob.eu,adult
7802,imeighteentoday.com,adult
7803,int.tf,good
7804,alt-sex.net,adult
7805,babeasiantube.com,adult
7806,thespankingpages.com,adult
7807,videosxxxmaduras.com,adult
7808,playforceone.com,adult
7809,recu.me,good
7810,bienpublic.com,good
7811,nomooo.jp,good
7812,asthub.com,good
7813,nude-tgirls.com,adult
7814,dotomi.com,good
7815,sexcamscafe.com,adult
7816,telefonsexcam.online,adult
7817,fikfap.com,adult
7818,ami-admin.com,good
7819,clasroomtube.com,adult
7820,erotic-hentai.com,adult
7821,virtualrealtrans.com,adult
7822,mhradio.org,good
7823,asiaamuse.com,adult
7824,goldponline.com,adult
7825,fictionmania.tv,good
7826,callesco.com,illegal
7827,j-money.jp,good
7828,marieclaire.hu,good
7829,nzn.io,good
7830,ebra-medias.fr,good
7831,alaskacougars.com,adult
7832,porn18.xxx,adult
7833,stunners.com,good
7834,urlporn.com,adult
7835,pornpictureshq.com,adult
7836,maturegoldenladies.com,adult
7837,linkfame.com,good
7838,gitbook.io,good
7839,kanojotoys.com,good
7840,iwantporn.net,adult
7841,hyperlinkomatic.com,good
7842,rapeporn.me,illegal
7843,teensforall.com,illegal
7844,adult-bank.jp,adult
7845,isnaini.com,good
7846,notecnt.com,good
7847,reelsmunkey.com,illegal
7848,sluttyasiantube.com,adult
7849,freesylviasaint.com,adult
7850,smutclinic.com,adult
7851,adultsexblogs.com,adult
7852,sheflix.com,adult
7853,flirt.com,good
7854,e-nenpi.com,good
7855,dditscdn.com,good
7856,freshfattube.com,adult
7857,onlysilkandsatin.com,good
7858,moreadultvideos.com,adult
7859,adnradio.cl,good
7860,iabsverige.se,good
7861,porn.ventures,adult
7862,superpornofoto.com,adult
7863,bloggertheme9.com,good
7864,girlsonlyporn.com,adult
7865,digitalio.jp,good
7866,bazis.ru,good
7867,bigtitsporn.xxx,adult
7868,mangazoneapp.com,good
7869,hotlegsporn.com,adult
7870,cquotient.com,good
7871,shoplocator.williamhill,illegal
7872,nowosci.com.pl,good
7873,li.ru,good
7874,ivr.xxx,adult
7875,nool.hu,good
7876,lnd.com.cn,good
7877,sda1.dev,good
7878,internetmodeling.com,adult
7879,physicaltips.org,good
7880,lesbianpservice.com,adult
7881,ebonybeautiful.com,adult
7882,cdnclouder.com,good
7883,pornlive.fun,adult
7884,pornok.org,adult
7885,de04trckingmic.com,good
7886,hotpornvideos.pro,adult
7887,lesbianmagic.com,adult
7888,donneporno.org,adult
7889,vintagepreality.com,adult
7890,rahatupu.net,adult
7891,myasianmassage.com,good
7892,gayporn.name,adult
7893,goadopt.io,good
7894,lechepussy.com,adult
7895,e-disclosure.ru,good
7896,nation.africa,good
7897,xxxspacegirls.net,adult
7898,pornteen123.com,illegal
7899,ionos.it,good
7900,mon-ja.net,good
7901,waskucity.com,good
7902,indianpspace.com,adult
7903,fatpussysluts.com,adult
7904,rejoy.hu,good
7905,wierdjapan.com,adult
7906,hyperdreams.com,good
7907,yobt.com,good
7908,buffalopartners.com,good
7909,bgsex.info,adult
7910,vintagepornhome.com,adult
7911,freshpornhouse.com,adult
7912,carmenbanks.com,adult
7913,scissoringtube.com,adult
7914,slutgate.com,adult
7915,cuteporn.media,adult
7916,freeporn.ooo,adult
7917,sbcmadrid.com,good
7918,insidewasteland.com,good
7919,sexychubbyporn.com,adult
7920,onlydudes.com,good
7921,supergroup.com,illegal
7922,data.gouv.fr,good
7923,anyfoxy.com,adult
7924,minnesotabids.us,good
7925,servicedesk.nic.in,good
7926,povav.com,adult
7927,wondershare.fr,good
7928,guruofporn.com,adult
7929,r2.dev,good
7930,madville.com,good
7931,loom-app.com,good
7932,betsson.gr,illegal
7933,github.blog,good
7934,alaskapussy.net,adult
7935,lesbea.com,adult
7936,latinpayperview.com,good
7937,drpornsite.com,adult
7938,favoriteptv.com,adult
7939,bigclittube.com,adult
7940,penispictures.com,adult
7941,pevlonthlvrybhsarendrexil.com,good
7942,ulmf.org,good
7943,novo-sibirsk.ru,good
7944,afgis.de,good
7945,pornpin.com,adult
7946,creampieinasia.com,adult
7947,xxxmovies.world,adult
7948,kissingshemales.com,adult
7949,yazhouse8.com,good
7950,lustylist.com,adult
7951,realfamilyporn.com,adult
7952,autobacklinks.biz,good
7953,6sc.co,good
7954,mstdn.social,good
7955,phb123.com,good
7956,healingheartpassages.com,good
7957,wegcash.com,good
7958,milfpornostars.com,adult
7959,clubelitechat.com,good
7960,daddygetslucky.com,adult
7961,dwango.co.jp,good
7962,pornoplanetxxx.com,adult
7963,babevr.com,adult
7964,sexlifelocal.com,adult
7965,icegay.tv,adult
7966,cinemacafe.net,good
7967,blogspot.si,good
7968,pornosusi.com,adult
7969,hottytube.com,adult
7970,iranmojo.com,good
7971,videosexlive.net,adult
7972,03477043.com,good
7973,eskarock.pl,good
7974,pubhtml5.com,good
7975,hoken-teacher.jp,good
7976,ionos-group.com,good
7977,springbreakspycam.com,adult
7978,camsex-telefon.com,adult
7979,trwl1.com,good
7980,maturewildwomen.com,adult
7981,mhthemes.com,good
7982,alabamabikers.net,good
7983,getsex.xxx,adult
7984,bdsmvidtube.com,adult
7985,ohnamama.bg,good
7986,hsoubcdn.com,good
7987,francetelevisions.fr,good
7988,visakhapatnamescorts.com,adult
7989,madepics.org,adult
7990,amateure-xtreme.com,adult
7991,freesexcams.name,adult
7992,forcedporn.club,adult
7993,betwayarabia1.com,illegal
7994,trustedmediabrands.com,good
7995,shareaholic.net,good
7996,teendreams.com,good
7997,yolomediagroup.com,good
7998,analfingeringtube.com,adult
7999,tugpass.com,adult
8000,ashemaletuge.com,good
8001,livesexfans.org,adult
8002,nsfwgifs.net,adult
8003,revsharecash.com,good
8004,pornblade.com,adult
8005,360che.com,good
8006,ingatlanbazar.hu,good
8007,digitaldesire.com,adult
8008,4greedy.com,adult
8009,tdsystem.ru,good
8010,redhottvts.com,adult
8011,zhengjian.org,good
8012,alabamatranny.com,adult
8013,39yst.com,good
8014,voglioporno.gratis,adult
8015,fuckingsexyporn.com,adult
8016,chubbyptv.com,adult
8017,lovehoney.com,adult
8018,californiatransexuals.net,adult
8019,toestube.com,adult
8020,pchouse.com.cn,good
8021,fanza.co.jp,adult
8022,tezfiles.com,good
8023,lesben-pornovideos.com,adult
8024,voyeurparents.com,good
8025,iplsc.com,good
8026,hentaibabes.net,adult
8027,discuz.vip,good
8028,thehealthy.com,good
8029,aiporn.party,adult
8030,subtitulado.cyou,adult
8031,jiatingseqing.com,adult
8032,globalbdsm.com,adult
8033,lesbianlov.com,adult
8034,hotbbwgalleries.com,adult
8035,centralmediacsoport.hu,good
8036,ibaotu.com,good
8037,betway.mx,illegal
8038,japteenx.com,adult
8039,trip.com,good
8040,freelivesexcams.me,adult
8041,intescort.com,adult
8042,100.com.tw,good
8043,alaskasluts.com,adult
8044,hdporn.love,adult
8045,give.org,good
8046,stpd.cloud,good
8047,ahmovs.com,adult
8048,premicloud.net,good
8049,sexwebsuche.net,adult
8050,probbwporn.com,adult
8051,myporngay.com,adult
8052,dicebreaker.com,good
8053,ebonyporn.ooo,adult
8054,16888.com,good
8055,18plusbegin.com,illegal
8056,ucoz.es,good
8057,rocketcdn.me,good
8058,blackpornsite.org,adult
8059,sekasividiyo.net,adult
8060,a2z.com,good
8061,vixenbrand.com,good
8062,epornfilms.com,adult
8063,dianapost.com,adult
8064,bestshemaleporntube.com,adult
8065,alabamacougars.net,adult
8066,manabinavi.net,good
8067,ladyboysfuckedbareback.com,adult
8068,epochtimestr.com,good
8069,fullnelsontube.com,adult
8070,sexcam-sexchat123.com,adult
8071,vivastreet.co.in,adult
8072,hotasiangallery.com,adult
8073,grungejohn.com,good
8074,videosxxxgratis.org,adult
8075,unijapan.org,good
8076,hot-board.net,good
8077,ucoz.ae,good
8078,premiumpornsearch.com,adult
8079,freeasiahotsex.com,adult
8080,luvy.ai,adult
8081,sweetorientaldolls.com,adult
8082,theporntoplist.com,adult
8083,nullphpscript.com,good
8084,ipokabu.net,good
8085,publichandjobs.com,good
8086,flixbus.ro,good
8087,leovegasaffiliates.com,illegal
8088,peliculascompletas.cyou,adult
8089,pics-x.com,adult
8090,pukingtube.com,adult
8091,escortsliaison.com,adult
8092,filmsexfrancais.com,adult
8093,edreams.com.ar,good
8094,hf9fp3.cc,good
8095,gayboys18tube.com,adult
8096,sitetrail.com,good
8097,blogspot.md,good
8098,livesexcams9.cc,adult
8099,bloggertemplateplace.com,good
8100,pcdn.co,good
8101,videobezkoshtovno.com,adult
8102,legendaffiliates.com,good
8103,sekasi.org,adult
8104,ebonytube.tv,adult
8105,indianpornsites.net,adult
8106,dev.to,good
8107,webcamsdot.com,adult
8108,bestpornstars.xxx,adult
8109,ussearch.com,good
8110,livesexcams.name,adult
8111,kiandigital.com,good
8112,cosplaysexvideos.com,adult
8113,hardcorefuck.me,adult
8114,danskporno.info,adult
8115,sexdansk.com,adult
8116,nudevintage.com,adult
8117,sundaytimes.lk,good
8118,bigtitstube.xxx,adult
8119,pornjke.com,adult
8120,livedoor.co.jp,good
8121,r-staffing.co.jp,good
8122,cuckhunter.com,adult
8123,paid-to-promote.net,good
8124,amateurbangers.com,adult
8125,aeplcdn.com,good
8126,costory.jp,good
8127,nastyasiansluts.com,adult
8128,pornocaseiro.cyou,adult
8129,culonas.tv,adult
8130,docoic.com,good
8131,younggayporn.org,adult
8132,xxlook24.com,adult
8133,flixbus.ua,good
8134,livecamsites.me,adult
8135,heapanalytics.com,good
8136,thedicksuckers.com,adult
8137,camsites.me,adult
8138,robotstart.info,good
8139,wifeloversmix.com,adult
8140,eunsetee.com,good
8141,porrno.info,adult
8142,ibctamilnadu.com,good
8143,bigbootyxxx.net,adult
8144,videosdemadura.com,adult
8145,recruit-dc.co.jp,good
8146,japaneseporn.love,adult
8147,usuarios-online.com,good
8148,webcamgirls.watch,adult
8149,commonsense.org,good
8150,sweetdenisa.com,adult
8151,ballsondolls.com,adult
8152,4freestories.com,adult
8153,nsfw.menu,adult
8154,lustyshemales.com,adult
8155,hustlerhollywood.com,adult
8156,nexstar.tv,good
8157,africanlesbians.com,adult
8158,feol.hu,good
8159,bestasianpics.com,illegal
8160,wired.cz,good
8161,flixbus.se,good
8162,omgsexvideos.com,adult
8163,forextester.biz,good
8164,hentaihere.com,adult
8165,porninspector.com,adult
8166,vidverto.io,good
8167,prostasex.cc,adult
8168,homekoo.com,good
8169,expressilustrowany.pl,good
8170,nxnews.net,good
8171,pornotube69.com,adult
8172,pornforw.com,adult
8173,hellotux.com,good
8174,erophotos.org,adult
8175,adulto.vip,adult
8176,videosxxxdeveteranas.com,adult
8177,x-tube.pro,adult
8178,court.gov.cn,good
8179,uaporn.net,adult
8180,clintoncards.co.uk,good
8181,abebooks.fr,good
8182,asiabroadcasting.lk,good
8183,sarmady.net,good
8184,d-style.biz,good
8185,celebrityporn1.com,adult
8186,kabusyo.com,good
8187,nsfw.la,adult
8188,literoti.com,adult
8189,danskesex.net,adult
8190,insider.com,good
8191,xanga.com,good
8192,wwf.ru,good
8193,2chmatomeru.info,adult
8194,rimming.club,adult
8195,pornication.com,adult
8196,wildpornx.com,adult
8197,livesexchat.us,adult
8198,sexshow.media,adult
8199,dga.gov.sa,good
8200,wradio.com.mx,good
8201,pornleech.ch,adult
8202,pornq.com,adult
8203,oldsexwomen.net,adult
8204,flixbus.bg,good
8205,tetas.cc,adult
8206,mature-beauties.com,adult
8207,bonprix.nl,good
8208,tildacdn.com,good
8209,incestvidz.com,adult
8210,avstockings.com,adult
8211,lalajuhe.com,good
8212,fastcmp.com,good
8213,cioffindia.org,adult
8214,ukrporno.com,adult
8215,hairyhdvideos.com,adult
8216,c4slive.com,adult
8217,g6c.net,good
8218,arizonamistress.com,adult
8219,prondot.com,adult
8220,prestige-av.com,adult
8221,primgorod.ru,good
8222,urchat.info,good
8223,gotitsporn.com,adult
8224,pornofilme.best,adult
8225,flipboard.social,good
8226,magic.ly,adult
8227,litimgs.com,good
8228,xhamsterlive.io,adult
8229,nudecelebrities.top,adult
8230,sootoo.com,good
8231,heureporno.com,adult
8232,sexcityguide.com,adult
8233,pornmilfvideos.com,adult
8234,jacquieetmichel.net,adult
8235,ifl-porn.com,adult
8236,gansudaily.com.cn,good
8237,arkansasbikers.net,good
8238,bachehayeaseman.org,good
8239,kargo.com,good
8240,ladyboybookmarks.com,adult
8241,beijing.gov.cn,good
8242,flixbus.com.tr,good
8243,alphaxcdn.com,good
8244,xxxblogpost.com,adult
8245,audible.it,good
8246,hdhole.com,adult
8247,wildskymedia.com,good
8248,xxx-3d.com,adult
8249,ufabet-vip.com,illegal
8250,cum-desi.com,adult
8251,bbwsex.name,adult
8252,turkic.world,good
8253,azernews.az,good
8254,tuba.pl,good
8255,fgirl.ch,good
8256,francemarches.com,good
8257,chinese-xxx.com,adult
8258,staticstack.net,good
8259,flixbus.sk,good
8260,8891.com.tw,good
8261,porncold.com,adult
8262,vogue.me,good
8263,thebarchive.com,adult
8264,gk24.pl,good
8265,telugu.icu,adult
8266,shemalerehab.com,adult
8267,roughbbc.com,adult
8268,smutdiary.com,adult
8269,blogspot.co.nz,good
8270,teploset.org,good
8271,fotospeludas.com,adult
8272,prosolutionpills.com,good
8273,sexesex.com,adult
8274,cuckoldporn.tv,adult
8275,hairlesstube.com,adult
8276,egotastic.com,good
8277,xwuuunxa.xyz,good
8278,modelarea.com,adult
8279,hotsexstoriespictures.com,adult
8280,i.pl,good
8281,level9.cz,good
8282,hlidacipes.org,good
8283,dailyfootporn.com,adult
8284,xxxxnxx.pro,adult
8285,epochtimes.com.ua,good
8286,bitrix24.team,good
8287,j-a-net.jp,good
8288,changyou.com,good
8289,cctv.cn,good
8290,ntvradyo.com.tr,good
8291,18magazine.com,adult
8292,bb-bb.ru,good
8293,besthardcoremovies.com,adult
8294,wondershare.de,good
8295,mature-videos.com,adult
8296,bpornhq.com,adult
8297,gayvsex.com,adult
8298,xbookcn.net,adult
8299,geilepflaume.com,good
8300,kyrvrybhsovashordoblarmek.com,good
8301,xxxlucah.org,adult
8302,hdgrandmaxnxx.com,adult
8303,bbwhunter.com,adult
8304,sexdollplus.com.au,adult
8305,elitemate.com,good
8306,1877cutebbw.com,adult
8307,twpornstars.com,adult
8308,pezeshk24.com,good
8309,laowang.vip,adult
8310,sexysites.info,adult
8311,shufflesex.com,adult
8312,wtfpass.com,adult
8313,veol.hu,good
8314,nva.org.uk,good
8315,link.cam,good
8316,myusaporn.com,adult
8317,littlemissbrat.com,adult
8318,bama.hu,good
8319,lwadm.com,good
8320,hardteentube.com,illegal
8321,figma.com,good
8322,xxxmsbhavin.com,adult
8323,bolasport.com,good
8324,nikogem.com,good
8325,shtaoke.com,good
8326,koloporno.com,adult
8327,greekporno.info,adult
8328,sweetheartvideo.com,adult
8329,endlesssex.fun,adult
8330,v1.ru,good
8331,meetsuckandfuck.com,adult
8332,sweettiffany.net,adult
8333,winterporno.com,adult
8334,parshipmeet.com,good
8335,hqboobs.com,adult
8336,kingsextube.com,adult
8337,shingaku-soudan.com,good
8338,netsecurity.ne.jp,good
8339,webwidesex.com,adult
8340,videopornonacional.com,adult
8341,tamilsexpadam.com,adult
8342,gp24.pl,good
8343,strefaagro.pl,good
8344,gilfxtube.com,adult
8345,igamingserver.com,good
8346,bubbaporn.com,adult
8347,maduras.monster,adult
8348,pn.vg,good
8349,reddithelp.com,good
8350,deluxetemplates.net,good
8351,cybersex.co,adult
8352,maturehqxxx.com,adult
8353,arizonatransvestites.com,adult
8354,indapool.com,adult
8355,jppol.dk,good
8356,gloswielkopolski.pl,good
8357,sportal365images.com,good
8358,wobmkgm.xyz,good
8359,tsfap.com,adult
8360,gazetakrakowska.pl,good
8361,for-me-on-sale.biz,good
8362,bigbagmanagement.com,adult
8363,livesexcams.fans,adult
8364,9to5toys.com,good
8365,bworldporn.com,adult
8366,numberfire.com,good
8367,hotchubbyporn.com,adult
8368,opencritic.com,good
8369,studysapuri.jp,good
8370,bigasia.ru,good
8371,d4t4.io,good
8372,menjackingoff.org,adult
8373,chinatibetnews.com,good
8374,shenudes.com,adult
8375,ohotniki.ru,good
8376,chartiran.com,good
8377,bloggertut.com,good
8378,hentaiworld.tv,adult
8379,nangiphotos.com,adult
8380,sexcam.cafe,adult
8381,furl.net,good
8382,fullhdxxx.me,adult
8383,cjwrightxxxlips.com,adult
8384,xxxpornmovies.net,adult
8385,ucloud150.xyz,good
8386,arkansasbdsm.com,adult
8387,pornoculonas.cc,adult
8388,beyond.com,good
8389,xxxcom.one,adult
8390,pinterest.com.au,good
8391,bbbprograms.org,good
8392,othershemaleporn.com,adult
8393,vogue.cz,good
8394,brutalporn.tv,adult
8395,amateurecommunity.net,adult
8396,boobsfat.com,adult
8397,lotodealer.ru,good
8398,sayuncle.com,adult
8399,freelivep.com,adult
8400,maturemomporno.com,adult
8401,webcampornoxxx.net,adult
8402,planetsluts.com,adult
8403,flip.ro,good
8404,bi-sexualbabes.com,adult
8405,clicsex.com,adult
8406,asmrstripped.com,adult
8407,newcocksformywife.com,adult
8408,domashneporno.com,adult
8409,assanalized.com,adult
8410,arkansasbooty.com,adult
8411,evolutionadv.it,good
8412,poradyplus.pl,good
8413,jualalatdrumband.com,good
8414,xporn.gay,adult
8415,fuckteen.xxx,adult
8416,uoledtech.com.br,good
8417,noodlesporn.com,adult
8418,pornvidx.com,adult
8419,edreams.cz,good
8420,royalnahal.com,good
8421,pomorska.pl,good
8422,ukraine.ua,good
8423,synottip.com,illegal
8424,spinemedia.com,good
8425,black-tgirls.com,adult
8426,sodapdf.com,good
8427,bildirt.com,good
8428,sekasi.net,adult
8429,youfap.mom,adult
8430,xnxxfamily.com,illegal
8431,hypersmash.com,good
8432,brazzerspornvideos.com,adult
8433,xxxbullet.com,adult
8434,ds.tl,good
8435,homemadeporn.love,adult
8436,adultfantasypark.com,adult
8437,tabdeal.org,good
8438,visakhapatnamescort.com,adult
8439,hzcdn.io,good
8440,cjn.cn,good
8441,pornvideosfreexxx.com,adult
8442,hotxnxx.tube,adult
8443,vogue.com.cn,good
8444,kannadasexyvideos.com,adult
8445,gladcam.com,adult
8446,shitaraba.co.jp,good
8447,hishop.com.cn,good
8448,flixbus.hu,good
8449,cartoonporno.xxx,adult
8450,desisexscandals.net,adult
8451,ratite.com,illegal
8452,redcodewebservices.com,good
8453,pornsiteplace.com,adult
8454,xobile.com,good
8455,gloryholeswallow.com,adult
8456,sexoagora.net,adult
8457,trannyplanet.com,adult
8458,loan4k.com,adult
8459,ladbiblegroup.com,good
8460,gamebusiness.jp,good
8461,insidefemdom.com,adult
8462,69story.com,adult
8463,nudecams.name,adult
8464,amsi.or.id,good
8465,kurierlubelski.pl,good
8466,vteximg.com.br,good
8467,highdefinitiontube.com,adult
8468,itslive.com,good
8469,fthemes.com,good
8470,arkansasmilfs.com,adult
8471,heroaffiliates.com,good
8472,ferame.com,adult
8473,edreams.com.au,good
8474,trustyfine.com,good
8475,grindr.com,good
8476,glamoursmokers.com,good
8477,indianptv.com,adult
8478,ct-stc.com,good
8479,sweetirena.com,adult
8480,qhimg.com,good
8481,videosxgratuite.org,adult
8482,RG-help.com,good
8483,pornfidelity.com,adult
8484,nextgenporn-store.net,adult
8485,thisvid.io,adult
8486,pornoa.org,adult
8487,eurobabeindex.com,adult
8488,anpara.com,good
8489,arkansassluts.com,adult
8490,pornstarnetwork.com,adult
8491,stepmomhdporn.com,adult
8492,dangjian.cn,good
8493,dirtylivesex.net,adult
8494,clearbit.com,good
8495,zipansion.com,good
8496,brpporn.com,adult
8497,alaskatranny.com,adult
8498,asianporn.bar,adult
8499,vintageptv.com,adult
8500,bowlatstrike.com,adult
8501,viva-images.com,good
8502,angelptube.com,adult
8503,vibefm.pl,good
8504,sessoanalevideo.com,adult
8505,myfavicon.com,good
8506,tram-pararam.com,good
8507,arizonabdsm.net,adult
8508,deviantclip.com,adult
8509,arizonasluts.net,adult
8510,credly.com,good
8511,tvg.com,good
8512,momslickteens.com,adult
8513,anshinkuruma.jp,good
8514,alabamamilfs.com,adult
8515,zweiporn.com,adult
8516,youradchoices.ca,good
8517,omeda.com,good
8518,santillana.com,good
8519,imtest.de,good
8520,nakedsword.com,good
8521,hairymaturemovies.com,adult
8522,pornstars.today,adult
8523,nlc.hu,good
8524,branc.jp,good
8525,heol.hu,good
8526,xxxforfree.info,adult
8527,allhotcams.com,adult
8528,nothingtoxic.com,good
8529,twitch.com,good
8530,williamhill.eu,illegal
8531,orsm.net,adult
8532,shenookie.com,good
8533,fantasyvintage.com,adult
8534,eroxia.com,adult
8535,porn-discounts.com,adult
8536,fotor.com.cn,good
8537,storiesx.com,adult
8538,softorgasms.com,adult
8539,alaskalesbians.net,adult
8540,kintoreclub.jp,good
8541,flixbus.lt,good
8542,hubtraffic.com,good
8543,templateclue.com,good
8544,pickinguppussy.com,adult
8545,flix.careers,good
8546,shdfree.com,adult
8547,hornywhores.net,adult
8548,bitchesgirls.com,adult
8549,grubstreet.com,good
8550,evolv.ai,good
8551,wolfgangs.com,adult
8552,my399.com,good
8553,adobedc.net,good
8554,videosxxxgratuit.net,adult
8555,wifesexmovie.com,adult
8556,ladyboyfreeporn.com,adult
8557,isize.com,good
8558,nakedgfs.com,adult
8559,tgirlfans.com,adult
8560,ifcert.cn,good
8561,livecamsex.show,adult
8562,lockposht.com,good
8563,hairyblackpussy.org,adult
8564,deepswap.ai,good
8565,stripskunk.com,adult
8566,hh1.az,good
8567,naked.com,adult
8568,top100sexgames.com,adult
8569,xxxbanla.com,adult
8570,anotherbabe.com,adult
8571,sextingfinder.com,adult
8572,ucoz.com.br,good
8573,crimestoppers-uk.org,good
8574,propornfree.com,adult
8575,alipayobjects.com,good
8576,video-converter.com,good
8577,18asianpussy.com,adult
8578,hardcoreporn.tv,adult
8579,televisaunivision.com,good
8580,headhunter.ge,good
8581,asianmatchmate.com,adult
8582,nto.pl,good
8583,404media.co,good
8584,fisglobal.com,good
8585,edreams.pt,good
8586,connectthewatts.com,good
8587,wondershare.com.br,good
8588,adxpansion.com,good
8589,paysafe.com,good
8590,ionos.es,good
8591,falconstudios.com,good
8592,scspvp.com,good
8593,pornoxxx.mobi,adult
8594,elfxxx.net,adult
8595,cumpornhub.com,adult
8596,sportmanija.mk,good
8597,getcheex.com,adult
8598,lupaland.com,good
8599,teol.hu,good
8600,techno-edge.net,good
8601,amateursex-community.net,adult
8602,bookofp.com,adult
8603,xmoviesland.com,adult
8604,24xxx.me,adult
8605,kralmuzik.com.tr,good
8606,epochtimes.jp,good
8607,freshworks.com,good
8608,mt.ru,good
8609,zhoushan.cn,good
8610,awswaf.com,good
8611,videossexogratis.net,adult
8612,pgslot36.com,illegal
8613,uvnimg.com,good
8614,realdoll.com,adult
8615,faperoni.com,adult
8616,toulouse.fr,good
8617,hqew.com,good
8618,bestkebabz.com,good
8619,beol.hu,good
8620,kalporn.com,adult
8621,teenphonesex.com,adult
8622,joannaangelbucks.com,adult
8623,tk-elko.ru,good
8624,vaol.hu,good
8625,flixbus.ee,good
8626,hotweirdporn.com,adult
8627,lesbiansexnation.com,adult
8628,pornbondagegalleries.com,adult
8629,vgwort.de,good
8630,fromindian.com,adult
8631,mangahome.com,good
8632,roundup-gamers.jp,good
8633,thepornbin.com,adult
8634,flarephd.com,adult
8635,androidadult.com,adult
8636,south-indian-sex.com,adult
8637,bonprix.cz,good
8638,tasker.com.tw,good
8639,asiansexclub.com,adult
8640,shingakunet.com,good
8641,thespacestation.co.za,good
8642,fairasian.com,adult
8643,computerwoche.de,good
8644,netinfocompany.bg,good
8645,qubit.com,good
8646,arkansascrossdressing.com,adult
8647,rabbtrk.com,good
8648,pornoatom.org,adult
8649,bigboss.video,adult
8650,hornychat.net,adult
8651,wanitadewasa.net,good
8652,wavesidelive.com,good
8653,regulations.gov,good
8654,saadatrent.com,good
8655,celebcafe.net,adult
8656,chatzy.com,good
8657,candyschoolgirls.com,adult
8658,101hotguys.com,adult
8659,videoboytube.com,adult
8660,vogue.co.uk,good
8661,domashneeporno.org,adult
8662,hot-sex-videos.com,adult
8663,erocurves.com,adult
8664,emag.android,good
8665,sexfilmgratiskijken.com,adult
8666,shecockorgy.com,adult
8667,edreams.gr,good
8668,african-porn.info,adult
8669,filmporno.it,adult
8670,yitservice.ru,good
8671,eroticsunshine.com,adult
8672,porn-vr.asia,adult
8673,adultchat.cc,adult
8674,yelpcdn.com,good
8675,desiporn.site,adult
8676,onlyfinder.com,adult
8677,tophindisexyvideo.com,adult
8678,betway.es,illegal
8679,rubberhotties.com,adult
8680,123-counters.com,illegal
8681,6bangs.com,good
8682,aquashrimps.ru,good
8683,tmgrup.com.tr,good
8684,tokyomo.net,adult
8685,ostkcdn.com,good
8686,lygymdy000.com,good
8687,culonasxxx.cc,adult
8688,onelinesexaddict.org,adult
8689,bollywoodsexvideos.org,adult
8690,theporno1.com,adult
8691,onejapanese.com,adult
8692,mychannels.video,good
8693,pornovater.com,adult
8694,joiparadise.com,adult
8695,b2.is,good
8696,sexbule.com,adult
8697,sinpartner.com,good
8698,bareshemale.com,adult
8699,desi-sex-movies.com,adult
8700,pornteque.com,adult
8701,heyepiphora.com,adult
8702,videolucahmelayu.net,adult
8703,gdalabel.org.uk,good
8704,sexstorieserotic.com,adult
8705,chubbyporn.ooo,adult
8706,gold10.ru,good
8707,aixcdn.com,good
8708,extremebondagepictures.com,adult
8709,goodvibes.com,adult
8710,bpornplanet.com,adult
8711,claropr.com,good
8712,madcheddar.com,good
8713,templatemo.com,good
8714,getscorecash.com,good
8715,milftrip.com,adult
8716,realincestvideos.org,adult
8717,wildteens.com,illegal
8718,16honeys.com,adult
8719,hot-teens.com,adult
8720,ionos.mx,good
8721,btemplates.com,good
8722,xvirtual.com,good
8723,trahkino.me,adult
8724,unoi.com,good
8725,veikkausgroup.com,illegal
8726,audio-joiner.com,good
8727,tel-rose.com,good
8728,welcomekit.co,good
8729,xxxcore.tv,adult
8730,alphafreecams.com,adult
8731,pornoaffe.com,adult
8732,worldtitsp.com,adult
8733,milfpornstars.net,adult
8734,mutterfickt.com,adult
8735,bitch-show.com,adult
8736,nairobihot.com,adult
8737,kaplog.com,adult
8738,campaign-archive.com,good
8739,epochtimes.sk,good
8740,tube1.com,adult
8741,ai-porn.bond,adult
8742,newarabporn.com,adult
8743,bidr.io,good
8744,comicspornvideos.com,adult
8745,beeghindi.pro,adult
8746,RTALabel.org,good
8747,babeland.com,adult
8748,gismeteo.st,good
8749,xlovecash.com,adult
8750,femdom-tube.com,adult
8751,foodbible.com,good
8752,1tubehd.com,adult
8753,aiporn.men,adult
8754,cmnftube.com,adult
8755,szoljon.hu,good
8756,com.de,good
8757,betwaygroup.com,illegal
8758,sitedossier.com,good
8759,porevohd.com,adult
8760,edreams.travel,good
8761,flixbus.ie,good
8762,glassdoor.com.br,good
8763,epochtimes.pl,good
8764,htmlhelp.com,good
8765,cbsinteractive.com,good
8766,netfapx.com,adult
8767,musclegirldirectory.com,good
8768,everesttech.net,good
8769,epornomovies.com,adult
8770,eurostartv.com.tr,good
8771,jtopia.co.jp,good
8772,tsvirtuallovers.com,adult
8773,goldfm.lk,good
8774,flixbus.cl,good
8775,zaya.link,good
8776,iranianpornmovie.com,adult
8777,livesex.run,adult
8778,520xnxx.com,adult
8779,videosgratispornolatino.com,adult
8780,edit.co.jp,good
8781,manhwahentai.me,adult
8782,gays-live.com,adult
8783,jakartaescorts.info,adult
8784,teengaysvideo.com,illegal
8785,loqueleo.com,good
8786,pornhd.cc,adult
8787,topgear.es,good
8788,spunkyangels.com,good
8789,yelp.android,good
8790,pariteni.bg,good
8791,affect3dnetwork.com,good
8792,playtoys.jp,good
8793,seksfilmsgratis.top,adult
8794,marriage-consultant.jp,good
8795,gb.com,good
8796,gettranny.com,adult
8797,ai-porn.me,adult
8798,pussy.org,adult
8799,extremeroughporn.org,adult
8800,epochstats.com,good
8801,bigpoint.net,good
8802,fsa.go.jp,good
8803,newsandmedia.sk,good
8804,abellalist.com,adult
8805,logi.com,good
8806,bestgaysites.com,adult
8807,30min.jp,good
8808,cremz.com,adult
8809,manojob.com,good
8810,porndudecasting.com,adult
8811,chat2gether.com,good
8812,gochubbygirls.com,adult
8813,linkby.com,good
8814,livesex.surf,adult
8815,mom.com,good
8816,ireceptar.cz,good
8817,shemalesclub.com,adult
8818,arizonatranny.com,adult
8819,trckaffgn.com,good
8820,porntaboo.tv,adult
8821,gamingadult.com,adult
8822,sytt520.shop,good
8823,freeporn.cab,adult
8824,sexnhatbankhongche.com,adult
8825,imageflea.com,adult
8826,taboothepornmovie.com,adult
8827,shemalecandi.com,adult
8828,hogtiedtube.com,adult
8829,pushwoosh.com,good
8830,horsebetting.com.au,illegal
8831,shopperapproved.com,good
8832,madurasvideos.top,adult
8833,hotbbwgallery.com,adult
8834,freebondagetorture.com,adult
8835,moengage.com,good
8836,reddit.tube,adult
8837,ohsexotube.com,adult
8838,f1jouhou2.com,good
8839,tomoviee.ai,good
8840,ocn.com.cn,good
8841,secretgfs.au,adult
8842,ftvmilfs.com,adult
8843,dziennikbaltycki.pl,good
8844,tyla.com,good
8845,lesbiananalsluts.com,adult
8846,ocreampies.com,adult
8847,voyeurhouse.com,adult
8848,weknowporn.com,adult
8849,flixbus.pt,good
8850,germanthreesome.com,adult
8851,bts.gov,good
8852,vogue.ua,good
8853,progress.com,good
8854,teens4all.com,illegal
8855,myxxvideoslive.com,adult
8856,indianpreality.com,adult
8857,flexiblesex.net,adult
8858,onlyteens.porn,illegal
8859,buyaccs.com,illegal
8860,monohost.com,good
8861,houseofblues.com,good
8862,chinesenakedporn.com,adult
8863,porn-star.com,adult
8864,pornforwomen.co.uk,adult
8865,huke88.com,good
8866,garena.ph,good
8867,glamourfilms.com,adult
8868,stronakuchni.pl,good
8869,schoolgirl-uniform.com,illegal
8870,firebase.com,good
8871,blogspot.nl,good
8872,lashworld.ru,good
8873,japanesematures.com,adult
8874,clothedtube.com,adult
8875,deutschepornos.icu,adult
8876,indianporn.ooo,adult
8877,analfuckvideo.com,adult
8878,pornx.co,adult
8879,hardbdsmpics.com,adult
8880,alaskamistress.com,adult
8881,forcedporn.tv,illegal
8882,xtube6.com,adult
8883,pornophotowomans.com,adult
8884,hindiporn.tv,adult
8885,mycar-life.com,good
8886,controlc.com,good
8887,bonprix.no,good
8888,contortion.net,adult
8889,armporno.cc,adult
8890,videospornosexe.com,adult
8891,anal-angels.com,adult
8892,v4ip.cyou,adult
8893,sexfortokens.com,adult
8894,shemaleone.com,adult
8895,pascalssubsluts.com,adult
8896,amateurxmovs.com,adult
8897,githubstatus.com,good
8898,kika.de,good
8899,realpornclips.com,adult
8900,illinoisbids.us,good
8901,myracequeens.com,adult
8902,glamourtryouts.com,good
8903,littletitsite.com,adult
8904,a1.ro,good
8905,hoteljorge1.net,good
8906,fanDuel.com,illegal
8907,stronakobiet.pl,good
8908,flixbus.es,good
8909,poselenia.ru,good
8910,porntrial.mx,adult
8911,xmeat.com,adult
8912,arkansascrossdressers.com,adult
8913,ladyboydongs.com,adult
8914,hottestpornvideos.com,adult
8915,arc-cdn.net,good
8916,videosxx.info,adult
8917,banksepah.ir,good
8918,soulgen.net,good
8919,opmnstr.com,good
8920,hotgirlsexcams.com,adult
8921,webstatsdomain.com,good
8922,bestseximages.com,adult
8923,pornjourney.com,adult
8924,isarclinic.com,good
8925,inkmaginecms.com,good
8926,nbcsportsboston.com,good
8927,sexykittenporn.com,adult
8928,rgf-hragent.asia,good
8929,filminiamatoriali.com,adult
8930,besteverp.com,adult
8931,markaone.ru,good
8932,badgirlsbible.com,adult
8933,taylorstevensblog.com,good
8934,alaskabondage.com,adult
8935,arizonashemales.com,adult
8936,toranet.jp,good
8937,buttplugtube.com,adult
8938,mom4k.com,adult
8939,nyt.com,good
8940,alaskashemales.com,adult
8941,18avx.com,adult
8942,picsaiporn.com,adult
8943,asianvideohot.com,adult
8944,arkansaspussy.net,adult
8945,xxxbdsmpornvideos.com,adult
8946,pornvsex.com,adult
8947,alabamabondage.com,adult
8948,national-lottery-healthyplay.co.uk,illegal
8949,bikeindex.org,good
8950,pornorabais.com,adult
8951,slotxo-gold.com,illegal
8952,sekasividiyosekasi.com,adult
8953,ai-porn.sbs,adult
8954,venicevisitpass.com,good
8955,asianxnxxmovies.com,adult
8956,sexdansk.net,adult
8957,dpbolvw.net,good
8958,polsat.pl,good
8959,tlfw.net,good
8960,transmodeldatabase.com,adult
8961,rbbtoday.com,good
8962,atlassianfoundation.org,good
8963,netcraft.com,good
8964,amicrobikini.com,good
8965,ucoz.com.ro,good
8966,maturenue.net,good
8967,giga-video.de,good
8968,fantasyvintagep.com,adult
8969,climaxtube.com,adult
8970,titanicporn.com,adult
8971,networkdel.com,good
8972,tcccdn.com,good
8973,edreams.in,good
8974,feichangquan.com,good
8975,ai-porn.icu,adult
8976,jisaka.com,good
8977,diavgeia.gov.gr,good
8978,bigtithitomi.com,adult
8979,pakistanixnxx.net,adult
8980,gaytwerk.com,adult
8981,revistagq.com,good
8982,kaktuz.com,adult
8983,nmgnews.com.cn,good
8984,movieroom.com,good
8985,lovethots.com,good
8986,talktome.com,adult
8987,blog.com,good
8988,emofid.com,good
8989,fevad.com,good
8990,computerworld.es,good
8991,dna.fr,good
8992,sex-gif.com,adult
8993,americamovil.com,good
8994,can-amelectric.com,good
8995,bigcockshemaleporn.com,adult
8996,tetona.tv,adult
8997,pornhubxvideos.com,adult
8998,mennation.com,adult
8999,minecraftstation.com,good
9000,afp.com,good
9001,xx722.com,good
9002,arabsexvideo.net,adult
9003,im-g.pl,good
9004,transfucks.com,adult
9005,urldefense.com,good
9006,pleasuregirl.net,adult
9007,mobilite-verte.com,good
9008,familyporntaboo.org,adult
9009,preggocams.live,adult
9010,megastock.com,good
9011,themebeez.com,good
9012,gettingporn.com,adult
9013,0768070.cc,good
9014,semalt.com,good
9015,pornlivenews.com,adult
9016,flixbus.rs,good
9017,kumo-funding.com,good
9018,arfreaks.com,good
9019,mafra.cz,good
9020,expressbydgoski.pl,good
9021,dronedj.com,good
9022,golf-jalan.net,good
9023,ladyboydevotion.com,adult
9024,otempo.pt,good
9025,tsuhan-ec.jp,good
9026,upteenxxx.com,adult
9027,forrester.com,good
9028,abbonamenti.it,good
9029,sweet-monika.com,good
9030,beste-sexcams.com,adult
9031,elitebabes.com,adult
9032,cdn.gob.mx,good
9033,teluguporn.tv,adult
9034,hacktoberfest.com,good
9035,tgirlxl.com,adult
9036,spassets.com,good
9037,gototraining.com,good
9038,flixbus.pl,good
9039,kc-usercontent.com,good
9040,europornstar.com,adult
9041,bdsmlibrary.com,adult
9042,arkansastranny.com,adult
9043,uniladtech.com,good
9044,nudeyoga.net,adult
9045,vivastreet.cl,good
9046,pussyold.net,adult
9047,baristatube.com,adult
9048,zhuichaguoji.org,good
9049,bettercollective.com,good
9050,chatterms.com,adult
9051,fld30.com,good
9052,manties.us,good
9053,szexfilmek.top,adult
9054,buzzsprout.com,good
9055,faterotic.com,adult
9056,javhdcom.com,adult
9057,sss.xxx,adult
9058,btwporn.com,adult
9059,blackporn.fun,adult
9060,bstatic.com,good
9061,flixbus.ba,good
9062,csaom.org,good
9063,hugeDomains.com,good
9064,czechav.com,adult
9065,artear.com,good
9066,sexvideokostenlos.com,adult
9067,sweetira.com,good
9068,phonesexmistresses.com,adult
9069,garena.co.th,good
9070,privateamateurpornos.com,adult
9071,edreams.de,good
9072,pornvideodeutsch.com,adult
9073,xxxfuck.pro,adult
9074,newgaybearclips.com,adult
9075,pornoteque.com,adult
9076,chudayikahani.com,adult
9077,divly.ru,good
9078,doodhwali.xxx,adult
9079,guz.ru,good
9080,sexfilmsgratis.com,adult
9081,nikki-nova-nude-pics-gallery.com,adult
9082,taline.ir,good
9083,pornbbwpics.com,adult
9084,weglot.com,good
9085,abouttwinks.com,adult
9086,toonsearch.net,good
9087,asxem.link,good
9088,datasubject.com,good
9089,tattooedtube.com,adult
9090,animeporn.me,adult
9091,vivalocal.pt,good
9092,rferl.org,good
9093,bestxnxxclips.com,adult
9094,epochtimes.fr,good
9095,epersianhotel.com,good
9096,statsaholic.com,good
9097,gaysjerkoff.com,adult
9098,fetish-island.com,adult
9099,greendh.org,good
9100,usatodaystore.com,good
9101,alaskadominatrix.com,adult
9102,bbwtubevideox.com,adult
9103,xlvirdr.com,good
9104,goldpvids.com,adult
9105,xxxhdtube8.com,adult
9106,livesex.cafe,adult
9107,esexv.com,adult
9108,javxvids.com,adult
9109,gayplex.com,adult
9110,francetvpub.fr,good
9111,upfy.com.br,good
9112,flowly.com,good
9113,townsquare.media,good
9114,nudeyogasex.com,adult
9115,top.pl,good
9116,xnxxvideos.rest,adult
9117,coimbatorequeen.com,good
9118,youporn-gratis.net,adult
9119,glassestube.com,adult
9120,flixbus.si,good
9121,fantime.com,good
9122,edreams.co.uk,good
9123,vintageaiporn.com,adult
9124,hostingadvice.com,good
9125,fonious.com,good
9126,ghettoblacktail.com,adult
9127,zohocdn.com,good
9128,belamionline.com,good
9129,qihucdn.com,good
9130,bbwphq.com,adult
9131,fulltaboo.tv,adult
9132,pornxk.com,adult
9133,flabber.nl,good
9134,froma.com,good
9135,freakydoctor.com,adult
9136,adultbloghunter.com,adult
9137,githubassets.com,good
9138,iporn.win,adult
9139,garena.mx,good
9140,arkansasbondage.com,adult
9141,amatuerporn.club,adult
9142,entekhabeman.com,good
9143,nshoneys.com,good
9144,gazetalubuska.pl,good
9145,aklamator.com,good
9146,polyfill.io,good
9147,sexocasero.tv,adult
9148,femtechlab-online.com,good
9149,sexvideocasting.com,adult
9150,kingdom-of-porn.com,adult
9151,69-pornos.com,adult
9152,yunos.com,good
9153,sexeporno.org,adult
9154,prostasex.org,adult
9155,netflixer.cz,illegal
9156,hornybutt.com,adult
9157,uhairy.com,adult
9158,asianxhq.com,adult
9159,babestationx.tv,adult
9160,lesbiandiscounts.club,adult
9161,drbna.cz,good
9162,fishnetstube.com,adult
9163,5minutequickie.com,adult
9164,healthshots.com,good
9165,hh.uz,good
9166,strefaobrony.pl,good
9167,nippleclampstube.com,adult
9168,arkansaslesbians.net,adult
9169,raptive.com,good
9170,cumforgay.com,adult
9171,switchsoku.com,good
9172,villagevoice.com,good
9173,seores.com,good
9174,filmsgratisesso.com,illegal
9175,nosplogs.com,adult
9176,heroine.cz,good
9177,exhacked.com,adult
9178,hotnakedwomen.com,adult
9179,fic.gov.za,good
9180,goepe.com,good
9181,reanimal.jp,good
9182,escortiz.com,adult
9183,edziecko.pl,good
9184,massbids.us,illegal
9185,deeppenetration.lol,adult
9186,freeindianporn.xyz,adult
9187,solarbe.com,good
9188,digiday.jp,good
9189,pornofisch.com,adult
9190,vogue.co.kr,good
9191,webcamera.io,good
9192,gutdolls.com,adult
9193,kajabi-cdn.com,good
9194,mediateka.pl,good
9195,silvercartoon.com,adult
9196,seemyporn.com,adult
9197,incestvideo.net,illegal
9198,pckcdn.net,good
9199,kostenlos.best,adult
9200,yourpornpartner.com,adult
9201,nudeballetdancers.com,adult
9202,exoticmali.com,adult
9203,nscash.com,good
9204,instaread.co,good
9205,boltdns.net,good
9206,sportowy24.pl,good
9207,computer.com,good
9208,bananocams.com,adult
9209,toplist18.com,adult
9210,mklr.pl,good
9211,porno.vin,adult
9212,bigassporn.love,adult
9213,imagez.io,good
9214,pornoleon.com,adult
9215,googlepages.com,good
9216,zexvids.com,adult
9217,gayvideochatroom.com,adult
9218,webcamgirls.name,adult
9219,seksestri.com,adult
9220,bongacams5.com,adult
9221,mrman.com,adult
9222,linkr.bio,good
9223,adtechus.com,good
9224,jazzhr.com,good
9225,pornovideoxxx69.com,adult
9226,allwyn.co.uk,good
9227,blogspot.ie,good
9228,objectic.io,good
9229,bjq6gw.cc,good
9230,newscafe.ne.jp,good
9231,adultpfree.com,adult
9232,teluguporn.cc,adult
9233,koreancupid.com,good
9234,mno7.top,good
9235,nipoto.com,good
9236,frtyi.com,good
9237,cdnbetcity.com,illegal
9238,bigbootytube.xxx,adult
9239,sharesome.com,good
9240,metrika-informer.com,good
9241,bnkmsr.com,good
9242,echodnia.eu,good
9243,arizonabooty.com,good
9244,dirtcheapanal.com,adult
9245,pornteengirl.com,adult
9246,FindomCenter.com,adult
9247,vogue.ph,good
9248,pornozot.com,adult
9249,theartporn.com,adult
9250,adultgamesworld.com,adult
9251,chinese-porno.com,adult
9252,arizonabondage.com,adult
9253,avanti24.pl,good
9254,phimxxx.casa,adult
9255,livechat.com,good
9256,appdynamics.com,good
9257,bimeh.com,good
9258,fetishpapa.com,adult
9259,dpgmedia.be,good
9260,chinapp.com,good
9261,1plus1.video,good
9262,collegefuckparties.com,adult
9263,teimg.com,good
9264,urzadzamy.pl,good
9265,media.gov.gr,good
9266,szexvideokingyen.xyz,adult
9267,vrbonk.com,adult
9268,thecontentbible.com,good
9269,tokyobang.com,adult
9270,ai-porn.kim,adult
9271,fpcdn.io,good
9272,alaskabooty.com,good
9273,loveptv.com,adult
9274,avanquestgroup.com,good
9275,longhairtube.com,adult
9276,parenting.pl,good
9277,eros.com,good
9278,dictionarymedia.com,good
9279,vogue.co.th,good
9280,livecamgirls.name,adult
9281,premiumpass.com,good
9282,kostenlospornos.com,adult
9283,tiedvirgins.com,adult
9284,squirt4real.com,adult
9285,videoamatorialigratuiti.com,adult
9286,cdntvn.pl,good
9287,7eer.net,good
9288,indomodeling.com,good
9289,freejapanesetube.com,adult
9290,marsflag.com,good
9291,bynder.com,good
9292,arkansasshemales.com,adult
9293,videosexeamateur.com,adult
9294,suumocounter.jp,good
9295,mygaysites.com,adult
9296,erotic-live-webcams.com,adult
9297,finesexfilms.com,adult
9298,stepfatherxxx.com,adult
9299,osuosl.org,good
9300,romevaticancard.com,good
9301,tdremont.ru,good
9302,bustyandcurvy.com,adult
9303,emta.ee,good
9304,hustlermagazine.com,adult
9305,maturepornqueens.net,adult
9306,sunfm.lk,good
9307,africanporn.tv,adult
9308,tipico.fr,illegal
9309,antiyoutuber.cz,good
9310,gujarati.cyou,adult
9311,analporn.me,adult
9312,irnote.jp,good
9313,upyun.com,good
9314,area51.to,adult
9315,architonic.com,good
9316,bettingsite.com.au,illegal
9317,megaupload.com,illegal
9318,charitynavigator.org,good
9319,gratispornofilmen.com,adult
9320,erocast.me,adult
9321,archive.ph,good
9322,teen-video.net,adult
9323,wupload.com,good
9324,qustodio.com,good
9325,recurrent.io,good
9326,aiporn.city,adult
9327,sexy6tube.com,adult
9328,diariomedico.com,good
9329,amateurporntips.com,adult
9330,res-x.com,good
9331,rimjob-girls.com,adult
9332,nudecontortionsex.com,adult
9333,analpornvideos.xxx,adult
9334,reelgalleries.com,good
9335,fuckdolltube.com,adult
9336,lovercash.com,adult
9337,cyclestyle.net,good
9338,famousinternetgirls.com,adult
9339,gooschool.jp,good
9340,newpornhome.com,adult
9341,nicheporno.com,adult
9342,thaitubex.com,adult
9343,hot-xnxx-tube.com,adult
9344,edreams.pe,good
9345,cachefly.net,good
9346,photophoto.cn,good
9347,noodledude.io,good
9348,freegrannyxxx.com,adult
9349,autoscout24.net,good
9350,asian-sirens.net,adult
9351,erotic.today,adult
9352,coozeporn.com,adult
9353,roomie.jp,good
9354,vintagetube.pro,adult
9355,ionos.ly,good
9356,freeasiananal.com,adult
9357,cuckoldporn.fun,adult
9358,pornoteque.it,adult
9359,flixbus.at,good
9360,pornosexiteen.com,adult
9361,allanal.com,adult
9362,edreams.ch,good
9363,thematureporn.net,adult
9364,leoclassified.com,good
9365,freeporno.xxx,adult
9366,livesexcams.cafe,adult
9367,cadremploi.fr,good
9368,indianporno.org,adult
9369,xxfind24.com,adult
9370,usaphonesex.com,adult
9371,witchhut.com,good
9372,trans500.com,adult
9373,monday.com,good
9374,arkansasmistress.com,adult
9375,youtube-porno.net,adult
9376,tneca.com,good
9377,evvnt.com,good
9378,myindianp.com,adult
9379,sexfilme.work,adult
9380,15gifts.com,good
9381,gol20.com,good
9382,gaypornwebsite.com,adult
9383,chickpt.com.tw,good
9384,mybookie.com,illegal
9385,sensic.net,good
9386,sextb.net,adult
9387,hs-analytics.net,good
9388,regiodom.pl,good
9389,employinc.com,good
9390,javstore.net,adult
9391,wondershare.co.id,good
9392,onehack.us,illegal
9393,sexverzeichnis.net,adult
9394,evokeplc.com,good
9395,bonprix.se,good
9396,tamilporn.tv,adult
9397,vedetexxx.com,adult
9398,nuasian.com,adult
9399,canalaonline.com,good
9400,epochtimes.ru,good
9401,latinshemale.com,adult
9402,pornmovies.name,adult
9403,picthumbs.com,adult
9404,yourdirtymind.com,adult
9405,hintaopas.fi,good
9406,massagecum.com,adult
9407,saikyo-jump.com,good
9408,vid123.net,adult
9409,dollforum.com,adult
9410,summertimesaga.com,adult
9411,tekilan.com,adult
9412,russian-tgirls.com,adult
9413,gnolia.com,good
9414,topblogs.com.ph,good
9415,phimxxx.monster,adult
9416,titsorama.com,adult
9417,amaterski.sbs,adult
9418,pornmsc.com,adult
9419,oxtube.tv,adult
9420,365.com.mk,good
9421,out.com,good
9422,monixplay.com,good
9423,norge-casino.com,illegal
9424,hornyporn.online,adult
9425,awekmelayusex.com,adult
9426,winterreise.com,good
9427,eand.com,good
9428,gratispornofilmen.org,adult
9429,myherro.com,good
9430,phimsexcotrang.casa,adult
9431,xxxblackbook.com,adult
9432,viparea.com,good
9433,bgbet.co.uk,illegal
9434,homepage.ninja,good
9435,laopinion.com,good
9436,blowjobdiscounts.com,adult
9437,2serdtsa.ru,good
9438,akinoncdn.com,good
9439,wolf-327b.com,good
9440,xotic.ai,good
9441,hocalwire.com,good
9442,tdtparatodos.tv,good
9443,lesershop24.de,good
9444,slotcatalog.com,illegal
9445,bisnode.si,good
9446,pizdefutute.top,illegal
9447,woopic.com,good
9448,37.com,good
9449,hn.cz,good
9450,fucknmedia.com,adult
9451,brattyteenphonesex.com,illegal
9452,ispyhentai.com,adult
9453,glamour.es,good
9454,betandplay.partners,illegal
9455,akado-telecom.ru,good
9456,publiesp.es,good
9457,qualitygames.media,good
9458,007swz.com,good
9459,immovlan.be,good
9460,irpocket.com,good
9461,sexy-models.net,adult
9462,bikinipageone.com,good
9463,shemalesexq.com,adult
9464,stickyadstv.com,good
9465,gayroom.com,adult
9466,videosespanolas.top,adult
9467,audible.com.au,good
9468,profootballhof.com,good
9469,cysoku.com,good
9470,nudebeachpussy.com,adult
9471,yoyocasino.se,illegal
9472,georglenta.ru,good
9473,gankana.com,good
9474,mzansi-porn.co.za,adult
9475,bulstraffic.com,good
9476,gry-hazardowe-zadarmo.com,illegal
9477,mapmyindia.com,good
9478,affiliatelab.io,good
9479,hindi-porno-movies.com,adult
9480,realityvintage.com,adult
9481,paylab.com,good
9482,kavkazki.cc,adult
9483,tda.link,good
9484,londontransgirls.com,adult
9485,playtimecasino.ca,illegal
9486,metrohd.com,adult
9487,wetvr.com,adult
9488,cmgadx.com,good
9489,casinohrv.com,illegal
9490,viacomcbs.legal,good
9491,boobdump.com,adult
9492,qichemen.com,good
9493,pedsovet.su,good
9494,lesbiansistas.com,adult
9495,only-th.com,illegal
9496,mein-mmo.de,good
9497,megaphone.fm,good
9498,gamelounge.com,illegal
9499,mozillafoundation.org,good
9500,top-blogs.com,good
9501,xpics.me,adult
9502,thesexclip.com,adult
9503,pickupfuck.com,adult
9504,brightermonday.co.ke,good
9505,rockettube.com,adult
9506,straplez.com,good
9507,kaspersky.co.kr,good
9508,pinktacostand.com,good
9509,ldmnq.com,good
9510,asiaxxxhot.com,adult
9511,nudegayvideos.com,adult
9512,transistor.fm,good
9513,reffpa.com,good
9514,nushemale.com,adult
9515,meendo.com,adult
9516,s12.com.br,good
9517,srviral.com,good
9518,yourjob.de,good
9519,aniworld.to,adult
9520,tube8.photography,adult
9521,hd315.gov.cn,good
9522,21myip.monster,adult
9523,3dsexgalleries.com,adult
9524,glassdoor.ie,good
9525,nulondon.ac.uk,good
9526,islay.tech,good
9527,mujeresdesnudasenlaplaya.com,adult
9528,kisantak.in,good
9529,idman.biz,good
9530,cpamatica.com,good
9531,12kuala.com,good
9532,casinosonline.com,illegal
9533,ing.com,good
9534,lngtd.com,good
9535,layered-nylons.com,adult
9536,nexx360.io,good
9537,amcnetworks.com,good
9538,eroticchubby.com,adult
9539,vintageeroticatube.com,adult
9540,classicvixens.com,adult
9541,cwlearning.com.tw,good
9542,chat24seven.com,adult
9543,collegefashionista.com,good
9544,cwacanada.ca,good
9545,chubbyasianporn.com,adult
9546,tgpamateur.com,adult
9547,permissionslipcr.com,good
9548,phathoes.net,good
9549,n1betpartners.com,illegal
9550,hdcosplaysex.com,adult
9551,ydstatic.com,good
9552,freyalist.com,adult
9553,myporn.club,adult
9554,lowbudgetsex.com,adult
9555,thesportsgoat.com,good
9556,celebrityslips.com,adult
9557,ibt.media,good
9558,vids.io,good
9559,miiwiki.org,good
9560,desi-porn.org,adult
9561,asiansexqueens.com,adult
9562,adjust.io,good
9563,thefreeadultdirectory.com,adult
9564,cams.vegas,adult
9565,lynmonkel.com,good
9566,hotpornblogs.com,adult
9567,videosreifefrauen.com,adult
9568,excelaffiliates.com,good
9569,motka.ru,good
9570,abbonatiqui.it,good
9571,jable.tv,good
9572,linkedIn.com,good
9573,some.porn,adult
9574,newspack.com,good
9575,vmimg.jp,good
9576,videoamateur.top,adult
9577,thaixxporn.com,adult
9578,jennymovies.com,adult
9579,jpwz1.xyz,good
9580,take2games.com,good
9581,reamporn.com,adult
9582,sexfeedlist.com,adult
9583,tube8.marketing,adult
9584,grannyslut.info,adult
9585,allsitesaccess.com,good
9586,huanghuagang.org,good
9587,harpersbazaar.in,good
9588,allpnow.com,adult
9589,classicsexblogs.com,adult
9590,botfap.com,adult
9591,futures.org,good
9592,canlitv.me,good
9593,abandonedspaces.com,good
9594,sankeishop.jp,good
9595,adu.org.za,good
9596,gayboyswebcam.com,adult
9597,skygroup.sky,good
9598,mypornwebsites.com,adult
9599,greathomemadesex.com,adult
9600,vip-grinders.com,illegal
9601,topindianxxxvideo.com,adult
9602,dailyiporn.com,adult
9603,wildassmovies.com,adult
9604,polskiesloty.com,illegal
9605,r0.ru,good
9606,144dh.com,adult
9607,cnhan.com,good
9608,evilangellive.com,good
9609,gaotie.cn,good
9610,bestofxnxx.com,adult
9611,sexting18.com,adult
9612,315che.com,good
9613,hdrxxx.com,adult
9614,tugboatinstitute.com,good
9615,jackpotcitycasino.com,illegal
9616,camgirls-portal.com,adult
9617,island.lk,good
9618,jansamarth.in,good
9619,eros-guide.ru,good
9620,sabr.org,good
9621,casinos-online.es,illegal
9622,teenbabetube.com,adult
9623,aggeliessex.gr,adult
9624,freeadultpornblogs.com,adult
9625,milf-xxx-tube.com,adult
9626,hardfucktales.com,adult
9627,sureporn.com,adult
9628,brothersistersex.me,adult
9629,man-gay.net,good
9630,satakunnankansa.fi,good
9631,porn-star-videos.com,adult
9632,foxaivs.info,good
9633,shorelinescasinos.com,illegal
9634,megawin.mk,illegal
9635,henneomagazines.com,good
9636,easygirls.org,adult
9637,3sexmovies.net,adult
9638,momsbangteens.com,adult
9639,gaypornmake.com,adult
9640,sinfulmaturesex.com,adult
9641,retroporno.pro,adult
9642,open-et.org,good
9643,tgirls.porn,adult
9644,pccw.com,good
9645,wildsecrets.com.au,good
9646,historicbondage.com,adult
9647,cfi.fr,good
9648,flippingbook.com,good
9649,desi-sex-xxx.com,adult
9650,allenai.org,good
9651,erotikfilme.top,adult
9652,amadorasquentes.com,adult
9653,gamblezens.com,illegal
9654,exterro.net,good
9655,inbound.com,good
9656,profesia.cz,good
9657,cnjxol.com,good
9658,glassdoor.es,good
9659,hqcollect.net,good
9660,cuntgallery.com,adult
9661,tgirljapanhardcore.com,adult
9662,picasso12.com,good
9663,chinaott.com,good
9664,51wyt.com,adult
9665,babyboomerspuertorico.com,good
9666,transerotica.com,good
9667,madurasvideos.cyou,adult
9668,policystat.com,good
9669,g.pl,good
9670,rescreatu.com,good
9671,grannytubevideo.com,adult
9672,eroticax.com,good
9673,paidpornguide.com,adult
9674,yelp.com.au,good
9675,kostenloseponofilme.de,adult
9676,axxab.com,good
9677,arabsexwebtube.net,adult
9678,campaigner.com,good
9679,babe8.net,adult
9680,18jms.vip,good
9681,jisc.ac.uk,good
9682,minimumdepositbettingsites.com,illegal
9683,largecdn.com,good
9684,optinmonster.com,good
9685,leadconnectorhq.com,good
9686,24smi.net,good
9687,naverfincorp.com,good
9688,freelancer.no,good
9689,xxxmoviesfuck.club,adult
9690,mossport.ru,good
9691,gra.gi,good
9692,sinara-group.com,good
9693,animezilla.com,adult
9694,steamysexblogs.com,good
9695,inwestoronline.pl,good
9696,plto.com,good
9697,de02trckingmic.com,good
9698,j.mp,good
9699,rotatepdf.net,good
9700,vnecdn.net,good
9701,purewebpower.com,good
9702,top-asian-girls.com,adult
9703,ideracorp.com,good
9704,2265.com,good
9705,hdindianporn.net,adult
9706,bigdicksgallore.com,adult
9707,nieonline.com,good
9708,cherrypiesexdoll.com,adult
9709,ahanat.com,good
9710,commchest.org.my,good
9711,qhottestporn.com,adult
9712,vidgyor.com,good
9713,cheerleadershardcore.com,adult
9714,pandamovies.us,good
9715,jogadoresanonimos.com.br,good
9716,freeemail.biz,good
9717,lesbify.com,adult
9718,glamourstarslive.com,adult
9719,decart.bg,illegal
9720,fb.gg,good
9721,bodensee-models.net,adult
9722,anacams.com,adult
9723,queerclick.com,adult
9724,oungx.com,good
9725,famous-comics.com,good
9726,hprofits.com,good
9727,forceporn.org,adult
9728,xxxsexvideos.pro,adult
9729,memondo.com,good
9730,vecer.mk,good
9731,vrutal.com,good
9732,eharmony.co.uk,good
9733,totalmoney.pl,good
9734,nationalarchives.gov.uk,good
9735,twnmm.com,good
9736,aglobally.com,good
9737,maformation.fr,good
9738,hot-gayporn.com,adult
9739,refinery89.com,good
9740,aidegelin.cn,good
9741,bigporn365.com,adult
9742,citizen.digital,good
9743,sexy-amateure.net,adult
9744,vwonehub.io,good
9745,football360.ir,good
9746,bedstespiludenomrofus.com,illegal
9747,foxdeportes.com,good
9748,supjav.com,good
9749,myrimmingporn.com,adult
9750,hf365.com,good
9751,s3img.cloud,good
9752,dumpxxl.net,good
9753,masturbate2gether.vip,adult
9754,donnebellenude.com,adult
9755,18hdh.com,adult
9756,foxweather.com,good
9757,netent.com,good
9758,livenationentertainment.com,good
9759,sexgames3d.eu,adult
9760,danskesex.com,adult
9761,69douyin.com,adult
9762,ratemycuckoldwife.com,adult
9763,u001.top,adult
9764,lovewiki.faith,good
9765,freeuporn.com,adult
9766,hosterion.ro,good
9767,pornovelhas.com,adult
9768,bragg.group,good
9769,booming-games.com,good
9770,teamtailor.com,good
9771,olyboost.eu,good
9772,justforthewin.com,good
9773,finalaffiliates.com,good
9774,bestmallunude.com,adult
9775,80gays.com,adult
9776,alicesw.com,adult
9777,corruptbabes.com,adult
9778,amateur-photos.com,adult
9779,pornpornmovies.com,adult
9780,dongchedi.com,good
9781,dwkm.xyz,good
9782,tmconst.com,good
9783,emailprofi.cz,good
9784,mypussyblog.com,adult
9785,sloppydeep.com,adult
9786,jumia.com.dz,good
9787,max.porn,adult
9788,numericalcio.it,good
9789,teeniesgoporn.com,adult
9790,txtx.live,good
9791,sexoamateurvideos.com,adult
9792,arkansasbids.us,good
9793,sxygrl.com,adult
9794,bayvoice.net,good
9795,mm4k.live,good
9796,sexypornpictures.org,adult
9797,chinairn.com,good
9798,12seoul.com,good
9799,siliconflorist.com,good
9800,anasianaffair.com,good
9801,porn300.casa,adult
9802,creator-spring.com,good
9803,playamopartners.com,illegal
9804,pornspree.com,adult
9805,softswiss.net,illegal
9806,daguav.com,adult
9807,gq.com.mx,good
9808,affision.com,good
9809,plfexa.com,good
9810,angelsinstockings.co.uk,good
9811,kaspersky.ro,good
9812,chudaivideo.net,adult
9813,vbestporn.com,adult
9814,waca.at,good
9815,eroticlex.com,adult
9816,adligature.com,good
9817,drivergenius.com,good
9818,boerse.im,good
9819,tittyfuck.name,adult
9820,xxxmofodump.com,adult
9821,amateurseite.com,adult
9822,pixiv.co.jp,good
9823,contatoseguro.com.br,good
9824,alxbgo.com,good
9825,cheapestvpn.net,good
9826,vertexjo.com,good
9827,blmm8.cc,good
9828,gamebleaware.org,good
9829,blogspot.com.vn,good
9830,hoopsrumors.com,good
9831,xxxcom.blog,adult
9832,jads.co,good
9833,nongjx.com,good
9834,videosecrets.com,good
9835,wetv.vip,good
9836,fikante.com,adult
9837,fy-qcbl.com,good
9838,eros69.es,adult
9839,asiansbondage.com,adult
9840,beeghub.nl,adult
9841,x-artvideo.net,adult
9842,juegos.com.ar,good
9843,bustyangelique.com,adult
9844,tnexta.com,good
9845,asiannudesex.com,adult
9846,fcksex.com,adult
9847,fondidigaranzia.it,good
9848,nudegymnastics.org,adult
9849,1000cocks.com,adult
9850,ottokasino.com,illegal
9851,myporntape.com,adult
9852,porntaz.com,adult
9853,watchdesisex.com,adult
9854,adsttc.com,good
9855,yumlum.com,good
9856,indianbad.com,adult
9857,bullang.com,good
9858,onstove.com,good
9859,dreamgirlcentral.com,good
9860,idbicreditcards.co.in,good
9861,bestcasinos.com,illegal
9862,funradio.fr,good
9863,galicia.ar,good
9864,nashstore.ru,good
9865,sex2048.com,adult
9866,loverfans.com,good
9867,escortexplore.com,adult
9868,all-nude-celebrities.net,adult
9869,zalando.ie,good
9870,likelust.com,good
9871,pcbenchmarks.net,good
9872,newclassictube.com,adult
9873,retrosex.pro,adult
9874,hrajmezodpovedne.cz,illegal
9875,upskirt.tv,adult
9876,geilefrauen.net,adult
9877,broxxx.com,adult
9878,roughtube.net,adult
9879,echthuren.de,adult
9880,velobetpartners.com,illegal
9881,sexjobs.it,adult
9882,glassdoor.co.nz,good
9883,cams4x.com,adult
9884,wankgames.com,adult
9885,fattyd.com,good
9886,podcastforum.org,good
9887,cartrawler.com,good
9888,sexchangegirl.com,adult
9889,thegrowthop.com,good
9890,tagcommander.com,good
9891,qhmsg.com,good
9892,getspecialissues.com,good
9893,cascadescasino.ca,illegal
9894,autokult.pl,good
9895,rebootcash.com,adult
9896,seemomsuck.com,adult
9897,quotemedia.com,good
9898,spontanficken.net,adult
9899,linkdumper.com,good
9900,177pic.info,adult
9901,freespinsnodepositoffers.co.uk,illegal
9902,myphonesunlimited.com,good
9903,sex-freecam.com,adult
9904,thisgirlsucks.com,adult
9905,spelberoendegruppen.com,good
9906,dirtytwelve.com,good
9907,yupao.com,good
9908,toysaiporn.com,adult
9909,glassdoor.sg,good
9910,vso.org.uk,good
9911,glam0ur.net,adult
9912,boobsie.net,adult
9913,femdomcamsites.com,adult
9914,pornomatorke.org,adult
9915,tamilpornfilms.com,adult
9916,mmsetv.com,adult
9917,139y.com,good
9918,wicked-directory.com,good
9919,memtest86.com,good
9920,fivestarpornsites.com,adult
9921,kaspersky.se,good
9922,fmm.io,good
9923,nkl.de,illegal
9924,gaywebcamboys.com,adult
9925,bettingsites.ie,illegal
9926,privatevoyeurweb.net,adult
9927,mobilevrxxx.com,adult
9928,full4kwallpaper.com,good
9929,ggbetbestoffer.com,illegal
9930,cheatingpornvideo.com,adult
9931,newmoney.gr,good
9932,zgjsks.com,good
9933,canada.com,good
9934,vidgina.com,good
9935,live121sex.co.uk,adult
9936,jsda.or.jp,good
9937,justclassicporn.com,adult
9938,amazon.com.tr,good
9939,kazakcnr.com,good
9940,dreamsports.group,illegal
9941,mondetube.com,adult
9942,downapp.com,good
9943,scoreland2.com,adult
9944,tubepleasure.top,adult
9945,thenude.eu,adult
9946,refpakrtsb.top,good
9947,perfectmarket.com,good
9948,hentaiknight.com,adult
9949,unlimitedmilfs.com,adult
9950,3dfetishgames.eu,adult
9951,xingkongrukou.com,adult
9952,placehold.it,good
9953,chelseablues.ru,illegal
9954,pissingshitting.com,adult
9955,adoptium.net,good
9956,casinoodl.com,illegal
9957,mbed.com,good
9958,qualityindianporn.com,adult
9959,allzoomovies.shop,good
9960,newscyclecloud.com,good
9961,spins4win.com,illegal
9962,desivdo.com,good
9963,adskeeper.com,good
9964,zohowebstatic.com,good
9965,bausch.com.tw,good
9966,sensualgirls.org,adult
9967,porn2.com,adult
9968,sex01.top,adult
9969,erotic-free-sex-story.com,adult
9970,trafficflowpartners.com,good
9971,yelp.com.mx,good
9972,flirtyones.com,adult
9973,gq.com.tr,good
9974,analacrobats.com,adult
9975,narrativ.com,good
9976,theoplayer.com,good
9977,interpretacje.pl,good
9978,xpicture.ai,good
9979,babesleaked.com,adult
9980,alloldpics.com,adult
9981,underwatershow.com,adult
9982,livedolle.com,adult
9983,hentaiverse.org,adult
9984,bdsm.one,adult
9985,mynewsdesk.com,good
9986,seovungtau.com,good
9987,pussytube.net,adult
9988,neweggimages.com,good
9989,kstyle.com,good
9990,maturefuckhard.com,adult
9991,meteoconsult.fr,good
9992,stepmotherxxx.com,adult
9993,sexvideo.wtf,adult
9994,myslutwifegoesblack.com,adult
9995,bitmasteronlinesignon.com,good
9996,dating-service.info,adult
9997,usbancorpassetmanagement.com,good
9998,pornoklinge.com,adult
9999,pornohrvatske.com,adult
10000,doctoralia.com.br,good
10001,porn00.com,adult
10002,edmontonjournal.com,good
10003,zmk.pw,good
10004,huang360.com,adult
10005,daogoudh.com,good
10006,51pptmoban.com,good
10007,sales-cs.com,good
10008,3pornvids.net,adult
10009,lnradio.be,good
10010,loveindiansex.com,adult
10011,sambagangbang.com,adult
10012,ficken18.org,adult
10013,lickblog.com,good
10014,verticalscope.com,good
10015,justfuckmyarse.com,adult
10016,nookipedia.com,good
10017,ncell.com.np,good
10018,1337x.tw,illegal
10019,gqthailand.com,good
10020,vrpornparody.com,adult
10021,baisebang.com,adult
10022,freesex.pro,adult
10023,ultimedia.com,good
10024,sexis.cc,adult
10025,eatwetpussy.com,adult
10026,smartbettingguide.com,illegal
10027,xxnx.com.pl,adult
10028,segouall.com,adult
10029,tubeace.com,adult
10030,supertrip.com,good
10031,kadokawagamelinkage.jp,good
10032,camsex-news.com,adult
10033,hot-xnxx-porn.com,adult
10034,care2services.com,good
10035,fsnake.com,good
10036,packagist.com,good
10037,flixster.com,good
10038,bordelero.net,adult
10039,18lulu.com,adult
10040,viber.co.jp,good
10041,hentaila.tv,adult
10042,zdnet.de,good
10043,luvporn.com,adult
10044,doctoralia.com.pt,good
10045,sexvidio.pro,adult
10046,studentsexparties.com,adult
10047,bonusehdot.com,illegal
10048,betano.pt,illegal
10049,fattiesonfilm.com,good
10050,drive.com.au,good
10051,xxxrxrr.com,adult
10052,egyptporn.cc,adult
10053,exxxoticaexpo.com,adult
10054,misterjackpot.it,illegal
10055,ice.id,good
10056,xxx3dcomix.com,adult
10057,blue.xxx,adult
10058,claro.com.gt,good
10059,kaspersky.fr,good
10060,exotickenya.com,good
10061,gapinc.com,good
10062,realvr.com,adult
10063,9sdh.com,adult
10064,spino-loco1.com,good
10065,relevantporn.com,adult
10066,javdoe.to,adult
10067,fbox.cc,good
10068,desperateamateurs.com,adult
10069,friscowebsites.com,good
10070,kaspersky.es,good
10071,golepicke.com,good
10072,phone4kwallpaper.com,good
10073,collcard.com,good
10074,opodo.se,good
10075,arabsextubes.net,adult
10076,faap.br,good
10077,8kmilfs.com,adult
10078,coltstudiogroup.com,adult
10079,account-dorcel.com,adult
10080,freshsexonly.com,adult
10081,027art.com,good
10082,gettyimages.hk,good
10083,erotik.com,adult
10084,cinebel.be,good
10085,legislation.gov.uk,good
10086,tankroar.com,good
10087,volkswagen.com,good
10088,bbwblowjobtube.com,adult
10089,bukkakephotos.com,adult
10090,hairyav.com,adult
10091,opodo.ch,good
10092,tube8.services,adult
10093,japanesefarting.com,adult
10094,homeporn.tube,adult
10095,dplay.casino,illegal
10096,fuckcutsuckpussy.com,adult
10097,blacktgirlshardcore.com,adult
10098,yummygirlstore.com,adult
10099,storylane.io,good
10100,zamimg.com,good
10101,waybackmachinedownloads.com,good
10102,gizbo-way-six.com,good
10103,adis.ws,good
10104,free-3d-porn.com,adult
10105,te5.cn,good
10106,filthtube.com,adult
10107,pressefmm.com,good
10108,secretgfs.co.uk,adult
10109,vidbase.com,good
10110,mutecity.org,good
10111,top-10-hookup-sites.com,adult
10112,rkdms.com,good
10113,zadapps.info,good
10114,cyberssex.com,adult
10115,magyar.casino,illegal
10116,gamblingcontrol.org,good
10117,send.now,good
10118,leelam.af,good
10119,arabsex.name,adult
10120,virtualrealamateurporn.com,adult
10121,themirror.com,good
10122,getxtube.com,adult
10123,amateure-sexfilme.net,adult
10124,boobsrealm.com,adult
10125,arcadem.com,good
10126,bitrix24.pl,good
10127,2018.cn,good
10128,sexmoviespie.com,adult
10129,videosxporno.com,adult
10130,faktopedia.pl,good
10131,opodo.com.au,good
10132,idn.app,good
10133,dbtdh.com,good
10134,youasianporn.com,adult
10135,cougarseason.com,adult
10136,lycorp.co.jp,good
10137,hardclassicfuck.com,adult
10138,zhijinwang.com,good
10139,myqcloud.com,good
10140,gluecksspiel-whitelist.de,good
10141,puthinappalakai.com,good
10142,bigtimegaming.com,illegal
10143,indianpornsexvideo.com,adult
10144,shemedia.com,good
10145,pornwatchers.com,adult
10146,nortonlifelock.com,good
10147,pervertman.com,adult
10148,bbvaresearch.com,good
10149,longshemaleporn.com,adult
10150,falundafa.org,good
10151,trangphimxxx.click,adult
10152,madurosexo.com,adult
10153,pix-cdn.org,good
10154,mundoamerica.com,good
10155,jeuxjeux.fr,good
10156,ibcbakthi.com,good
10157,bondagelodge.com,adult
10158,nudespree.com,adult
10159,se.com,good
10160,privatepornovideos.net,adult
10161,hornybitches.org,adult
10162,antclash.xyz,good
10163,uidapi.com,good
10164,marketpanorama.com,good
10165,niwerat.com,adult
10166,oldporn.net,adult
10167,sexoepornografia.net,adult
10168,herdiansyah.net,good
10169,sexfilmvrouw.com,adult
10170,dumpzilla.com,good
10171,cybercrime.gov.in,good
10172,mzitu.com,adult
10173,byted-static.com,good
10174,indiansex.lol,adult
10175,hdbbwporn.com,adult
10176,lucahxxx.com,adult
10177,partnersredirect.com,good
10178,visitthecapitol.gov,good
10179,asliceofrice.org,good
10180,pornobriz.com,adult
10181,betwill.io,illegal
10182,gotcelebrities.com,good
10183,koreasexy.com,adult
10184,heyoutdoor.com,adult
10185,cmtrkg.com,good
10186,businesscatalyst.com,good
10187,uycnr.com,good
10188,wpadmngr.com,good
10189,postmedia.store,good
10190,softwareadvice.com,good
10191,yanderesimulator.com,good
10192,bigboobsandhotsex.com,adult
10193,sankeil.ink,good
10194,preferred411.com,good
10195,porndeepfake.net,adult
10196,cnxz.com.cn,good
10197,yelp.co.jp,good
10198,homehotporno.com,adult
10199,mesterahan.com,good
10200,lit.link,good
10201,hotbox.com,adult
10202,olybetevents.com,illegal
10203,ifwe.co,good
10204,bitrix24.es,good
10205,firstsexfilm.com,adult
10206,kinxxx.com,adult
10207,jsml1.xyz,good
10208,bcra.gov.ar,good
10209,166dh.com,adult
10210,cudacudirabhidio.com,adult
10211,rapepornvideos.pro,illegal
10212,shenyun.com,good
10213,xiancn.com,good
10214,yelp.cl,good
10215,xtubes.cyou,adult
10216,spurl.net,illegal
10217,perlanmuseum.is,illegal
10218,jijidh.com,adult
10219,turlar.az,good
10220,twinspires.com,illegal
10221,yourxvideo.net,adult
10222,free6cams.com,adult
10223,airly.eu,good
10224,asiangirlfriendclub.com,adult
10225,therealworkout.com,good
10226,zivotvcesku.cz,good
10227,analsex.tube,adult
10228,gardenersworld.com,good
10229,xnxx2.cyou,adult
10230,crimetak.in,good
10231,footballzaa.com,illegal
10232,llajtamasinews.com,good
10233,naverlabs.com,good
10234,affirm.com,good
10235,rat.xxx,adult
10236,xvideospornos.de,adult
10237,pasateatorrent.org,illegal
10238,d-escort.com,adult
10239,fliporno.net,adult
10240,univervideo.com,good
10241,apru.org,good
10242,claro.cr,good
10243,xtits.com,adult
10244,dongwha.com,good
10245,shenmirukou.com,adult
10246,sportal365.com,good
10247,luckycircus.partners,illegal
10248,zdrowiego.pl,good
10249,jsexnetwork.com,adult
10250,ingyenporno.org,adult
10251,fuckxxx.me,adult
10252,58cdn.com.cn,good
10253,n1info.si,good
10254,aicpa.org,good
10255,amateurcommunity.de,adult
10256,upsto.re,good
10257,babeshowsonline.com,adult
10258,travelo.hu,good
10259,zolotorusskikh.ru,good
10260,loadshift.com.au,good
10261,apostas-pt.com,illegal
10262,haotougao.com,good
10263,realsexlovedoll.com,adult
10264,nt.gov.au,good
10265,desicumtube.com,adult
10266,opodo.co.uk,good
10267,themezhut.com,good
10268,premiumbbwcontent.com,adult
10269,secret-sex-videos.com,adult
10270,prensa-latina.cu,good
10271,zarchin.shop,good
10272,tehransarang.com,good
10273,hdpornza.com,good
10274,livesexbar.com,adult
10275,lznews.cn,good
10276,megarotic.com,adult
10277,infomigrants.net,good
10278,fotosdemulheresnuas.org,adult
10279,comercio.com.pe,good
10280,pornhub1000.com,adult
10281,stepstone.at,good
10282,erotic-art.net,adult
10283,ontrklnk.com,good
10284,trustberrie.com,good
10285,hamdiabi.com,adult
10286,gettyimages.co.jp,good
10287,semantic-mediawiki.org,good
10288,domodi.pl,good
10289,rapidshare.de,illegal
10290,topaz.az,good
10291,funtoken.io,good
10292,azbuka-u.ru,good
10293,latinamilfdolly.com,good
10294,indianxxxmoviestube.net,adult
10295,adcetera.com,good
10296,mylesbianbabes.com,adult
10297,compunode.com,good
10298,porn00.tv,adult
10299,culospeludas.com,adult
10300,freelancer.co.nz,good
10301,pornotube69.nl,adult
10302,asstraffic.com,good
10303,dailyfunny.com,good
10304,iata.org,good
10305,fetish-games.com,good
10306,dcreators.com,good
10307,1boyz.com,adult
10308,ruan01.com,adult
10309,japanesespace.com,adult
10310,twanal.com,adult
10311,anchor.fm,good
10312,insuit.net,good
10313,bsdmporn.net,adult
10314,meccabingo.com,illegal
10315,iapps.ir,good
10316,peldaoldal.hu,illegal
10317,adswizz.com,good
10318,allescortservices.com,adult
10319,danskebank.com,good
10320,canyin88.com,good
10321,bohoaff.com,good
10322,supersmashcache.com,adult
10323,asianphd.com,good
10324,pub.xxx,adult
10325,alonaija.com,adult
10326,3holewhores4phone.com,adult
10327,freesexfilme.org,adult
10328,recaptcha.net,good
10329,yelp.ie,good
10330,text-chat.co.uk,adult
10331,juzcasino.com,illegal
10332,rootsweb.com,good
10333,doctoralia.co,good
10334,topindianhotsex.com,adult
10335,fatgirlsfucking.net,adult
10336,ahegao.online,adult
10337,sexjobs.pl,adult
10338,seothemesexpert.com,good
10339,tonstiparro.info,good
10340,sexyvideoshow.com,adult
10341,3dsex.pics,adult
10342,pornmaki.com,adult
10343,doctoraliar.com,good
10344,fantasyphq.com,adult
10345,desitelugusex.com,adult
10346,parapuan.co,good
10347,effilee.de,good
10348,parodyandcosplay.fun,adult
10349,6-xl.com,adult
10350,lia-19.net,good
10351,18jin33.cc,good
10352,imglnka.com,good
10353,de.vu,good
10354,umno.mk,good
10355,geizhals.eu,good
10356,mediapass.com,good
10357,filesflash.com,good
10358,pluralsightone.org,good
10359,kasynopolska.com,illegal
10360,whoav.com,adult
10361,rupornohd.net,adult
10362,cvshealth.com,good
10363,wellindianporn.com,adult
10364,sosa.org.tw,good
10365,sexpose.com,adult
10366,rudderstack.com,good
10367,pbase.com,good
10368,p3k.hu,good
10369,xxxadult.net,adult
10370,farazkavian.com,good
10371,deeplogic.media,good
10372,aparatmusic.com,good
10373,videosx.pro,good
10374,viggames.com,good
10375,virasty.com,good
10376,darkside.xxx,adult
10377,materialdesignicons.com,good
10378,autonavi.com,good
10379,Uw99.co,good
10380,foobies.com,good
10381,vegas.us,adult
10382,pornblogsurfer.com,adult
10383,tychebets.gr,illegal
10384,eroticfandom.com,adult
10385,grow.me,good
10386,carmarket.bg,good
10387,seductiveagency.com,good
10388,cao.ir,good
10389,teachermaturetube.com,adult
10390,hdjavs.com,adult
10391,rtmark.net,good
10392,yanjiusuo520.com,adult
10393,100panty.com,adult
10394,telechargervideox.com,good
10395,dream-porn.com,adult
10396,spampoison.com,good
10397,results.gov.in,good
10398,beianrufsex.ch,adult
10399,cockyboys.com,adult
10400,elitematecams.com,adult
10401,casinochick.com,illegal
10402,persgroep.net,good
10403,webcams.com,good
10404,warswiki.org,good
10405,vggcdn.net,good
10406,maturerape.com,adult
10407,movie87hd.com,good
10408,pornocomcoroas.com,adult
10409,n1info.hr,good
10410,aflamaljins.com,adult
10411,barysh.org,good
10412,freebloghitcounter.com,good
10413,santander.pl,good
10414,jorgemorel.net,good
10415,thethemefoundry.com,good
10416,iab.mk,good
10417,bs3.direct,good
10418,sdjubao.cn,good
10419,bestxxxvr.com,adult
10420,caoliu360.com,adult
10421,rrread.xyz,good
10422,theassfactory.com,adult
10423,gorgeoussexdoll.com,adult
10424,ilmilanista.it,good
10425,antutu.com,good
10426,xxxporr.net,adult
10427,terazgotuje.pl,good
10428,mclassbrasil.com.br,adult
10429,6550101.ru,good
10430,ui-avatars.com,good
10431,thefappeningnew.com,illegal
10432,aol.it,good
10433,CasinoRoom.com,illegal
10434,uusinnettikasinot.com,illegal
10435,guts.com,good
10436,trademark.io,good
10437,ffccdd.live,good
10438,bbwporn.me,adult
10439,bustyworld.com,adult
10440,rev2.win,illegal
10441,api-sports.io,good
10442,meizu.cn,good
10443,otthonstartexpo.hu,good
10444,gettyimages.it,good
10445,bbpress.org,good
10446,betify.partners,illegal
10447,bitchute.com,good
10448,xcdnpro.com,good
10449,j2global.com,good
10450,bydayyildiz.com.tr,good
10451,tube-sex-videos.com,adult
10452,davincidomains.com,good
10453,mandalaybay.com,good
10454,digifm.ro,good
10455,peachpass.com,good
10456,gitlab.io,good
10457,queensxxx.com,adult
10458,russkoeporn.ru,adult
10459,getmysocial.com,good
10460,crazydumper.com,good
10461,placehold.co,good
10462,abebookscdn.com,good
10463,pornopin.me,adult
10464,droneporn.cz,adult
10465,sinsational-phone-sex.com,adult
10466,storia.ro,good
10467,dirtymovietube.com,adult
10468,forbes.pl,good
10469,cwbook.com.tw,good
10470,acecr.ac.ir,good
10471,teenpornjizz.com,adult
10472,camtippers.com,adult
10473,pornaxx.com,adult
10474,sport-interfax.ru,good
10475,allmovie.com,good
10476,fuckxxxpussy.com,adult
10477,boyner.com.tr,good
10478,betmenaffiliates.com,illegal
10479,hornytoon.com,adult
10480,debenhamsgroup.com,good
10481,northindiansex.com,adult
10482,opensea.io,good
10483,employinc-roi.com,good
10484,tikporn.tube,adult
10485,ibtimes.net,good
10486,bitrix24.eu,good
10487,westbill.com,adult
10488,texasbids.us,good
10489,bigcockteenaddiction.com,adult
10490,vecer.press,good
10491,tubedudes.net,adult
10492,18mh.cc,adult
10493,cv.lv,good
10494,freelancer.mx,good
10495,novecasino.net,illegal
10496,hdxxxclips.com,adult
10497,tube18.xxx,adult
10498,darkx.com,good
10499,luolishe520.com,adult
10500,viralpass.com,good
10501,lookforporn.net,adult
10502,oreilly.co.jp,good
10503,shedevildolls.com,adult
10504,drsexfilme.com,adult
10505,viva.pl,good
10506,aviator-spribe.pro,good
10507,animalszooporn.com,adult
10508,szexivideok.com,adult
10509,fuckixxx.com,adult
10510,yzzip11.xyz,good
10511,bitkingzmedia.com,good
10512,brawl-hall.com,good
10513,mansurfer.com,adult
10514,tiny.cc,good
10515,gifsfor.com,adult
10516,freelancer.se,good
10517,iretropornmovies.com,adult
10518,skl.de,good
10519,rvdj.be,good
10520,djsxx.com,adult
10521,moesadult.com,adult
10522,sex4free.co.il,adult
10523,lasso.net,good
10524,lesbiantube.club,adult
10525,football365.fr,good
10526,urwebcam.com,adult
10527,humorenserie.com,good
10528,amateur-community.ch,good
10529,adultmovies4tgp.com,adult
10530,freelancer.ph,good
10531,etargetnet.com,good
10532,rooster-partners.com,good
10533,lanse360.com,adult
10534,hasilskor.com,good
10535,g-area.org,good
10536,analcamshow.com,adult
10537,profeco.gob.mx,good
10538,bluefoxaffiliates.com,good
10539,yingjiesheng.com,good
10540,karlsruhe.de,good
10541,tophentaicomics.com,adult
10542,zoofuckfree.shop,adult
10543,obituaries.com,good
10544,1seqingpian.com,good
10545,whitebitchs.com,good
10546,flirtygf.com,adult
10547,hussiebabe.com,good
10548,arabprn.com,adult
10549,18touch.com,good
10550,wcgrb.co.za,good
10551,yelp.se,good
10552,continents-insolites.com,good
10553,bookmailclub.com,good
10554,cuckoldplacetube.com,adult
10555,irfollower.com,good
10556,freshsroom.com,adult
10557,arabicsextube.net,adult
10558,toponlystars.com,adult
10559,xxmoms.com,adult
10560,xv8k.com,adult
10561,biznisvesti.mk,good
10562,trannylovertube.com,adult
10563,scar13.com,adult
10564,desisexonline.com,adult
10565,sergas.es,good
10566,dinokaslot.com,illegal
10567,astrotak.com,good
10568,videofilmx.org,adult
10569,awmcash.com,adult
10570,arukuto.jp,good
10571,casino-portugal.info,illegal
10572,nss-bg.org,good
10573,idbibank.in,good
10574,asiangrannyporn.com,adult
10575,ultra4kwallpaper.com,good
10576,hrtechprivacy.com,good
10577,hornystepfamilyvids.com,adult
10578,limetorrents.info,illegal
10579,radiomof.mk,good
10580,sparteo.com,good
10581,exoticbenin.com,adult
10582,omgt3.com,good
10583,zenimax.com,good
10584,chamber.lv,good
10585,onlysearch.co,adult
10586,pornhost.com,adult
10587,goxxxvids.com,adult
10588,horoskopy.cz,good
10589,videoshd.xxx,adult
10590,cultura.gal,good
10591,deepnudeaitool.com,adult
10592,altegeilefrauen.net,adult
10593,vip-massage-frankfurt.de,adult
10594,ronangelo.com,good
10595,nglish.com,good
10596,epicgfs.com,adult
10597,suvecina.com.es,good
10598,unvan.az,good
10599,betrinaering.is,illegal
10600,sweet18.com,good
10601,bitrix24.co,good
10602,livegaycams.info,adult
10603,ejobs.ro,good
10604,teenwhoreporn.com,adult
10605,televisair.com,good
10606,danantaraindonesia.co.id,good
10607,microgaming.co.uk,illegal
10608,boobcritic.com,adult
10609,zhisheji.com,good
10610,newskentei.jp,good
10611,live-hot-phonesex.com,adult
10612,tamdam.ru,good
10613,hungfuckers.com,adult
10614,hkex.com.hk,good
10615,zmxxx.xyz,adult
10616,girlstop.info,adult
10617,opodo.it,good
10618,fixthephoto.com,good
10619,jumia.sn,good
10620,qttube.com,good
10621,mplgames.com,good
10622,economie.gouv.fr,good
10623,xrateduniversity.com,adult
10624,tube-sex.net,adult
10625,notengotele.com,good
10626,pornohdgratis.net,adult
10627,jumia.is,good
10628,indianaiporn.com,adult
10629,ilovewwiiplanes.com,good
10630,aiko.ed.jp,good
10631,brazzers1.com,adult
10632,vwgroup.ru,good
10633,fulimulu.com,adult
10634,allpornmodels.com,adult
10635,privatehomeclips.com,adult
10636,onecompath.com,good
10637,worldporninc.com,adult
10638,x0xx.net,adult
10639,zombsroyale.io,good
10640,plumptitts.com,adult
10641,tubepain.com,adult
10642,bgpost.bg,good
10643,qlife.jp,good
10644,buypremiumporn.com,adult
10645,twinrdengine.com,good
10646,ethnic-porn-4.com,adult
10647,terapatrick.com,adult
10648,pelosavideo.com,good
10649,greecevipescorts.gr,illegal
10650,alllesbiantube.com,adult
10651,bbva.mx,good
10652,freaksofboobs.com,adult
10653,statserv.net,good
10654,playmillionpartners.com,illegal
10655,vxxx.com,adult
10656,deutschesexfilme.info,adult
10657,40017.cn,good
10658,tiava.tv,adult
10659,tgirlpornstar.com,adult
10660,xxxvedios.pro,adult
10661,voyeureye.com,adult
10662,100upskirts.com,adult
10663,clubmodels24.com,adult
10664,chubbypornmovies.com,adult
10665,cupid.com,good
10666,horsesexxx.shop,adult
10667,gaynudesex.com,adult
10668,hongkongcupid.com,good
10669,ballhoneys.com,good
10670,mybukkakeporn.com,adult
10671,mixesoft.com,good
10672,maisondelaradioetdelamusique.fr,good
10673,sexprivates.com,adult
10674,t.porn,adult
10675,spinrio.com,illegal
10676,sapphicmovies.com,adult
10677,feedage.com,good
10678,juray.cfd,good
10679,valampurii.lk,good
10680,chanzblog.com,good
10681,3cat.cat,good
10682,thelotter.us,illegal
10683,pornhub-sexfilme.net,adult
10684,mailgrader.com,good
10685,orientalpornzone.com,adult
10686,bestbbwp.com,adult
10687,pornarab.cc,adult
10688,downloadableporn.net,adult
10689,chinaunicom.com.cn,good
10690,bitrix24.vn,good
10691,wunbuck.com,good
10692,nosh.jp,good
10693,thunder.partners,good
10694,h2hfinances.com,good
10695,mionestore.ir,good
10696,vintagefun.co.uk,adult
10697,queue-it.net,good
10698,myphonesite.com,good
10699,zadultvideos.com,adult
10700,urdu21.top,adult
10701,tdrzd.ru,good
10702,fpcm.es,good
10703,hentaivideos.com,adult
10704,bustyoldsluts.com,adult
10705,filmeprono.com,adult
10706,pornhat.click,adult
10707,99express.com,good
10708,7ba.ru,good
10709,sapphic-movies.com,adult
10710,freepornoboss.com,adult
10711,teenpinkvideos.com,adult
10712,fitclub.ru,good
10713,borneotemplates.com,good
10714,xnxxx.su,adult
10715,tophentaigallery.com,adult
10716,meitudata.com,good
10717,nogay.com,good
10718,porncollage.com,adult
10719,drawntolife.wiki,good
10720,teensex.wiki,adult
10721,sexcamsparty.com,adult
10722,top-pornsites.org,adult
10723,truly-movies.com,good
10724,ddlvalley.me,illegal
10725,nakedarabgirls.pro,adult
10726,tustiquetes.com,good
10727,vanityfair.fr,good
10728,oudoll.com,good
10729,hardcorebbwtube.com,adult
10730,ntd.com,good
10731,fanscentral.com,adult
10732,prazerlivre.com.br,adult
10733,gadget2ch.com,good
10734,gettyimages.co.nz,good
10735,pornotanja.com,adult
10736,xxxrough.com,adult
10737,badword.xyz,good
10738,mejapanese.com,adult
10739,cam2camsex-chat.com,adult
10740,funfuckmovies.com,adult
10741,pornexa.com,adult
10742,postech.ac.kr,good
10743,snap.com,good
10744,turkuvazdigital.com.tr,good
10745,ladyboypussy.com,adult
10746,mexicanas.best,adult
10747,grupocopesa.cl,good
10748,gameofporn.com,adult
10749,gqportugal.pt,good
10750,eurocommpr.at,good
10751,dex.hu,good
10752,madeformums.com,good
10753,spicyamateursex.com,adult
10754,fetishcall.com,adult
10755,realtouch.com,adult
10756,affroller.com,good
10757,pcsoft.com.cn,good
10758,emart.com,good
10759,longxxxfilms.com,adult
10760,x-change.life,good
10761,bustymerilyn.com,adult
10762,betamo.com,illegal
10763,babulki.net,adult
10764,sergiev.ru,good
10765,cctvpic.com,good
10766,diagnosticsspeech.ru,good
10767,emimino.cz,good
10768,simpals.md,good
10769,bemydate.ch,good
10770,jav.st,adult
10771,getspa.is,illegal
10772,erostocam.com,adult
10773,bitrix24.it,good
10774,chinajilin.com.cn,good
10775,momandson.cc,adult
10776,fatinsmoke.com,good
10777,szexvideok.org,adult
10778,piekielni.pl,good
10779,sexybabetgp.com,adult
10780,desi-porno-videos.com,adult
10781,voa.gov,good
10782,blogtemplate4u.com,good
10783,welput.com,good
10784,casumo.es,illegal
10785,stepstone.nl,good
10786,teenspussysfuck.com,adult
10787,camhub.com,adult
10788,bossymilfs.com,adult
10789,smalltitweb.com,adult
10790,girls-fuck-hardcore.com,adult
10791,sextop.live,adult
10792,atresmediaformacion.com,good
10793,pregnantsistas.com,adult
10794,carbonads.net,good
10795,limon.kg,good
10796,gazetaprawna.pl,good
10797,nakkheeran.in,good
10798,merchorders.com,good
10799,popmama.com,good
10800,dildoingbabes.com,adult
10801,myfistingporn.com,adult
10802,topcasinononaams.com,illegal
10803,frtyd.com,good
10804,freeteenpassport.com,good
10805,sitecorecontenthub.cloud,good
10806,onlygaypornfans.com,adult
10807,easyads.de,good
10808,mcporno9.com,adult
10809,aquainterio.ru,good
10810,slovenskecasino.net,illegal
10811,xunmang.com,good
10812,iphon.fr,good
10813,vietnamcupid.com,good
10814,eloterie.ma,illegal
10815,lingua.gal,good
10816,podcastaddict.com,good
10817,kangtya.com,adult
10818,hentaicomics.pro,adult
10819,ms.now,good
10820,teenslikeitbig.com,adult
10821,iporder.icu,adult
10822,drive-alive.co.uk,good
10823,tokyoporn.xyz,adult
10824,karinahart.com,adult
10825,otcams.com,adult
10826,desixxxporno.com,adult
10827,porntubelabs.com,adult
10828,privatesexvideos.net,adult
10829,aifantasyreview.com,adult
10830,nvpu5.cc,good
10831,rcmg.in,good
10832,teenfilipina.com,adult
10833,mustjav.com,adult
10834,aiporn.company,adult
10835,americancamgirl.com,adult
10836,hentai51.com,adult
10837,hdporntube.xxx,adult
10838,blogtoplist.com,good
10839,realwifestories.com,adult
10840,calcionapoli1926.it,good
10841,dssl.ru,good
10842,3cx.com,good
10843,esse-online.jp,good
10844,filmesporno.ai,adult
10845,telefonsex-sexcams.top,adult
10846,xgrannytube.com,adult
10847,modelcentro.com,good
10848,lola3dstories.com,good
10849,zlinkw.com,good
10850,mosaferan.net,good
10851,somosohlala.com,good
10852,classicworldp.com,adult
10853,keleops.com,good
10854,cheggnet.com,good
10855,xnxx2xlporn.com,adult
10856,xnxx-tube.us,adult
10857,bizzine.jp,good
10858,sobharealty.com,good
10859,b1jx.top,good
10860,rsf.org,good
10861,malaysiancupid.com,good
10862,labrujulaverde.com,good
10863,unforgettablexxx.com,adult
10864,lesbianpornwebsites.com,adult
10865,isexmovies.com,adult
10866,pornstarsoff.com,adult
10867,sexcams-95.com,adult
10868,desisexvideohd.com,adult
10869,hornystyle.com,adult
10870,antyradio.pl,good
10871,secp.gov.pk,good
10872,xmxx.info,adult
10873,celebsporno.com,adult
10874,dating-girls.info,good
10875,teentuber.xxx,adult
10876,telesex-cam.com,adult
10877,japanaxxx.com,adult
10878,sexcam-camsex123.com,adult
10879,sexstoriespost.com,adult
10880,streamporn.pw,adult
10881,adtelligent.com,good
10882,isoftbet.com,illegal
10883,vintagesexvideos.pro,adult
10884,kaspersky.com.cn,good
10885,anybunny.casa,adult
10886,homeporntuber.com,adult
10887,drevostavitel.cz,good
10888,gogoanime.me,good
10889,moto.pl,good
10890,hirstart.hu,good
10891,dicgc.org.in,good
10892,porntabu.icu,adult
10893,filipinabj.com,adult
10894,shqfree.com,adult
10895,creatorcdn.com,good
10896,playamo.com,illegal
10897,tvasports.ca,good
10898,zytzb.gov.cn,good
10899,casinotreasure.com,illegal
10900,ibsrv.net,good
10901,thestarphoenix.com,good
10902,haarigemuschis.net,good
10903,myfreeblack.com,good
10904,141hongkong.com,adult
10905,qiniuyun27.xyz,good
10906,heaven.porn,adult
10907,kaspersky.co.in,good
10908,steelhousemedia.com,good
10909,ancdu.link,good
10910,sexsimulator.com,adult
10911,exploregeorgia.org,good
10912,cosplaywebcams.com,adult
10913,yumxxx.com,adult
10914,kaspersky.com.pl,good
10915,w-x.co,good
10916,ecuatorianas.best,adult
10917,gaytube.directory,adult
10918,sockshots.com,good
10919,usefathom.com,good
10920,18comic.org,adult
10921,filmelexxx.live,adult
10922,empirestores.co,adult
10923,opodo.reisen,good
10924,daylenerio.com,adult
10925,mockplus.cn,good
10926,amateurgirlfriendporn.net,adult
10927,vivastreet.info,adult
10928,thekdaily.com,good
10929,ganbentvt.top,good
10930,6mature9.com,adult
10931,indo.skin,good
10932,nudevista.it,adult
10933,bidizhaobiao.com,good
10934,campeonaffiliatesdirect.com,good
10935,porntelegraph.com,adult
10936,indobokep.me,adult
10937,bigcocker.com,adult
10938,bbwcupid.com,adult
10939,shangzhibo.tv,good
10940,fsnovel.com,adult
10941,sexodeamor.com,adult
10942,filmingyen.top,adult
10943,bokepxsex.com,adult
10944,aidiver.jp,good
10945,erotikchat2000.com,adult
10946,alicejapan.co.jp,adult
10947,colombiancupid.com,good
10948,xxss.live,adult
10949,thotsgirls.com,adult
10950,leosafeplay.com,illegal
10951,easyporn.xxx,adult
10952,telefonsex-date.org,adult
10953,g.page,good
10954,enbank.ir,good
10955,retrosexvideos.com,adult
10956,indianfriendfinder.com,good
10957,realitylovers.com,adult
10958,ecopayz.com,good
10959,mypdream.com,adult
10960,imobiliare.ro,good
10961,homeporn.ltd,adult
10962,deecash.com,good
10963,etude000.com,adult
10964,grader.com,good
10965,mrporno.org,adult
10966,sexsex1.com,adult
10967,Cocolita.pl,good
10968,vidikierotika.com,adult
10969,numfocus.org,good
10970,grannyhdtube.com,adult
10971,xfamelive.com,good
10972,yelp.no,good
10973,hypebeast.ltd,good
10974,futanari.xxx,adult
10975,newstube.az,good
10976,jizlee.com,adult
10977,gutesexfilme.com,adult
10978,adultcarousel.com,adult
10979,sa-live.com,good
10980,recruiterflow.com,good
10981,tippmixpro.hu,illegal
10982,99ixx.com,adult
10983,deutschefrauenficken.com,adult
10984,mylflatina.com,adult
10985,siliconwives.com,adult
10986,toxnxx.com,adult
10987,grannyhdxxx.com,adult
10988,seeking.com,good
10989,undressaitool.ai,adult
10990,betterbonus.com,illegal
10991,liiift.io,good
10992,fptls2.com,good
10993,spookycash.com,good
10994,cockstuff.com,adult
10995,hzcdn.com,good
10996,femjoy.com,adult
10997,squirtgameporn.com,adult
10998,cinematerial.com,good
10999,retrotubetv.com,adult
11000,candrmediagroup.com,good
11001,webpros.com,good
11002,sissyfuck.com,adult
11003,fuckitnow.com,adult
11004,spyvoyeurs.com,adult
11005,analgalore.com,adult
11006,twentyoneaffiliates.com,good
11007,nudevista.com.pl,adult
11008,northdakotabids.us,good
11009,sexsiteinc.com,adult
11010,ahwang.cn,good
11011,lucknation100.com,good
11012,casinoektepenger.net,illegal
11013,junipersquare.com,good
11014,nativio.sk,good
11015,olybetsportsbar.com,good
11016,xxx3dcomics.com,adult
11017,rawfuckingsex.com,adult
11018,jumpman.uk,good
11019,cookieinformation.com,good
11020,teenpayperview.com,adult
11021,check24.net,good
11022,jacquieetmichelaffiliate.com,adult
11023,3wtrans.com,good
11024,pharaonsporn.com,adult
11025,bitrix24.mx,good
11026,hustlerscollegegirls.com,adult
11027,ancestry.com.au,good
11028,xn--2022-zeo6d9aba3jsc0aa7c7g3hnf.net,good
11029,fpovxxx.com,adult
11030,xvgold.org,adult
11031,campustica.com,good
11032,gq-magazin.de,good
11033,xmilf.com,adult
11034,bigbuttslikeitbig.com,adult
11035,allershopping.no,good
11036,kissanimes.net,illegal
11037,chatintime.com,adult
11038,sexythief.com,adult
11039,medietilsynet.no,good
11040,goldensunwiki.net,good
11041,maturephonesexhq.com,adult
11042,erikalust.com,adult
11043,appthemes.com,good
11044,ready.gov,good
11045,jj20.com,good
11046,latinabar.com,good
11047,ingolstadt-models.com,adult
11048,wy222.xyz,good
11049,wildfortune.io,illegal
11050,getintoway.com,illegal
11051,faadforum.com,adult
11052,ottawasun.com,good
11053,ammazzacasino.com,illegal
11054,indies-av.co.jp,adult
11055,live-play-nows.com,good
11056,videohardamatoriali.com,adult
11057,optage.co.jp,good
11058,netcontent.cc,good
11059,kamelego.be,good
11060,gfy.com,adult
11061,bbwsxxx.com,adult
11062,techweekeurope.co.uk,good
11063,2adultflashgames.com,adult
11064,jiangsu.gov.cn,good
11065,filmeporno2.net,adult
11066,xgay.pro,adult
11067,thickumz.com,adult
11068,aneros.com,adult
11069,sexwank.com,adult
11070,nookthem.com,adult
11071,gettyimages.com.br,good
11072,avcontent.media,adult
11073,longclassictube.com,adult
11074,xvideoporno.xxx,adult
11075,bunity.com,good
11076,cnil.fr,good
11077,kaspersky.pt,good
11078,cosmobetpartners.com,illegal
11079,ai-porn.cc,adult
11080,iwmf.ir,good
11081,teenorgytube.com,adult
11082,lkstrck2.com,good
11083,wpbuddy.net,adult
11084,statuspal.io,good
11085,ganpao.cc,good
11086,crestondentistindianapolis.com,good
11087,latinasculonas.top,adult
11088,xxxvideoeditor.com,adult
11089,assdrill.cc,adult
11090,blogvporn.com,adult
11091,gayvideo.ws,adult
11092,onlinecasinopulse.com,illegal
11093,hasiok.com,good
11094,opodo.es,good
11095,doubleclick.com,good
11096,ukg.net,good
11097,opap.gr,illegal
11098,onebestporno.com,adult
11099,wankspider.com,adult
11100,hljnews.cn,good
11101,mediadim.com.ua,good
11102,momangcasino.se,illegal
11103,365dm.com,good
11104,jvbill.com,good
11105,wiki.gallery,good
11106,shaoxing.com.cn,good
11107,vlan.be,good
11108,casinoajax.com,illegal
11109,freshadultblogs.com,adult
11110,bignaturals.com,adult
11111,hrzine.jp,good
11112,seancodynetwork.com,adult
11113,entsoftgroup.com,good
11114,pornoculotte.com,adult
11115,cxpublic.com,good
11116,spacexxx.com,adult
11117,spytug.com,adult
11118,gambleonline.ca,illegal
11119,dvdrev.com,adult
11120,kalambagames.com,illegal
11121,yelp.com.tw,good
11122,dom.com,good
11123,dirbam.lt,good
11124,deovr.com,good
11125,uwmedicine.org,good
11126,youbunny.com,adult
11127,pornstarbyface.com,adult
11128,government.bg,good
11129,inews.id,good
11130,bwin.gr,illegal
11131,havingsexvideo.com,adult
11132,xvideos.blog.br,adult
11133,fc678.xyz,good
11134,milfsultra.com,adult
11135,spotifycdn.com,good
11136,claro.com.ni,good
11137,papa1024.com,adult
11138,gozone.me,good
11139,mathjax.org,good
11140,hima-po.com,adult
11141,dmgmedia.co.uk,good
11142,mydirtyteengirlfriend.com,adult
11143,xl-gaytube.com,adult
11144,sakura-nsk.com,good
11145,sekasividiyo.com,adult
11146,adultassociate.com,adult
11147,sexvideotube.org,adult
11148,livesexgerman.com,adult
11149,fhaccess.com,good
11150,moms-films.com,good
11151,xnxxorg.de,adult
11152,greekporn.info,adult
11153,videosdesexo.biz,adult
11154,finelovedolls.com,good
11155,bezzybc.com,good
11156,pornvideosday.com,adult
11157,anybunny.cfd,adult
11158,gaytubechannels.com,adult
11159,siteassets.net,good
11160,h18ani3.xyz,adult
11161,archdaily.com.br,good
11162,kostenlosepornofilme.biz,adult
11163,isti.ir,good
11164,fuckmegrandpa.com,adult
11165,findadultdomains.com,adult
11166,hu-manity.co,good
11167,hotpornfile.org,adult
11168,eefocus.com,good
11169,skullgirlsmobile.com,good
11170,aboutcookies.org,good
11171,oldnfat.com,good
11172,economx.hu,good
11173,pubg7.com,good
11174,porno365.sexy,adult
11175,fuli360.com,adult
11176,paparazzigr.tv,good
11177,nakedhills.com,good
11178,babelogbook.com,good
11179,citeulike.org,good
11180,rsi.ch,good
11181,extremefantasycalls.com,adult
11182,bpo.travel,good
11183,pectim.it,good
11184,foxcorporation.com,good
11185,pornbimbo.com,adult
11186,freepornhot.com,adult
11187,whiteteenagers.com,adult
11188,info.gouv.fr,good
11189,excellentbusiness.eu,good
11190,nudevista.es,adult
11191,zoolivefuck.shop,adult
11192,poool.fr,good
11193,cdic.ca,good
11194,meteogalicia.gal,good
11195,ehg-pp.com,good
11196,stepbrothersex.com,adult
11197,seekinghardcocks.com,adult
11198,javfilms.com,adult
11199,contra.com,good
11200,hdxnxx.stream,adult
11201,usclaro.com,good
11202,mrindianporn.com,adult
11203,javhdgg.com,adult
11204,spilo.dk,good
11205,winhubpartners.com,good
11206,exoticssudan.com,adult
11207,eniyioyunlar.com,good
11208,exitbee.com,good
11209,3elife.net,good
11210,51avtt.com,adult
11211,fhchannel.com,good
11212,highload.solutions,good
11213,lovewoman.ru,good
11214,icuf.org,good
11215,yngdha.cc,good
11216,forumfree.net,good
11217,betssonbrasil.com,illegal
11218,lyllocasino.com,illegal
11219,loup.ai,good
11220,fatfruit.live,good
11221,vetstav.ru,good
11222,kaspersky.it,good
11223,themewagon.com,good
11224,shorthandstories.com,good
11225,c212.net,good
11226,topblackporn.com,adult
11227,fatmaturebabes.com,adult
11228,mature.eu,adult
11229,adultgames.games,adult
11230,tp.media,good
11231,dp2311c.link,adult
11232,sxshentai.com,adult
11233,gratishard.com,good
11234,kktix.com,good
11235,wirtrauern.de,good
11236,lazybosonline.com,illegal
11237,hindisexfilms.com,adult
11238,hotmomxxx.net,adult
11239,topnudemalecelebs.com,adult
11240,weborvos.hu,good
11241,javfindx.com,adult
11242,bizarrmodels24.com,adult
11243,diamond-fudosan.jp,good
11244,zdfheute.de,good
11245,polsatnews.pl,good
11246,haofabiao.com,good
11247,xgusta.com,good
11248,hardasian.com,adult
11249,target-video.com,good
11250,zazzle.co.uk,good
11251,extremelyroughporn.com,adult
11252,playojo.de,illegal
11253,pornomulher.cyou,adult
11254,porno-shack.com,adult
11255,pornovideos-hd.com,adult
11256,pgportal.gov.in,good
11257,tooopen.com,good
11258,amateurpics.xyz,adult
11259,popularindiansex.com,adult
11260,gaysexuality.com,adult
11261,freeadult100.com,adult
11262,tavoos.net,good
11263,roosterpartners.media,good
11264,kznera.org.za,good
11265,18teenboys.net,illegal
11266,winnipegsun.com,good
11267,sex18xxx.com,adult
11268,nudecams.xxx,adult
11269,tsel.id,good
11270,youpornxvideos.net,adult
11271,afroporn.net,adult
11272,baiku-sokuho.info,good
11273,radioafrica.digital,good
11274,ineed2s.ro,good
11275,mysexporn.com,adult
11276,sexytimez.net,adult
11277,ottocasino.se,illegal
11278,eroticporn.pro,adult
11279,archive.today,good
11280,vintagesextube.com,adult
11281,emol.cl,good
11282,bestchange.biz,good
11283,geovisite.com,good
11284,duna.cl,good
11285,lesbianloveonly.com,adult
11286,pornopishki.com,adult
11287,ruvideos.net,adult
11288,tube8k.com,adult
11289,strato.es,good
11290,disneyhentai.com,adult
11291,bitrix24.cn,good
11292,babygotboobs.com,adult
11293,jobly.fi,good
11294,boobsandtits.co.uk,adult
11295,adrak.net,adult
11296,tnaxxx.com,adult
11297,builttosend.com,good
11298,bitpin.ir,good
11299,supergames.com,good
11300,sex3dcomix.com,adult
11301,toolforge.org,good
11302,hubspot.fr,good
11303,nahad.ir,good
11304,hottestbbwsite.com,adult
11305,naughtylinxxx.com,adult
11306,chinesemix.com,adult
11307,webwag.com,good
11308,xhs03.cc,good
11309,4dex.io,good
11310,allofteens.com,adult
11311,dawson-miller.ws,good
11312,sihub.in,good
11313,vegas.se,illegal
11314,exploredhollywood.com,good
11315,efe.com,good
11316,hubs.ly,good
11317,chigua520.com,adult
11318,varbamisteenused.ee,good
11319,bestxxxclips.info,adult
11320,mrvegas.com,good
11321,rotlicht-verzeichnis.com,adult
11322,honeyschool.com,adult
11323,tz1288.com,good
11324,abebooks.de,good
11325,yagov30.com,good
11326,metawin.com,good
11327,qqc520.com,adult
11328,madou360.com,adult
11329,lovethepink.com,good
11330,handjobjapan.com,adult
11331,faveasians.com,good
11332,xnxxhd.tv,adult
11333,gaysexxnxx.cc,adult
11334,nurse666.com,adult
11335,inextlive.com,good
11336,indianxxxmovies.com,adult
11337,dartsearch.net,good
11338,claro.com.ec,good
11339,wikihow.jp,good
11340,teamtalk.com,good
11341,whistleblowernetwork.net,good
11342,kazino-bet.com,illegal
11343,rmzxb.com.cn,good
11344,popularindianxxx.com,adult
11345,restofworld.org,good
11346,wedia.gr,good
11347,szandora.com,good
11348,akcniceny.cz,good
11349,gole-doma-cice.info,good
11350,eurozet.pl,good
11351,filmxfrancais.net,adult
11352,pxhere.com,good
11353,rmzxw.com.cn,good
11354,mobilefuckporn.com,adult
11355,mhawala.af,good
11356,eatkinda.com,good
11357,lizardporn.com,adult
11358,just18teen.net,adult
11359,petametrics.com,good
11360,influencehercollective.com,good
11361,nataliefiore.com,adult
11362,xvideoz.pro,adult
11363,bbend.com,good
11364,discuz.net,good
11365,mogobet.com,illegal
11366,18japanporn.cc,adult
11367,applecard.apple,good
11368,directadmin.com,good
11369,fftelecoms.org,good
11370,vintagepornvideos.pro,adult
11371,live-sex-xxx.info,adult
11372,dregle.com,good
11373,goorientalgirls.com,adult
11374,ramblergroup.com,good
11375,wifeysworld.com,adult
11376,oldgaybearclips.com,adult
11377,sexualstories.club,adult
11378,gayporno1.de,adult
11379,nordicasino.com,illegal
11380,ashleysageellison.com,adult
11381,cookiefirst.com,good
11382,chemnitz-models.com,adult
11383,damplipssex.com,adult
11384,shahhure.com,good
11385,spmraf.ga,good
11386,findingpussy.com,adult
11387,mycamdirect.com,good
11388,bdsm-extrem.com,adult
11389,linkshare.ne.jp,good
11390,igap.net,good
11391,landh.beauty,good
11392,indishare.com,good
11393,babycentre.co.uk,good
11394,bdsmneedle.com,adult
11395,peggingxxx.com,adult
11396,gilfadventures.com,adult
11397,gunzblazing.com,good
11398,maturescam.com,adult
11399,12371.cn,good
11400,sxxy.com,adult
11401,meng01.top,adult
11402,analdiscounts.com,adult
11403,watch-my-gf.com,adult
11404,gayfuckporn.com,adult
11405,mc-doualiya.com,good
11406,hal.science,good
11407,048000.xyz,good
11408,interfax.com.ua,good
11409,koreanpornotube.com,adult
11410,public-sex-porn.com,adult
11411,girlsgonewild.com,adult
11412,ekonomickydenik.cz,good
11413,pornsitezone.com,adult
11414,hairyfannies.net,adult
11415,nudevista.se,adult
11416,spyhospital.com,adult
11417,cazinouriro.ro,illegal
11418,cangku.moe,good
11419,true-babesxxx.com,adult
11420,tybito.com,adult
11421,umotherfuckers.com,adult
11422,teenfickthart.com,adult
11423,pornvideoondemand.org,adult
11424,ohiobids.us,good
11425,asiansexthrills.com,adult
11426,18tube.sex,adult
11427,lemontreeandco.com,good
11428,silicone-sexy-doll.com,adult
11429,truesex.pro,adult
11430,tgirl40.com,adult
11431,zlatanbet.se,illegal
11432,velog.io,good
11433,desixxxsex.com,adult
11434,secretsexcontacts.co.uk,adult
11435,hubapi.com,good
11436,movie-adult-porn.com,adult
11437,doseofporn.com,adult
11438,gloria.hr,good
11439,realpornmovies.com,adult
11440,blackporn.tube,adult
11441,eurocupid.com,good
11442,noirmale.com,adult
11443,massiveattack.ie,good
11444,v-cdn.net,good
11445,onlinecasino.si,illegal
11446,pornmadura.com,adult
11447,strato.nl,good
11448,idesires.com,good
11449,yyy.partners,illegal
11450,bravoteens.com,adult
11451,pornrater.com,adult
11452,pornofilmdomaci.com,adult
11453,vendosupport.com,good
11454,gaijinent.com,good
11455,fattygirlsblog.com,adult
11456,pornedup.com,adult
11457,bondage.com,adult
11458,rtr.ch,good
11459,snowcorp.com,good
11460,nike.com.cn,good
11461,suww.com,good
11462,bocconiceu.org,illegal
11463,oceanoflove.ru,good
11464,shm.com.cn,good
11465,hornyboobspics.com,adult
11466,voissa.com,good
11467,extreme3dsex.org,adult
11468,kddi-l.jp,good
11469,rou.video,adult
11470,kissuz.top,adult
11471,xvediosindian.com,adult
11472,natursektmodels24.com,adult
11473,metroidwiki.org,good
11474,100wpthemes.com,good
11475,sizzlejs.com,good
11476,center4porn.com,adult
11477,svtstatic.se,good
11478,wordpressfoundation.org,good
11479,mrplay.dk,good
11480,drawn-hentai.com,adult
11481,vermaduras.com,good
11482,ringier.com,good
11483,sexualdisgrace.com,adult
11484,buzznet.com,good
11485,mommylovescock.com,adult
11486,av-comparatives.org,good
11487,ahanbox.com,good
11488,roundandbrown.com,adult
11489,as.ro,good
11490,outdoorjp.com,adult
11491,gemius.ro,good
11492,dis.la,good
11493,ai-porn.tokyo,adult
11494,homerun.co,good
11495,9377.com,good
11496,saweria.co,good
11497,oreillystatic.com,good
11498,360tres.com,good
11499,nextpic.com,good
11500,nowxxxtube.com,adult
11501,jibafuli.com,adult
11502,alcary.com,good
11503,bartarinha.com,good
11504,nelisa.com,good
11505,brainjoltmedia.com,good
11506,worldbbwp.com,adult
11507,freelancer.ie,good
11508,regions-annonceslegales.com,good
11509,karvaiset.com,good
11510,pornjourney.ai,adult
11511,xxx365porno.com,adult
11512,21naturals.com,good
11513,rufox.ru,good
11514,machbank.com,good
11515,porntop.com,adult
11516,makfax.com.mk,good
11517,sexarab.cc,adult
11518,harete.com,good
11519,sexsau.info,adult
11520,continuitycentral.com,good
11521,1pondo.tv,adult
11522,xxxodessa.net,adult
11523,bfsexyvideo.com,adult
11524,idbi.co.in,good
11525,lucahsedap.com,good
11526,topvids.net,adult
11527,analmodels24.com,adult
11528,videopornogostoso.com,adult
11529,networknmedia.com,good
11530,ifreshporn.com,adult
11531,netbet.co.uk,illegal
11532,ideapocket.com,adult
11533,jixxporn.com,adult
11534,twinsporn.net,adult
11535,chanz.cloud,illegal
11536,canadamirror.com,good
11537,skyline.studio,good
11538,finestsexvideos.com,adult
11539,d2l.com,good
11540,newgaybearsex.com,adult
11541,ivintageeroticaporn.com,adult
11542,flg118.xyz,good
11543,pussy888fun.club,illegal
11544,gid.ru,good
11545,xxxvideoondemand.org,adult
11546,cittaceleste.it,good
11547,lambox.ru,good
11548,pinfaps.com,adult
11549,fqbook.cc,adult
11550,18teenlive.com,adult
11551,pornogram.xxx,adult
11552,lagaceta.com,good
11553,gaypornsky.com,adult
11554,sweepstakescasino.net,illegal
11555,ocsc.go.th,good
11556,territorioscuola.com,good
11557,frontline.mk,good
11558,sexarab.icu,adult
11559,adultnonveg.com,adult
11560,nastygayphonesex.com,adult
11561,tubeoriental.com,adult
11562,irfarabi.com,good
11563,leather-time.ru,good
11564,corbinfisher.com,adult
11565,olup-prednahora.sk,good
11566,bang-movies.com,adult
11567,shoestock.com.br,good
11568,asaakira.com,adult
11569,hdxxxmood.com,adult
11570,anobii.com,good
11571,segurosfalabella.com,good
11572,freeadultarchives2.com,adult
11573,webcam-erotik.com,adult
11574,authenticjav.com,adult
11575,magnum.my,good
11576,xenoserieswiki.org,good
11577,pan.gal,good
11578,starfywiki.org,good
11579,mustang.cloud,good
11580,videosxamateur.com,adult
11581,redtubemov.com,adult
11582,worldwidegamblers.com,illegal
11583,ost-models.com,adult
11584,milfslist.com,adult
11585,9xmovie.cc,adult
11586,chinesewebcamgirls.com,adult
11587,historyextra.com,good
11588,foxdcg.com,good
11589,hdpornpro.com,adult
11590,desiboobs.club,adult
11591,bancofalabella.cl,good
11592,etemadonline.com,good
11593,mobxvideos.com,adult
11594,haps.pl,good
11595,xnxx.net,adult
11596,sexhindisex.com,adult
11597,slotsjudge.com,illegal
11598,someav.com,adult
11599,catchthemes.com,good
11600,matureworld.ws,adult
11601,sextflirt.com,adult
11602,sexkontakte.life,adult
11603,blogtrottr.com,good
11604,deepfakeporn.net,adult
11605,porntube.red,adult
11606,amateripremium.com,adult
11607,kuroten.biz,good
11608,lyd.com.cn,good
11609,rawdicks.com,adult
11610,taptapkit.com,good
11611,milf300.com,adult
11612,xxxsexmovie.xyz,adult
11613,radyod.com,good
11614,buildyourownfleshlight.com,adult
11615,trn.mk,good
11616,hdporncomics.com,adult
11617,fallsviewcasinoresort.com,illegal
11618,pinkgames.com,adult
11619,mobileboner.com,adult
11620,srxxx.live,adult
11621,vcgf5e-dj02.com,good
11622,noticiasilimitadas.pt,good
11623,ondacero.es,good
11624,enterpriseholdings.com,good
11625,dorcelnetwork.com,adult
11626,flameofporn.com,adult
11627,bbwphonesex.uk,adult
11628,gap.im,good
11629,stroeerdigitalgroup.de,good
11630,psoft.sk,illegal
11631,gettyimages.in,good
11632,localxlist.com,adult
11633,the-feeding-tube.com,good
11634,matrix.to,good
11635,freesroom.com,adult
11636,telesex-webcam.online,adult
11637,fickdate.net,good
11638,studytimes.cn,good
11639,tokyoxxxo.com,adult
11640,footlocker-inc.com,good
11641,xhamsterxxx.de,adult
11642,eroticmv.com,adult
11643,pse.is,good
11644,shegods.com,good
11645,videosxxxsenoras.com,adult
11646,gizmoxxx.com,adult
11647,colombianasculonas.com,adult
11648,casumocares.com,good
11649,pussieshairy.org,adult
11650,camonster.com,good
11651,zozovideo.com,adult
11652,ipso.co.uk,good
11653,gamblersanonymous.ru,good
11654,amateurcommunity.com,good
11655,bustykerrymarie.com,adult
11656,hackenproof.com,good
11657,free-xxx.xyz,adult
11658,filmxporno.fr,adult
11659,kinkybitches.co.uk,adult
11660,sikatika.com,adult
11661,niceporn.tv,adult
11662,ititsporn.com,adult
11663,avdvd.tv,adult
11664,hd-camsex.com,adult
11665,xxxnxxx.pro,adult
11666,rubateen.com,adult
11667,analpornovideos.net,adult
11668,bukkakemovie.org,adult
11669,jurnalul.ro,good
11670,nudegirls18.com,adult
11671,lezsex.net,good
11672,idxchannel.com,good
11673,exclusiveclub.com,good
11674,vcyzvip.com,illegal
11675,symplr.de,good
11676,elitecupid.com,good
11677,vipemlak.az,good
11678,analindiantube.com,adult
11679,myinstamojo.com,good
11680,topindianp.com,adult
11681,coomeet.com,good
11682,novinhasafada.com.br,adult
11683,kaspersky.com.vn,good
11684,12phuket.com,good
11685,maturetube.su,adult
11686,liara.ir,good
11687,hollywoodraces.com,illegal
11688,affect3d.com,adult
11689,18-porn.me,adult
11690,properporn.net,adult
11691,romantic-sex-video.com,adult
11692,pornrewind.com,adult
11693,bet3000.de,illegal
11694,thehealthlotteryfoundation.org.uk,good
11695,anaconda.com,good
11696,wanthookup.com,adult
11697,rosewill.com,good
11698,tubiedronka.pl,good
11699,fstatic.com,good
11700,roosterspartner.media,good
11701,insexus.com,adult
11702,arlinadzgn.com,good
11703,meister.co,good
11704,baojinews.com,good
11705,kaylakupcakes.com,adult
11706,erstegroup.com,good
11707,i-pclub.com,good
11708,sosporntube.com,adult
11709,newsmana.com,good
11710,williams-sonomainc.com,good
11711,privilegedsoftware.com,good
11712,desipornmovies.com,adult
11713,voyeuraiporn.com,adult
11714,porn-hab.com,adult
11715,chanzaffiliates.com,illegal
11716,hotxxxteen.com,adult
11717,leoncas.com,good
11718,hotblackbitchs.com,adult
11719,hqchip.com,good
11720,iaui.gov.lv,good
11721,www-porno-365.com,adult
11722,keywee.co,good
11723,graja.net,adult
11724,m6.fr,good
11725,scrubtheweb.com,good
11726,frenzy-fishin.com,illegal
11727,bwhstatus.com,good
11728,redventures.com,good
11729,html5up.net,good
11730,uslegalforms.com,good
11731,gaysexcamboys.com,adult
11732,cumbox.tv,adult
11733,afuckx.com,adult
11734,pussyslide.com,adult
11735,livelywallpaper4k.com,good
11736,elle.pl,good
11737,escortcanadaonline.com,adult
11738,itc.cn,good
11739,pianetamilan.it,good
11740,ulm-models.com,adult
11741,analsexporno.info,adult
11742,lustporno.com,adult
11743,starbet.rs,illegal
11744,pornohai.com,adult
11745,kuailefun.com,illegal
11746,onsports.gr,illegal
11747,torrends.to,illegal
11748,thesexcinema.com,adult
11749,mzdiamondphonesex.com,adult
11750,dial4mommy.com,adult
11751,asianpclips.com,adult
11752,largevintage.com,adult
11753,filmepornoxxl.com,adult
11754,karups.com,adult
11755,hardspankingsex.com,adult
11756,pornolymp.com,adult
11757,sex-monsters.com,adult
11758,skyprivate.com,adult
11759,cloudswiftcdn.net,good
11760,vintagepornmovies.name,adult
11761,tarife.at,good
11762,watchhervideo.com,good
11763,playsponsible.at,illegal
11764,girldh.com,illegal
11765,rfi-instrumental.com,good
11766,eroprn.com,adult
11767,neko.games,adult
11768,unlimitedaccesspass.com,adult
11769,shemaleporno.dk,adult
11770,huishoushang.com,good
11771,krs-sro.ru,good
11772,privatepornovideos.com,adult
11773,standardbank.co.ao,good
11774,brazilcupid.com,good
11775,vejthvm.com,good
11776,duo03.top,good
11777,online.ua,good
11778,totally-shaved-pussy.com,adult
11779,freepornox.com,adult
11780,codivorexxx.com,adult
11781,ftopx.com,adult
11782,zvab.com,good
11783,ad-italia.it,good
11784,extra.cz,good
11785,casumocareers.com,illegal
11786,bullyporn.com,adult
11787,szexlinkek.eu,adult
11788,crisp.chat,good
11789,toyeebuy.com,good
11790,pornoviolaciones.pro,illegal
11791,sac.net.cn,good
11792,goodump.com,good
11793,list.ru,good
11794,badgirlsporn.net,adult
11795,ubembed.com,good
11796,dot-st.tw,good
11797,sexxnxx.icu,adult
11798,myebonygf.com,adult
11799,zavdh.cc,good
11800,xnxxtubevideos.com,adult
11801,opodo.at,good
11802,iGap.net,good
11803,sweetdiscreet.com,adult
11804,votretania.com,good
11805,redtub.online,adult
11806,sexcam6.net,adult
11807,vmclnk.com,good
11808,acsbapp.com,good
11809,gyerekszoba.hu,good
11810,sportsinfosolutions.com,illegal
11811,incestxxxtube.com,adult
11812,greatcanadian.com,good
11813,annonces-legales.fr,good
11814,hotbitchhigh.com,adult
11815,casinos-slovenia.com,illegal
11816,xnxxorg.com,adult
11817,coxautoinc.com,good
11818,mybb.com,good
11819,wildshemalemovies.com,adult
11820,hustlernewsstand.com,adult
11821,swappz.com,adult
11822,gemius.hu,good
11823,f1g.fr,good
11824,tilda.ws,good
11825,pornoroulette.com,adult
11826,eczine.jp,good
11827,ksta-medien.de,good
11828,web-date.co.uk,good
11829,andpi.link,good
11830,porndude.link,adult
11831,semaox.com,adult
11832,bobcasino.com,illegal
11833,linkhumper.com,good
11834,slack-edge.com,good
11835,bigcamtube.com,adult
11836,bandao.cn,good
11837,rtl2.fr,good
11838,mtg.wiki,good
11839,slackcertified.com,good
11840,oldmaturetv.com,adult
11841,adult-home-videos.com,adult
11842,twgays.com,adult
11843,babeimpact.com,adult
11844,justuk.club,illegal
11845,retrofreetube.com,adult
11846,monstersexblog.com,adult
11847,armyweb.cz,good
11848,hostave2.net,adult
11849,realsexcash.com,adult
11850,kai-you.net,good
11851,sapphic-erotica-sex.net,adult
11852,teens-escort.com,illegal
11853,falabella.io,good
11854,topxxxhd.com,adult
11855,guvenilir-bahis-siteleri89.com,illegal
11856,asian1on1page.com,adult
11857,elfsight.com,good
11858,amb888.ceo,illegal
11859,polygamia.pl,good
11860,jumptoon.com,good
11861,pusher.com,good
11862,apasport.az,good
11863,sportna-loterija.si,illegal
11864,bigboobsalert.com,adult
11865,porndeals.com,adult
11866,gamtest.se,good
11867,sekelekasian.com,good
11868,accessibe.com,good
11869,bca.co.id,good
11870,aic.ru,good
11871,nudeteenphoto.com,adult
11872,enjoyx.com,good
11873,ba24.ir,good
11874,sportsport.mk,good
11875,kts.fox,good
11876,deezteens.com,adult
11877,skillbrains.com,good
11878,kaspersky.co.th,good
11879,rule-34.xxx,adult
11880,tufu.cn,good
11881,lestechnophiles.com,good
11882,hartz4-telefonsex.com,adult
11883,mypickupgirls.com,adult
11884,pimpbus.com,adult
11885,zexy-en-soudan.net,good
11886,creative-tim.com,good
11887,porn-n.com,adult
11888,olivemagazine.com,good
11889,site5.com,good
11890,rule34.top,adult
11891,putishorts.com,adult
11892,answerthepublic.com,good
11893,stepsiblings.com,adult
11894,sekasividiyobipi.com,adult
11895,madurasporno.org,adult
11896,asiantubevid.com,adult
11897,malayporn.me,adult
11898,online-casinocz.com,illegal
11899,meinyouporn.com,adult
11900,adultblogsearch.net,adult
11901,aiporn.moda,adult
11902,dnv.com,good
11903,xinhuanew.com,adult
11904,casinosicuristranieri.com,illegal
11905,elongstatic.com,good
11906,newsfilter.org,good
11907,vonporno.com,adult
11908,menatplay.com,adult
11909,hm99.xyz,good
11910,smithsonianchannel.com,good
11911,milfsexdoll.com,adult
11912,gayboypass.com,adult
11913,doctoralia.cl,good
11914,only-amateur-porn.com,adult
11915,apartmenttherapy.info,good
11916,cr.org,good
11917,yourmomlovesanal.com,adult
11918,hardzooporn.shop,adult
11919,pmpmedia.io,good
11920,ycen.com.cn,good
11921,SofieMarieLinks.com,good
11922,samelectronic.com,good
11923,hollywood4free.com,illegal
11924,fold3.com,good
11925,povlife.com,adult
11926,discoverglobalnetwork.com,good
11927,historicerotica.net,adult
11928,garenanow.com,good
11929,nudecam4.com,adult
11930,genkit.dev,good
11931,tivolicasino.dk,illegal
11932,oldgaybearporn.com,adult
11933,eduego.com,good
11934,myccc.ie,illegal
11935,seseditu.com,adult
11936,androidmo.im,adult
11937,outeast.com,good
11938,voymedia.com,good
11939,hairyaiporn.com,adult
11940,dehati.cyou,adult
11941,bandwidthtest.net,good
11942,dir-porn.com,adult
11943,golssip.it,good
11944,trstd.com,good
11945,xvideos520.com,adult
11946,mojtrg.me,good
11947,wetteenpanty.com,adult
11948,xxxneverseen.com,adult
11949,scotiabankchile.cl,good
11950,bigasiantitsporn.com,adult
11951,cssn.cn,good
11952,maleto.ir,good
11953,racecoast.co.za,good
11954,excite.eu,good
11955,luckyones.site,good
11956,invertironline.com,good
11957,nfnews.com,good
11958,blackxxxwoman.com,adult
11959,zadasas.com,adult
11960,fucktube.monster,adult
11961,kabooaffiliates.com,good
11962,crazytime-bangladesh.com,illegal
11963,fullporn.me,adult
11964,fangrowth.biz,good
11965,sex2xs.com,adult
11966,chazidian.com,good
11967,porn7gifs.com,adult
11968,jep.be,good
11969,vkis.top,good
11970,louisianabids.us,good
11971,masseporno.com,adult
11972,tiaojie.net.cn,good
11973,saggytits.org,adult
11974,sexmeet.com,adult
11975,cc-dt.com,good
11976,BtemplateBox.com,good
11977,mistressdestiny.com,adult
11978,jaggle.nl,good
11979,xnxx.club,adult
11980,filejungle.com,good
11981,babelcube.com,good
11982,pornotorrent.com.br,illegal
11983,homefuckingporn.com,adult
11984,aperturefilmandvideo.com,adult
11985,amateurviolations.com,adult
11986,pornoblesk.net,adult
11987,epratibha.net,good
11988,zodiacbet.com,illegal
11989,awmmazilla.com,adult
11990,clothoff.io,good
11991,bookingholdings.com,good
11992,aldi-sued.com,good
11993,sexcam-monster.com,adult
11994,vodgc.net,good
11995,pornforarab.com,adult
11996,classicalmusicmp3freedownload.com,good
11997,informa.com,good
11998,pornohans.com,adult
11999,eapressportal.com,good
12000,quizscape.com,good
12001,coolasianpussy.com,adult
12002,orgyhaven.com,adult
12003,socialmediapornstars.com,adult
12004,jacquieetmichelelite.com,adult
12005,apagroup.az,good
12006,spincasino.com,illegal
12007,mamacitaz.com,adult
12008,nudify.online,adult
12009,pornwebsite.ai,adult
12010,sexy.cool,adult
12011,xfuckster.com,adult
12012,bellesafilms.com,good
12013,edgewall.org,good
12014,animopron.com,adult
12015,ssn.sk,good
12016,toppornblogs.com,adult
12017,wowhdporn.com,adult
12018,bahalmag.ir,good
12019,reviews.co.uk,good
12020,livecasinos.com,illegal
12021,bigtitsexgf.com,adult
12022,kaspersky.de,good
12023,whitexxxporn.com,adult
12024,condenast.it,good
12025,glaad.org,good
12026,elkjopnordic.com,good
12027,vibragame.biz,good
12028,cheapphonesex.co.uk,adult
12029,sexchineseporn.com,adult
12030,gammacash.com,adult
12031,camfancy.com,adult
12032,thueringen.de,good
12033,sexplaycam.com,adult
12034,solocamteens.net,adult
12035,porn-lovers.com,adult
12036,gfporndiscounts.com,adult
12037,cuminhorse.shop,adult
12038,smokinmovies.com,good
12039,z00.monster,good
12040,pornvideogifs.com,adult
12041,affilas.com,good
12042,egyptsex.org,adult
12043,nbcstore.com,good
12044,xxxdump.net,adult
12045,pck.tv,good
12046,asiansexboobs.com,adult
12047,rootzaffiliate.com,good
12048,madurases.com,adult
12049,gq.com.cn,good
12050,filmnow.ro,good
12051,b2n.ir,good
12052,digicairn.fr,good
12053,momporncomics.com,adult
12054,freelancer.pl,good
12055,shegotass.info,adult
12056,turboimg.net,good
12057,cartoonsexmania.com,adult
12058,simpals.com,good
12059,sextelefon-cam.com,adult
12060,mixkit.co,good
12061,analyt.ir,good
12062,estanok.sk,good
12063,sekspornofilmovi.org,adult
12064,tibetcnr.com,good
12065,tugjobs.com,good
12066,hdsexdb.com,adult
12067,nederlandsepornofilm.com,adult
12068,hcxo.shop,good
12069,sanoma-sndp.fi,good
12070,moonbingo.com,illegal
12071,hypebae.com,good
12072,netxinvestor.com,good
12073,myintimate.app,adult
12074,adultasiantube.info,adult
12075,arnas.com,good
12076,pgslots.shop,illegal
12077,sexycamgirlporn.com,adult
12078,longisland.com,good
12079,fickente.com,adult
12080,bbva.com,good
12081,topgeargreece.gr,good
12082,bizarre-mature-sex.com,adult
12083,onmed.gr,good
12084,teentiger.com,good
12085,dirtyflix.com,adult
12086,atom.com,good
12087,sexclips.cyou,adult
12088,indianxxxhdvideo.com,adult
12089,chinaqw.com,good
12090,nonnetroie.org,adult
12091,pornofilmitaliani.com,adult
12092,kaspersky.com.au,good
12093,cazinouriinternationale.com,illegal
12094,bankrolls.com,illegal
12095,mexicancupid.com,good
12096,amorporno.net,adult
12097,ai-bot.cn,good
12098,marialovesporn.com,adult
12099,story.hu,good
12100,om.cn,good
12101,jagex.com,good
12102,opodo.no,good
12103,vedetexxx.top,adult
12104,claro.com.pe,good
12105,rtb-serve.com,good
12106,stubhubstatic.com,good
12107,zadn.vn,good
12108,imovirtual.com,good
12109,hydoll.de,good
12110,mywonderdoll.com,adult
12111,fuliji520.com,adult
12112,bidchance.com,good
12113,fuckyou4free.com,adult
12114,t10.org,good
12115,free-videos-xxx.net,adult
12116,leap-gaming.com,good
12117,tracking-genesisaffiliates.com,good
12118,tap.bio,good
12119,bnewporn.com,adult
12120,chicamas.com,good
12121,aura.com,good
12122,videospornomulheres.com,adult
12123,kuntcams.com,adult
12124,eviewporn.com,adult
12125,jdpower.com,good
12126,dothewife.com,adult
12127,buckfuddiez.com,adult
12128,starlightcasino.ca,illegal
12129,angelasian.com,adult
12130,kovopedia.com,good
12131,magalu.com,good
12132,xxxtubes.party,adult
12133,picsofpussy.com,adult
12134,psjia.com,good
12135,shaggit.org,good
12136,xvideos-vi.com,adult
12137,ninecareers.com.au,good
12138,acg123.co,good
12139,hdshemalez.com,adult
12140,rotorbuilds.com,good
12141,imik.edu.in,good
12142,togetter.co.jp,good
12143,chicksin.com,good
12144,casinoudl.com,illegal
12145,joyourself.com,adult
12146,youtopin.com,good
12147,frtyj.com,good
12148,confirmtkt.com,good
12149,nored.no,good
12150,aftrk3.com,good
12151,24casino.live,illegal
12152,dengroup.org,good
12153,bilan.ch,good
12154,mktoresp.com,good
12155,sexptv.com,adult
12156,reteclima.it,good
12157,ijia.cc,good
12158,nr1hardcore.com,adult
12159,femdomgoddessphonesex.com,adult
12160,ibiznes24.pl,good
12161,3dmonsterporn.net,adult
12162,f9tmep.net,good
12163,wyborcza.biz,good
12164,simplemachines.org,good
12165,lee.net,good
12166,superliga.ro,good
12167,18qingse.com,adult
12168,rosyhub.com,adult
12169,freelancer.gr,good
12170,64365.com,good
12171,pagesuite-professional.co.uk,good
12172,nc-img.com,good
12173,kaspersky.be,good
12174,svenskaspel.net,illegal
12175,jquery.org,good
12176,atmbandits.com,adult
12177,realasianexposed.com,adult
12178,acceptableads.com,good
12179,gettyimages.ch,good
12180,maradjonjatek.hu,illegal
12181,cdn3x.com,good
12182,xbooks.vip,good
12183,bitrix24.in,good
12184,cnxxxx.com,adult
12185,mfemediaforeurope.com,good
12186,chibi-robo.wiki,good
12187,younganaltryouts.com,adult
12188,regiedesmediasregionaux.be,good
12189,crowdcast.io,good
12190,gamblingorb-it.com,illegal
12191,tssnapsex.com,adult
12192,thefappening.pm,adult
12193,778345.com,good
12194,justgayxxx.com,adult
12195,sarapbabe.com,adult
12196,fanqie520.com,adult
12197,pozefete.com,adult
12198,postman.com,good
12199,scorevideos.com,adult
12200,sexiestpornstars.com,adult
12201,hrtya.com,good
12202,exclusiveindianporn.com,adult
12203,rubabes.com,adult
12204,locanto.co.id,good
12205,adultfans.net,adult
12206,putasfotosgratis.com,adult
12207,vrsex4k.com,adult
12208,npdigital.com,good
12209,sensualmommyphonesex.com,adult
12210,oddthemes.com,good
12211,ukikipedia.net,good
12212,okopka.ru,good
12213,thethingsnetwork.org,good
12214,91sqdh.com,adult
12215,xxx-videosex.com,adult
12216,bbwgottits.com,adult
12217,xxoo360.com,adult
12218,xxxtube1india.pro,adult
12219,wildbbwporn.com,adult
12220,milfavcisi.com,good
12221,sexiestegirls.com,adult
12222,joiasmr.com,adult
12223,quickerala.com,good
12224,viously.com,good
12225,thesocialadultnetwork.com,adult
12226,harem69.com.br,adult
12227,casinoluv.net,illegal
12228,gcavixens.com,adult
12229,gamepro.de,good
12230,Fulltaboo.tv,adult
12231,holylol.com,good
12232,free-bdsm-comics.com,adult
12233,portfolium.com,good
12234,nbcolympics.com,good
12235,unionworks.org,good
12236,pornguide.blog,adult
12237,slotvibeaffiliates.com,illegal
12238,musaclass.com.br,adult
12239,best-dating-sites.com,adult
12240,payu.pl,good
12241,bitrix24.site,good
12242,msnwebcamgirls.com,adult
12243,ourjav.com,adult
12244,nyacasino.se,illegal
12245,hitnspinpromo.com,good
12246,theadal-search.net,good
12247,sibche.com,good
12248,classy.org,good
12249,hotretroporn.com,adult
12250,yeswegays.com,adult
12251,gamania.com,good
12252,hot-amateur-phone-sex.com,adult
12253,c-dn.net,good
12254,picszone.net,good
12255,bs-cams.com,adult
12256,qingmifuli.xyz,good
12257,pypl.com,good
12258,clikfix.com,good
12259,vodafonethree.com,good
12260,bengalisexvideos.com,adult
12261,bibian.co.jp,good
12262,the-3d-monster-sex.com,adult
12263,bcd5.top,good
12264,hrvatskiporno.com,adult
12265,virtualhotgirls.pro,adult
12266,17ce.com,good
12267,penulisjaya.com,good
12268,pornsheriff.com,adult
12269,sexwithmuslims.com,adult
12270,memorybenchmark.net,good
12271,clikfixresident.com,good
12272,hottiemoms.com,adult
12273,mlbstatic.com,good
12274,superzooi.com,good
12275,hotasianphonesex.com,adult
12276,pornosbrasileiro.com,adult
12277,apstylebook.com,good
12278,redtiger.com,illegal
12279,newgaybearporn.com,adult
12280,shelovesfuck.com,adult
12281,free4klivewallpaper.com,good
12282,nwnavi.info,adult
12283,fuck25.com,adult
12284,forzaroma.info,good
12285,pornjavhd.com,adult
12286,adorethemes.com,good
12287,rctiplus.com,good
12288,1qh.cn,good
12289,you1news.com,good
12290,kaspersky.kz,good
12291,szexkepek.net,adult
12292,tubetubetube.com,adult
12293,grv.media,good
12294,fkdpanda.com,good
12295,lotarija.mk,illegal
12296,analonly.com,adult
12297,exoticmozambique.com,adult
12298,desipapa.xxx,adult
12299,wsrv.nl,good
12300,hlx.page,good
12301,halloporno.net,adult
12302,bestamateurtgp.com,adult
12303,gocertify.me,good
12304,sexxxtube.net,adult
12305,sakuralive.com,adult
12306,pornselect.org,adult
12307,eroticmonkey.ch,adult
12308,clc2l.com,good
12309,alltube8.com,adult
12310,porno-bar.com,adult
12311,ping.pe,good
12312,cuckoldsporn.porn,adult
12313,surfshark.com,good
12314,jkt48.com,good
12315,infocasino.es,illegal
12316,gentingcasino.se,illegal
12317,ifeedreaders.com,good
12318,pornomineiro.com,adult
12319,momrape.com,adult
12320,lbanke.com,good
12321,onepornlist.com,adult
12322,videosmamas.top,adult
12323,lucahcikgu.com,good
12324,ignimgs.com,good
12325,reason.org,good
12326,fansmetrics.com,good
12327,videosxxxcerdas.net,adult
12328,intercom.help,good
12329,evolutiongaming.com,illegal
12330,bestasianvideos.com,adult
12331,feedherfuckher.com,adult
12332,softgarden.io,good
12333,enterprisezine.jp,good
12334,jastrzabpost.pl,good
12335,stringr.com,good
12336,himalayanbank.com,good
12337,chinawuliu.com.cn,good
12338,toptrendyinc.com,good
12339,theyeshivaworld.com,good
12340,telegraph.bg,good
12341,mtmx18.jp,adult
12342,teqsa.gov.au,good
12343,premiumindianporn.com,adult
12344,bcbd123.com,good
12345,groupe-telegramme.com,good
12346,shinsegaetvshopping.com,good
12347,uibcdn.com,good
12348,gamepcfull.com,illegal
12349,xxxtube.vip,adult
12350,luckymeslots.dk,illegal
12351,hqthaiporn.com,adult
12352,bgocoldchain.com,good
12353,gcs-web.com,good
12354,chengdu.gov.cn,good
12355,tokyoslaves.com,adult
12356,viveport.com,good
12357,findbigcocks.com,adult
12358,line-apps.com,good
12359,eep.io,good
12360,backlinkcheck.com,good
12361,lezporn.net,adult
12362,liveneongirls.com,adult
12363,bustycafe.com,adult
12364,ratemyamateurporn.com,adult
12365,vlibras.gov.br,good
12366,carfax.ca,good
12367,mynitro.io,illegal
12368,filthflix.com,adult
12369,pussy-pics.net,adult
12370,dreambdsm.com,adult
12371,phonesexwithdaddysgirl.com,adult
12372,basile.io,good
12373,xxxpornblogs.org,adult
12374,luma.com,good
12375,tayori.com,good
12376,predpredaj.sk,good
12377,sexivideo.net,adult
12378,shanghairanking.com,good
12379,airtimechicks.com,adult
12380,tangotiger.com,good
12381,32redapp.com,illegal
12382,tinomedia.com,adult
12383,moesenreport.com,adult
12384,vampland.com,adult
12385,forum-candaulisme.fr,adult
12386,herzindagi.com,good
12387,bushporn.com,adult
12388,freshteenporn.com,adult
12389,manoramahorizon.com,good
12390,vintagesextube.name,adult
12391,livesexl.com,adult
12392,oc.eu,good
12393,milkmycock.com,adult
12394,sexyindiafilms.com,adult
12395,cumphotos.net,adult
12396,nangaspace.com,good
12397,echo24.cz,good
12398,doubleclickbygoogle.com,good
12399,lunion.fr,good
12400,guilinlife.com,good
12401,muslimporn.com,adult
12402,indoporntv.com,adult
12403,pornlive.com,adult
12404,ostexport.com,good
12405,titsplz.com,adult
12406,ftuapps.dev,good
12407,shenyuncreations.com,good
12408,gaypornolist.com,adult
12409,redirspinner.com,good
12410,customs.gov.cn,good
12411,cntronics.com,good
12412,babylonmoscow.com,good
12413,softnep.com,good
12414,italianxxx.pro,adult
12415,nobonusaffiliates.com,good
12416,newgaypass.com,adult
12417,porntv.top,adult
12418,bienici.com,good
12419,teens-erotica.com,adult
12420,goasiantube.com,adult
12421,wefunder.com,good
12422,fortunejackpartners.com,illegal
12423,heyzo.com,adult
12424,xxxtubezoo.shop,adult
12425,hdsexz.com,adult
12426,bftgirls.com,adult
12427,ottawacitizen.com,good
12428,9cha11.cc,good
12429,podme.com,good
12430,B2n.ir,good
12431,pinchalou.com,good
12432,doncaprio.com,good
12433,boniohneeinzahlung.com,illegal
12434,nudewomenpics.net,adult
12435,milfpayperview.com,adult
12436,dapao.xyz,illegal
12437,latinamericancupid.com,good
12438,cottonbureau.com,good
12439,femmesnues.biz,adult
12440,seexxarab.com,adult
12441,lady-sonia.com,good
12442,contineljs.com,good
12443,xxnxx.lat,adult
12444,adultvideodump.com,adult
12445,errrotica.com,adult
12446,kariyerkapisi.gov.tr,good
12447,myballoonporn.com,adult
12448,36dianping.com,good
12449,celebsuncensored.com,adult
12450,taose520.com,adult
12451,theporndata.com,adult
12452,i-movieth.com,adult
12453,kinkvr.com,adult
12454,bazoocam.org,good
12455,cdnjhd.com,good
12456,mailchimpmarketingsuccess.com,good
12457,freelancer.co.ke,good
12458,shandong.gov.cn,good
12459,free-gang-bangs.com,adult
12460,baberoticavr.com,adult
12461,webpay365.com,good
12462,www.uz,good
12463,aleysk22.ru,good
12464,ihookup.com,adult
12465,cctvmall.com,good
12466,starlinktalk.com,good
12467,u.to,good
12468,videozzone.com,good
12469,go-vip.net,good
12470,vayagif.com,good
12471,miravia.es,good
12472,pixel.google,good
12473,pornpleasure.biz,adult
12474,docuchina.cn,good
12475,publio.pl,good
12476,fuckingmegood.com,adult
12477,coovun.com,good
12478,femdomlive.com,adult
12479,sexfilme.best,adult
12480,sorare.com,good
12481,best-sex-cam.info,adult
12482,vintageteenporn.pro,adult
12483,dynadot.com,good
12484,hornysexblogs.com,adult
12485,braziltgirls.xxx,adult
12486,over-blog.net,good
12487,mopoga.com,adult
12488,sexxxydesiporn.com,adult
12489,kondice.cz,good
12490,gdconf.com,good
12491,bragg.games,good
12492,thotslife.com,adult
12493,dianyuan.com,good
12494,movzer.com,good
12495,intimcams.com,adult
12496,porngifs.xxx,adult
12497,facesittingmoms.com,adult
12498,swoogo.com,good
12499,egeszsegkalauz.hu,good
12500,newsie.social,good
12501,spanish18.com,adult
12502,milffabrik.com,adult
12503,pagerankr.com,good
12504,pornox365.com,adult
12505,pornosaitebi.com,adult
12506,takepornmovies.com,adult
12507,journalismtrustinitiative.org,good
12508,gogamepartners.com,illegal
12509,my.club,good
12510,webscountry.com,good
12511,xiangpiniu.com,good
12512,bluedaohang.club,good
12513,jkbrkwjuibr.com,good
12514,naughtydiscount.club,adult
12515,mangahentai.co,adult
12516,citytourgirls.com,adult
12517,seduo.sk,good
12518,vacancesweb.be,good
12519,videoscaserosmadurasxxx.com,adult
12520,kampyle.com,good
12521,itsmyurls.com,good
12522,groupem6.fr,good
12523,xinghuodh.com,good
12524,insurads.com,good
12525,raredownload.net,good
12526,lacasadelosfamososmexico.tv,good
12527,casinorama.com,illegal
12528,ldwgroup.com,good
12529,affitown.jp,good
12530,yelp.it,good
12531,freelancer.com.pe,good
12532,topu2020.com,good
12533,party.pl,good
12534,thebondagefiles.com,adult
12535,ettelaat.com,good
12536,hockey-reference.com,good
12537,religija.mk,good
12538,grannymommy.com,adult
12539,biomar.com,good
12540,sexo-vids.com,adult
12541,whoreisland.net,adult
12542,lesbianx.com,adult
12543,porntourist.com,adult
12544,paye1.org,good
12545,yanksvr.com,adult
12546,nisshokyo.or.jp,good
12547,arousingvids.life,adult
12548,fpncash.com,good
12549,xxxmobilporn.net,adult
12550,incsr.eu,good
12551,fanza.com,adult
12552,pvvstream.pro,good
12553,ai-dreamgirls.com,adult
12554,rockradio.pl,good
12555,fznews.com.cn,good
12556,gqhongkong.com,good
12557,gmo.media,good
12558,freemomxxx.com,adult
12559,kaipai.com,good
12560,ynetnews.com,good
12561,cached.cyou,adult
12562,tnc.com.cn,good
12563,mykhel.com,good
12564,fhcontent.com,good
12565,partyhardcore.name,good
12566,chaturbate-ebony.com,adult
12567,xxxindian.cyou,adult
12568,onlinekasiinod.com,illegal
12569,glassdoor.be,good
12570,gettyimages.be,good
12571,planetkenthir.com,good
12572,8591.com.hk,good
12573,myvintagep.com,adult
12574,lesbiansexcupid.com,adult
12575,plussmobil.no,good
12576,telehit.com,good
12577,centresuite.com,good
12578,nudevista.tw,adult
12579,prop24.com,good
12580,presse-citron.net,good
12581,bioeg.de,good
12582,japanhqxxx.com,adult
12583,foxsports.android,good
12584,gizmodo.com.br,good
12585,tamilnet.com,good
12586,eurosexscene.com,adult
12587,xxxvideo.lol,adult
12588,amateur-pornofotos.com,adult
12589,amateurcuntlips.com,adult
12590,phimhinh.com,adult
12591,crispindiansex.com,adult
12592,shemalephonesex.co.uk,adult
12593,interracialsexstories.net,adult
12594,healthing.ca,good
12595,analqts.com,adult
12596,violanews.com,good
12597,teamio.com,good
12598,ayacnews2nd.com,good
12599,tebeo.bzh,good
12600,ahanprice.com,good
12601,churchgatepartners.com,good
12602,gaminglabs.com,good
12603,exgirlfriendsluts.com,adult
12604,gruppotim.it,good
12605,momporn.xxx,adult
12606,freepovporn.com,adult
12607,iol.it,good
12608,igape.es,good
12609,tokyoadultguide.com,adult
12610,kakh-labkhand.net,good
12611,lesvoyagesdelalibre.be,good
12612,dismall.com,good
12613,szse.cn,good
12614,yelp.com.sg,good
12615,cartoonxxx.info,adult
12616,momspussy.net,adult
12617,fantasymaturep.com,adult
12618,milkandt.com,good
12619,cuantafauna.com,good
12620,tuboporno.net,adult
12621,lamalinks.com,adult
12622,sexyaf.net,adult
12623,videovecchietroie.com,adult
12624,blogmarks.net,good
12625,gettogether.community,good
12626,18huluwa.com,adult
12627,footballi.net,good
12628,gqmagazine.fr,good
12629,artlib.ru,good
12630,itshirts.ru,good
12631,kiosquemag.com,good
12632,omni.se,good
12633,xvideos-de.com,adult
12634,singleamericangirls.com,good
12635,jit.si,good
12636,moodyz.com,adult
12637,fapfappy.com,adult
12638,modelcastingcall.com,good
12639,sexyvintage80s.com,adult
12640,Adultgamesworld.com,adult
12641,harddrivebenchmark.net,good
12642,conselleriadefacenda.es,good
12643,freelancer.cl,good
12644,banothamot.org,adult
12645,sexyfuck.me,adult
12646,slotxo24hr.win,illegal
12647,canada-tgirl.com,adult
12648,okno.mk,good
12649,videospornogratisx.net,adult
12650,fuck55.net,adult
12651,bidswitch.net,good
12652,anal.media,adult
12653,haosebao.com,adult
12654,bigtitinvasion.com,adult
12655,teenassholeporn.com,adult
12656,dirtyzooporn.shop,adult
12657,casinogrounds.com,illegal
12658,bezzymigraine.com,good
12659,go8.edu.au,good
12660,livefyre.com,good
12661,lasolitaire.com,good
12662,porn-avi.com,adult
12663,bulevar.mk,good
12664,pornx.to,adult
12665,partnerbcgame.com,illegal
12666,kit.com,good
12667,phonesexwork.net,adult
12668,desifakes.com,adult
12669,blockedpages.com,good
12670,sexvideo-film.com,adult
12671,sexyescortsinbeirut.com,adult
12672,skypixel.com,good
12673,indianmovs.com,adult
12674,gamesdirectoryworld.com,good
12675,storyporntube.com,adult
12676,eidolocal.gal,good
12677,caesars.com,illegal
12678,spletnestave.com,illegal
12679,topsitedirectory.net,adult
12680,zenim-se.info,good
12681,badteenspunished.com,adult
12682,waqi.info,good
12683,mangahere.com,good
12684,privatmodels24.com,adult
12685,gentlefieldpattern.com,good
12686,freegrannyvideos.com,adult
12687,hentaia.net,adult
12688,indonesianescorts.info,adult
12689,videosxxxmexicanas.com,adult
12690,snipurl.com,good
12691,hotasiantgp.com,adult
12692,trustpilot.net,good
12693,cuckoldphonesexwife.com,adult
12694,bestgaypass.com,adult
12695,miakhalifa.com,adult
12696,escortdude.com,adult
12697,meetingtransexuals.com,adult
12698,dirtylittlewhore.com,adult
12699,pornmovieshot.com,adult
12700,profreeporno.com,adult
12701,pathivu.com,good
12702,ohmygaming.partners,good
12703,ancestry.ca,good
12704,lacynylons.com,good
12705,evolova.com,good
12706,thefreesite.com,good
12707,11freunde.de,good
12708,eroticfuckvids.com,adult
12709,recruitment.lv,good
12710,allblackx.com,good
12711,edgedatg.com,good
12712,chargebee.com,good
12713,oksexdoll.com,adult
12714,starzinotracker.com,good
12715,cash.app,good
12716,bliss-babes.com,adult
12717,gamesrv1.com,good
12718,freelancer.com.ua,good
12719,tuttobolognaweb.it,good
12720,freematuresgallery.com,adult
12721,xvideos2.pro,adult
12722,interracialcupid.com,adult
12723,jobteaser.com,good
12724,thaisexfilms.com,adult
12725,sdf.org,good
12726,abcnewsstore.com,good
12727,dragalialost.wiki,good
12728,bola88pp.org,illegal
12729,mipang.com,good
12730,20aff.com,good
12731,a-hentai.tv,adult
12732,freevoyeurnude.com,adult
12733,ssref.net,good
12734,wpcdn.pl,good
12735,grandpoker.eu,illegal
12736,bezzyms.com,good
12737,classicpornonline.com,adult
12738,amazing-asses.com,adult
12739,morf.id,good
12740,audible.com.br,good
12741,adultmediafinder.com,adult
12742,imake.porn,adult
12743,bustycafe.net,good
12744,sipradi.com.np,good
12745,oldgaysbear.com,adult
12746,xxxmom.pro,adult
12747,vrpornjack.com,adult
12748,tube8-pornos.com,adult
12749,kyodonews.net,good
12750,emily-grayson.online,good
12751,nylonpicks.com,good
12752,top-sex-videos.com,adult
12753,xxxgirlsporn.com,adult
12754,japanesefemdomvideos.com,adult
12755,mrpornsites.net,adult
12756,click-here-porn.com,adult
12757,doctoralia.com.mx,good
12758,openbadges.me,good
12759,gifhubporn.com,adult
12760,wifemovies.net,adult
12761,vxsbill.com,good
12762,dmm-corp.com,good
12763,thesportstak.com,good
12764,xxxtubeshub.com,adult
12765,transbella.com,illegal
12766,bigmouthfuls.com,adult
12767,promoslotoro.com,illegal
12768,idbi.bank.in,good
12769,fuchsporn.com,adult
12770,porn-film.pro,adult
12771,kaspersky.com.hk,good
12772,sarinavalentina.com,good
12773,sourdline.com,good
12774,pszn.cz,good
12775,limetorrent.to,illegal
12776,amateurincest.org,illegal
12777,pornwatts.com,adult
12778,nicegirlsfucked.com,adult
12779,themeruby.com,good
12780,bondageaiporn.com,adult
12781,tiava.name,adult
12782,france24-mcd-rfi.com,good
12783,voxi.co.uk,good
12784,asianxxxgirls.cc,adult
12785,yourimmo.de,good
12786,37status.com,good
12787,imgwet.com,good
12788,primepornlist.com,adult
12789,twelvefifteen.net,good
12790,rundfunkbeitrag.de,good
12791,teenporn24.net,illegal
12792,db.jobs,good
12793,glassdoor.de,good
12794,alpinefloor.su,good
12795,megatitspost.com,good
12796,teenadultvideo.com,illegal
12797,virtualgirls.pro,adult
12798,monkeycdn.com,good
12799,fastsoso.cn,good
12800,xxxtik.net,adult
12801,kaspersky.dk,good
12802,demandbase.com,good
12803,seshop.com,good
12804,xHamster.com,adult
12805,eroticjapan.com,adult
12806,amateur-tagebuch.com,adult
12807,afterlife-ragnarok.com,good
12808,gettyimages.de,good
12809,mix.com,good
12810,ok-xxx.com,adult
12811,amateurcommunity.gratis,adult
12812,ndchost.com,good
12813,cgu.gov.br,good
12814,perfectgirls.click,adult
12815,samuraipartners.com,illegal
12816,sweetlicious.net,adult
12817,hijabhookup.com,adult
12818,shogakukan.co.jp,good
12819,jali.me,good
12820,shuzio.com,good
12821,smithsonianjourneys.org,good
12822,ticketac.com,good
12823,ynpxrz.com,good
12824,ai-girlfriend.co,good
12825,ptcdn.info,good
12826,wankworld.com,adult
12827,f1technical.net,good
12828,escortamsterdam1.com,adult
12829,hamstube.com,adult
12830,jordanaviation.jo,good
12831,teendailytube.com,adult
12832,fritz.com,good
12833,goidirectory.gov.in,good
12834,tjeezers.cam,adult
12835,dream.bet,illegal
12836,okcis.cn,good
12837,lezbohoneys.com,adult
12838,football.fr,good
12839,brasiltudoliberado.com,good
12840,rant.li,good
12841,sexycams69.com,adult
12842,tightsexporn.com,adult
12843,ynjn.jp,good
12844,sonp.or.th,good
12845,justbet.co,illegal
12846,fu8k.com,adult
12847,primeslots.co.uk,illegal
12848,sexyxxxass.com,adult
12849,lavenir.net,good
12850,jdoqocy.com,good
12851,free-assparade-pics.com,adult
12852,vendasta.com,good
12853,dtscdn.com,good
12854,erotischekontakte.com,adult
12855,site123.me,good
12856,stepstone.be,good
12857,exiraz.com,good
12858,casinocosmopol.se,illegal
12859,ashemaletv.com,adult
12860,bauer-plus.de,good
12861,bizbudding.com,good
12862,rapidapi.com,good
12863,gettyimages.fi,good
12864,impact-ad.jp,good
12865,connexity.com,good
12866,sextaped.com,adult
12867,babecall.com,good
12868,downkuai.com,good
12869,gamingcontrolcuracao.org,good
12870,iltapulu.fi,good
12871,hitwebcounter.com,good
12872,chips2.win,illegal
12873,yesvids.com,adult
12874,erotische-schweiz.ch,adult
12875,unimap.edu.my,good
12876,sexpornpictures.com,adult
12877,nudepornpictures.com,adult
12878,bigtitssexmovies.com,adult
12879,stripporntube.com,adult
12880,presidente.gal,good
12881,babesandbitches.net,adult
12882,dachix.com,adult
12883,ocsport.com,good
12884,srgssr.ch,good
12885,winzmedia.top,good
12886,tynulis.com,adult
12887,traffic-media.co.uk,good
12888,tegna-media.com,good
12889,8wayrun.com,good
12890,gamedeveloper.com,good
12891,virtualgirlporn.com,adult
12892,mianhuatang.co,good
12893,vironlisenssikasinot.com,illegal
12894,goldfmnews.lk,good
12895,pizdefrumoase.top,adult
12896,sexytext.com,adult
12897,sdc.com,good
12898,lightspeedhq.com,good
12899,ticketswizard.com,good
12900,maduras.best,adult
12901,hqvsex.com,adult
12902,boabronha.com,adult
12903,sjzdaily.com.cn,good
12904,amcnconnect.com,good
12905,berbuatbaik.id,good
12906,jenmadison.com,good
12907,livescoregroup.com,good
12908,mixretro.com,adult
12909,vintagemilf.pro,good
12910,edmontonsun.com,good
12911,fapster.xxx,adult
12912,anal.casa,adult
12913,techaro.lol,good
12914,eispop.com,adult
12915,moustique.be,good
12916,tube4k.com,adult
12917,asiantube.tv,adult
12918,fotzenporno.com,adult
12919,sexysets.net,adult
12920,anzhuo.cn,good
12921,phone-sex.co.uk,adult
12922,pewex.pl,good
12923,freetubep.com,adult
12924,miodottore.it,good
12925,wildfortune8.io,illegal
12926,gqkorea.co.kr,good
12927,nostrabet.co.uk,illegal
12928,thecreepybookclub.com,good
12929,firstanaldate.com,adult
12930,kostenlosereifefrauen.com,adult
12931,vaginke.me,good
12932,xxx-sex.org,adult
12933,casinosiderudenomrofus.com,illegal
12934,lesbianpornq.com,adult
12935,qlitics.com,good
12936,setka.ru,good
12937,intel.cn,good
12938,shuzik.com,good
12939,billieeilishporn.com,adult
12940,ppxcm.com,good
12941,nudecams.cam,adult
12942,sex-cam-webcams.com,adult
12943,connect.de,good
12944,ikea.es,good
12945,gfx.ms,good
12946,idbibank.com,good
12947,impureteens.com,adult
12948,youngjump.jp,good
12949,refresher.hu,good
12950,emiratescasino.com,illegal
12951,shorturl.asia,good
12952,watchmyexgf.net,good
12953,bayan.co.ir,good
12954,boodigo.com,adult
12955,sinajs.cn,good
12956,lotustechnologies.lk,good
12957,cdnbunny.org,good
12958,lemensuel.com,good
12959,milfslikeitbig.com,adult
12960,sexhdr.com,adult
12961,pussyporn.vip,adult
12962,求人ボックス.com,good
12963,hairypornotube.com,adult
12964,damnbang.com,adult
12965,pornoliveshows.com,adult
12966,traffic-manager.net,good
12967,francemm.com,good
12968,zzfull.com,good
12969,lookfreshp.com,adult
12970,europemodels24.com,adult
12971,fingerfrigging.com,adult
12972,betanything.eu,illegal
12973,casinochileonline.net,illegal
12974,bettermodelpayout.com,adult
12975,s-onetag.com,good
12976,yelp.com.ph,good
12977,18sqdh.com,adult
12978,porn-porn.biz,adult
12979,gotporn.tel,adult
12980,ziweishuba.icu,good
12981,biomart.cn,good
12982,adultplace.com,adult
12983,gettyimages.se,good
12984,insidevoa.com,good
12985,69ycc.xyz,good
12986,gentingcasino.dk,illegal
12987,yts.do,illegal
12988,bbwdatingsites.org,adult
12989,pornosaiti.com,adult
12990,realfilipinaamateurs.com,adult
12991,luckypantsbingo.com,illegal
12992,unidadeditorial.com,good
12993,asiansexstar.com,adult
12994,x-stars.tv,adult
12995,commerzbank.com,good
12996,qtts.net,good
12997,freeporn8.click,adult
12998,manning.com,good
12999,pornegypt.com,adult
13000,gramedia.com,good
13001,gujarativideos.link,adult
13002,dayshot.com,good
13003,foshannews.net,good
13004,fxopenprime.com,good
13005,hardxnxx.com,adult
13006,pertunda.com,good
13007,hrtyj.com,good
13008,rocketgate.com,good
13009,wonderpush.com,good
13010,schleswig-holstein.de,good
13011,bukkakeaiporn.com,adult
13012,restomp-excity.online,good
13013,lnk.bio,good
13014,zeldawiki.wiki,good
13015,collegehdsex.com,adult
13016,kingdomgames.com,illegal
13017,titssexq.com,adult
13018,southafricanporn.info,adult
13019,sports-reference.com,good
13020,asoti.net,adult
13021,pornsitesnow.com,adult
13022,nineforbrands.com.au,good
13023,loquax.co.uk,good
13024,cqcb.com,good
13025,playluxx.com.au,adult
13026,intesasanpaoloprivatebanking.it,good
13027,gaydemon.com,adult
13028,hot-xnxx-video.com,adult
13029,ipcworldwide.com,good
13030,p24.hu,good
13031,xxxmofovideos.com,adult
13032,photoanywhere.com,good
13033,videolesbichemature.casa,adult
13034,gywb.cn,good
13035,ebdoor.com,good
13036,cumdropinn.com,adult
13037,teenqueens.net,adult
13038,aboutcamgirls.com,adult
13039,12idr.com,good
13040,allisonangel.info,adult
13041,giants.jp,good
13042,installwhatsapp.net,good
13043,bitrix24.com.tr,good
13044,3d-sex-comic.com,adult
13045,fatsexvideos.net,adult
13046,sexy-teeny.com,adult
13047,ccleaner.com,good
13048,leakslove.com,adult
13049,mobivate.com,good
13050,sourcemobile.fr,good
13051,casinovilag.net,illegal
13052,3d-gays.com,adult
13053,bobvoyeur.com,adult
13054,bitrix24.ae,good
13055,wsj.net,good
13056,freexnxxporn.com,adult
13057,dqklyz.cn,good
13058,maateen.me,good
13059,bitrix24.com.br,good
13060,jquerymobile.com,good
13061,shopdraftkings.com,illegal
13062,kenyancupid.com,good
13063,nudecosplaygirls.com,adult
13064,vebeet.com,good
13065,tlg-api.com,good
13066,gluexmagazin-lotto-sh.de,illegal
13067,atn.edu.au,good
13068,aiporn.contact,adult
13069,jocurigratuite.ro,good
13070,cumonphoto.com,adult
13071,lions-matome.com,good
13072,fapello.com,adult
13073,scam-detector.com,good
13074,footmarseillais.com,good
13075,daily.it,good
13076,truyen-hentai.com,adult
13077,adult-matrix.net,adult
13078,vidscrazy.com,good
13079,supertop-100.com,good
13080,indianporngirl.net,adult
13081,burningangellive.com,good
13082,dads-banging-teens.com,adult
13083,pornodot.net,adult
13084,pikminwiki.com,good
13085,freelancer.ec,good
13086,razorcandi.com,adult
13087,fussballtransfers.com,good
13088,zaya.io,good
13089,s-microsoft.com,good
13090,porkbrothers.com,good
13091,yznews.com.cn,good
13092,gotgayporn.com,adult
13093,casinosapostas.com,illegal
13094,xn--spilavtinnetinuslandi-i0bg1zla.com,illegal
13095,adultreviews.net,adult
13096,iransexi.com,adult
13097,milfswildholiday.com,adult
13098,smut-blogs.com,adult
13099,chegg.org,good
13100,filmgratuitdesexe.com,adult
13101,helpscout.com,good
13102,bookfinder.com,good
13103,topatoco.com,good
13104,pornbub62.com,adult
13105,35p-cheap-phone-sex.com,adult
13106,nastiestpornstars.com,adult
13107,xipics.com,good
13108,yelp.com.tr,good
13109,pornplaybb.com,adult
13110,orange.jo,good
13111,hentai2w.com,adult
13112,marriedbutt.com,adult
13113,privatetreffen.net,good
13114,spinwise.partners,good
13115,spillespille.no,good
13116,teenpornfap.com,adult
13117,jotsex.com,adult
13118,zhuhai.gov.cn,good
13119,hrvatska-lutrija.com,illegal
13120,aquickspank.com,adult
13121,metropormetro.com,good
13122,friendlyjerk.com,good
13123,amateureindeutschland.com,good
13124,52tea.xyz,good
13125,japaneseflashers.com,adult
13126,radiomango.fm,good
13127,latex-sexy-doll.com,adult
13128,bet365.gr,illegal
13129,hhhbook.com,adult
13130,openxcdn.net,good
13131,gaypasswordlinks.com,adult
13132,dailynews.lk,good
13133,czechhunter.com,adult
13134,personare.com.br,good
13135,blogoscop.com,good
13136,kaspersky.co.uk,good
13137,filmesexigratis.com,adult
13138,marketban.com,good
13139,buttmobile.com,good
13140,bytednsdoc.com,good
13141,jumpmancares.co.uk,illegal
13142,BetDon.com,illegal
13143,ipadcasespot.com,good
13144,molindo.at,good
13145,randyblue.com,adult
13146,dirtyfuckingsluts.com,adult
13147,street-of-porn.com,adult
13148,nurulive.com,good
13149,theme4all.com,good
13150,oldnanny.com,adult
13151,diplomeo.com,good
13152,theocc.com,good
13153,velocityxfilms.com,adult
13154,europafm.com,good
13155,adultxxxgames.eu,adult
13156,goldenbull.se,illegal
13157,videosxxxfamiliares.com,adult
13158,cricketbetpro.com,illegal
13159,quince.com,good
13160,cargurus.co.uk,good
13161,gedivisual.it,good
13162,manoramayearbook.in,good
13163,planet-katie.info,good
13164,betchan.com,good
13165,nhadatso.com,good
13166,lusthd.com,adult
13167,tonicporn.com,adult
13168,franceinfo.fr,good
13169,eroanime-movie.com,adult
13170,dhapress.com,good
13171,celebritytube.video,good
13172,mosgu.ru,good
13173,alyporn.com,adult
13174,pornvie.com,adult
13175,hdxxxnow.com,adult
13176,yelp.at,good
13177,deutschegratisporno.de,adult
13178,cgw520.com,good
13179,multichain.com,good
13180,gtflixtv.com,good
13181,doctoralia.pe,good
13182,happynakedteengirls.com,adult
13183,rapeporn.tv,adult
13184,sxs34.cfd,good
13185,kingtraf.com,illegal
13186,tv2.com.tr,good
13187,sexyoung18.com,adult
13188,arabmilf.pro,adult
13189,fetishuno.com,adult
13190,fullvideotube.me,adult
13191,filebokep.com,adult
13192,feetshows.com,adult
13193,sexadept.com,adult
13194,art-lingerie.com,adult
13195,fantezii-erotice.net,adult
13196,runet.me,good
13197,epochtimes.co.kr,good
13198,pornretroclips.com,adult
13199,exelator.com,good
13200,asistentefinanciero.com,good
13201,adamandevefranchise.com,adult
13202,poundedpussies.net,adult
13203,hotgirlscumming.com,adult
13204,8muses.xxx,adult
13205,pornopodborki.ru,adult
13206,9cha23.cc,good
13207,pornhub000.com,adult
13208,ttcache.com,adult
13209,hentaifucking.com,adult
13210,stockroom.com,good
13211,gayvideoondemand.org,adult
13212,male-sex-toys.org.uk,adult
13213,speedtorrent.com,illegal
13214,wggames.cn,good
13215,leaderpost.com,good
13216,giochi123.it,good
13217,fantasygf.ai,adult
13218,sexoasis.biz,adult
13219,trans4fans.com,adult
13220,sexybaccarat168.com,illegal
13221,aisan-porn.org,adult
13222,bola88mu.org,illegal
13223,indonesiancupid.com,good
13224,sava.insure,good
13225,ipmadvertising.be,good
13226,fetishstudy.com,adult
13227,pragmaticplay.com,illegal
13228,sex-austria.com,adult
13229,sexvr.com,adult
13230,pornvideoclip.tv,adult
13231,balitour.net,good
13232,esm.sh,good
13233,pika-kasinot.com,illegal
13234,gostories.com,adult
13235,calgaryherald.com,good
13236,fanbyte.com,good
13237,pornononna.com,adult
13238,tubegaybear.com,adult
13239,vintagetube.me,good
13240,hugescock.com,adult
13241,xxxfilm.bid,adult
13242,app17.com,good
13243,gallerybloggertemplates.com,illegal
13244,thinakaran.lk,good
13245,artofwar.ru,good
13246,eua.eu,good
13247,getproton.me,good
13248,fuckables.org,adult
13249,cnnmexico.com,good
13250,out.be,good
13251,glassdoor.nl,good
13252,beachmodel.com,good
13253,devpost.com,good
13254,genesysaffiliates.com,good
13255,donnenudegratis.com,adult
13256,smutsubmit.com,adult
13257,whitehousecams.com,adult
13258,pelmorex.com,good
13259,mposport.site,good
13260,adm.gov.it,good
13261,premianasledie.ru,good
13262,exclusivepornblogs.com,adult
13263,videosxxxveteranas.com,adult
13264,hartmann-shop.ru,good
13265,dreamtv.com.tr,good
13266,newstool.de,good
13267,maravilha.info,adult
13268,welovecatz.hu,good
13269,iid.jp,good
13270,videosporno.ai,adult
13271,xxx-tube.me,adult
13272,bseipf.com,good
13273,governo.it,good
13274,gplusmedia.com,good
13275,imctrck.com,good
13276,bluepixelsprofits.com,good
13277,lightpdf.com,good
13278,aspiringminds.com,good
13279,bookmarklinks.com,good
13280,tube-for-porn.com,adult
13281,americanmusclehunks.com,good
13282,actionpass.com,illegal
13283,yeniasir.com.tr,good
13284,gndaily.com,good
13285,archdaily.mx,good
13286,watchyoujerk.com,adult
13287,reblog.hu,good
13288,skirtporn.com,adult
13289,pornbase.org,adult
13290,ososedki.com,good
13291,hdxxxfree.com,adult
13292,ehi.com,good
13293,astrology.gr,good
13294,yourxxxtube.net,adult
13295,aiporn.ink,adult
13296,japanese-manga.com,adult
13297,tube8.institute,good
13298,olympic-casino.com,illegal
13299,geilicdn.com,good
13300,amateurporn24.net,adult
13301,hongxiuzh.com,good
13302,escortnews.com,adult
13303,billeriq.com,good
13304,maximum.dating,good
13305,oldnfatmovies.com,adult
13306,hotsexyplumpers.com,adult
13307,opodo.nl,good
13308,blowjobindianporn.com,adult
13309,stmikroyal.ac.id,good
13310,beemoov.com,good
13311,freelancer.pt,good
13312,bunnytube.pro,good
13313,placeholder.com,good
13314,adultlinks.top,adult
13315,langdd.com,good
13316,newstakers.com,good
13317,realmomsonfuck.com,adult
13318,united-internet-for-unicef-stiftung.de,good
13319,free-6-xxx.com,adult
13320,lustex.net,adult
13321,teens-love-oldmen.com,adult
13322,digivarsity.com,good
13323,bbwafx.com,adult
13324,casino1128.com,illegal
13325,alliance4creativity.com,good
13326,amfiles.xyz,adult
13327,Augustinepay.com,good
13328,sexcelebrity.net,adult
13329,tuberb.com,adult
13330,pervxxxmedia.com,adult
13331,coloringcrew.com,good
13332,atam.gov.tr,good
13333,intensedebate.com,good
13334,bustyarianna.com,adult
13335,mgln.ai,good
13336,sexlist.tv,adult
13337,olecams.com,adult
13338,dickfree.com,adult
13339,betmaze.com,illegal
13340,tetonas.best,adult
13341,createyourowncareer.com,good
13342,uniconsent.com,good
13343,brutalbdsmtube.com,adult
13344,1porn.press,adult
13345,mat6tube.makeup,adult
13346,rakutenmarketing.com,good
13347,nubilescash.com,adult
13348,soundcloud.android,good
13349,lexology.com,good
13350,brionydouglas.com,good
13351,xxxmaturesexporntube.com,adult
13352,sitelock.com,good
13353,hanman100.com,good
13354,marporno.com,adult
13355,joypornvideos.com,adult
13356,zhainandaohang.com,adult
13357,morian.icu,good
13358,idbitc.in,good
13359,admarketplace.com,good
13360,sbgi.net,good
13361,3dbadgirls.com,adult
13362,buliang520.com,adult
13363,xxxpornozinho.blog.br,adult
13364,classicpornmovies.pro,adult
13365,pralinevideo.net,adult
13366,livesexcam.org.uk,adult
13367,amateure.net,adult
13368,imlive.com.pl,good
13369,fuckingmotherfucker.com,adult
13370,onzemondial.com,good
13371,rhodeislandbids.us,good
13372,hornyhill.se,adult
13373,3dsexpictures.net,adult
13374,1kmovies.cc,adult
13375,ice-spin.com,good
13376,xxxmom.net,adult
13377,ratemyhornywife.com,adult
13378,skopje1.mk,good
13379,freelancer.com.ar,good
13380,capitaller.ru,good
13381,thephatness.com,adult
13382,7feel.net,good
13383,taylorbow.tv,good
13384,povheaven.com,adult
13385,sexy168.vip,adult
13386,spy.sex,adult
13387,phonesexleaderboard.com,adult
13388,r10s.jp,good
13389,doctoralia.es,good
13390,zarinplus.com,good
13391,allnakedsluts.com,adult
13392,takesbigcock.com,adult
13393,homebbwp.com,adult
13394,zinkra.com,good
13395,firebase.blog,good
13396,aamulehti.fi,good
13397,madoohd.com,good
13398,diwdzong11.cc,good
13399,vertbaudet.co.uk,good
13400,fireemblemwiki.org,good
13401,favefreeporn.com,adult
13402,hotanimaltube.shop,adult
13403,speedysurfcdn.net,good
13404,1xbetth.vip,illegal
13405,mthcdn.com,good
13406,suckcock.one,adult
13407,readme.io,good
13408,kissablekaydin.com,good
13409,101milf.com,adult
13410,devdojo.com,good
13411,porntuber.net,adult
13412,education.gov.in,good
13413,matchwebcam.com,adult
13414,hubsluts.com,adult
13415,leovegasgroup.com,illegal
13416,outdoorbanger.com,adult
13417,otsintood.ee,good
13418,burdamedia.pl,good
13419,static6.com,good
13420,zeroasian.com,adult
13421,aiporn.casa,adult
13422,aiservice.vn,good
13423,macstadium.com,good
13424,playhugelottos.com,illegal
13425,iheartmedia.com,good
13426,wikihowfarsi.com,good
13427,iphone4kwallpaper.com,good
13428,chesscomfiles.com,good
13429,crazytimescore.com,illegal
13430,babedump.com,good
13431,eseninpremia.ru,good
13432,okashi-oroshi.net,good
13433,joinaff.com,good
13434,horsebestiality.shop,illegal
13435,xvds.mobi,adult
13436,nudeyoga.biz,adult
13437,allurecams.com,adult
13438,resalat-news.com,good
13439,oldbdsm.com,adult
13440,digital-thread.com,good
13441,bodyinmind.com,good
13442,hoaxbuster.com,good
13443,svenvanbolt.de,good
13444,cam-free.com,adult
13445,pornoincesto.pro,illegal
13446,fucking-homemade.com,adult
13447,porn-movies.xyz,adult
13448,thefetishguide.com,adult
13449,mymp4movies.club,adult
13450,eventim.us,good
13451,norskecasinosider.net,illegal
13452,yotafiles.com,good
13453,borderbangers.com,good
13454,zaiim.com,good
13455,jasmin.com.co,adult
13456,subaonet.com,good
13457,freelancer.de,good
13458,duelbits.io,good
13459,mrsquirt.com,adult
13460,freelancer.com.co,good
13461,mhrdnats.gov.in,good
13462,xhamsterpornos.de,adult
13463,fbref.com,good
13464,tra.gov.eg,good
13465,velesa-mebel.ru,good
13466,areaporn.com,adult
13467,jinja-modoki.com,good
13468,juggworld.com,good
13469,luckymeslots.de,illegal
13470,gigporno.com,adult
13471,voodoo.com,good
13472,lesbianpworld.com,adult
13473,selfdesire.com,adult
13474,usersporn.com,adult
13475,vmo2digital.co.uk,good
13476,kaspersky.co.za,good
13477,pakistanporntube.net,adult
13478,bunnybbwphonesex.com,adult
13479,topescort.com,illegal
13480,tuaskbgnekr.com,good
13481,upbbw.com,adult
13482,lottoindeutschland.de,illegal
13483,monsterhighdolls.ru,good
13484,ladysuzie.com,good
13485,recself.ru,good
13486,adrecover.com,good
13487,hdjavporn.com,adult
13488,freelancer.cn,good
13489,mrplaypartners.com,good
13490,litres.com,good
13491,mr-play.de,illegal
13492,amateurfucking.xyz,adult
13493,trainingindustry.com,good
13494,hdrsextube.com,adult
13495,fastclick.net,good
13496,sexstories.xxx,adult
13497,arabxvid.com,adult
13498,177pica.com,good
13499,imgtiger.com,good
13500,sexarab.club,adult
13501,qianzhengdaiban.com,good
13502,traveler.es,good
13503,prachtvoll.com,good
13504,phone-sex-perts.com,adult
13505,osaka69.com,good
13506,8kteens.com,illegal
13507,elle.ro,good
13508,tanhualou.com,adult
13509,tmwradio.com,good
13510,tranny.one,adult
13511,line-scdn.net,good
13512,forceswarrecords.com,good
13513,gettyimages.com.mx,good
13514,elementscasinoflamboro.com,illegal
13515,girlfolio.com,adult
13516,techdirt.com,good
13517,ahanmelal.com,good
13518,msecure103.com,good
13519,100dicks.com,adult
13520,pornotamil.com,adult
13521,visitcq.net,adult
13522,thelifeerotic.com,adult
13523,raped.name,illegal
13524,betting.bet,illegal
13525,guidingtechmedia.com,good
13526,poznatsvet.cz,good
13527,web.money,good
13528,aipornpictures.net,adult
13529,17k.com,good
13530,fhyx.com,good
13531,asiacomics.com,adult
13532,score24.com,good
13533,casinogruppen.de,illegal
13534,tube8.repair,adult
13535,kds.tw,good
13536,jalebino.com,good
13537,myxxxdl.com,adult
13538,playcity.gov.ua,good
13539,ageverif.com,good
13540,porn8.top,adult
13541,racin.mk,good
13542,pornotube.com,adult
13543,lazybuguru.lt,good
13544,favsite.jp,good
13545,whiskeybabes.com,adult
13546,jbzx.live,good
13547,ikissgirls.com,adult
13548,deinesexfilme.com,adult
13549,reviewedporn.com,adult
13550,alticefrance.com,good
13551,beyondaiporn.com,adult
13552,kolsa.or.kr,good
13553,gobdsmporn.com,adult
13554,mgn-doctor.ru,good
13555,feedpress.me,good
13556,zhazhiji520.com,adult
13557,nudethaichicks.com,adult
13558,porner.tv,adult
13559,dinocams.com,good
13560,xxxarab.org,adult
13561,thanhnien.com.vn,good
13562,net.com,good
13563,glance2shop.com,good
13564,yelp.be,good
13565,bhaskarassets.com,good
13566,onlineuthayan.com,good
13567,blackmodels24.com,adult
13568,queen.gr,good
13569,bsexvideos.com,adult
13570,newsbreak.com,good
13571,watchpfree.com,adult
13572,Baixaki.com.br,good
13573,desicamgirls.com,good
13574,ramarventures.com,good
13575,1000novel.com,adult
13576,vainporno.com,adult
13577,xhamster.desi,adult
13578,faponhd.com,adult
13579,juejin.cn,good
13580,bigtithooker.com,adult
13581,mommy4adultbaby.com,adult
13582,bookmarkbutton.com,good
13583,bejav.net,adult
13584,roboperv.com,adult
13585,sexvideo.one,adult
13586,sexecherche.com,adult
13587,2eroticporn.cc,adult
13588,gamblizard.com,illegal
13589,videospornogratuites.com,adult
13590,fantasyhd.com,adult
13591,grannytubexxx.com,adult
13592,nubbwporn.com,adult
13593,onlyindianporn2.com,adult
13594,asianteengfs.com,adult
13595,pornogrube.com,adult
13596,profm.ro,good
13597,blogwars.com,good
13598,vieillecochonne.net,adult
13599,sexybaccarat168.fun,illegal
13600,roosterspartners.media,good
13601,doxxbet.sk,illegal
13602,yandexcloud.net,good
13603,orientalpornmov.com,adult
13604,vista.com,good
13605,bustycollegecoeds.com,adult
13606,meps.school.nz,good
13607,digitalbox.com,good
13608,pisspanty.com,adult
13609,gullvivalimited.se,good
13610,herfreshmanyear.com,adult
13611,arabporn.me,adult
13612,worldcasinoexpert.ro,illegal
13613,bestsextube.net,adult
13614,fwicki.com,good
13615,clubtaylorrain.com,good
13616,pornmoz.com,adult
13617,myclassictube.com,adult
13618,mobify.cz,good
13619,kaspersky.fi,good
13620,xhamstervideos.de,adult
13621,zattevrienden.be,good
13622,hdfuckvids.com,adult
13623,williamhiggins.com,good
13624,red-life.de,good
13625,imlive.org.uk,good
13626,yelp.cz,good
13627,porn6tube.com,adult
13628,gujarati.icu,adult
13629,ecommerce4all.mk,good
13630,transsensual.com,adult
13631,hotbabessexy.com,adult
13632,usmint.gov,good
13633,yappy.media,good
13634,bigmarker.com,good
13635,oldbdsmovies.com,adult
13636,klbd.in,good
13637,gamepix.com,good
13638,fckporn.com,adult
13639,918fkw.com,good
13640,momswap.com,adult
13641,zurnal.mk,good
13642,atmoskop.cz,good
13643,fuckytube.com,adult
13644,mhaka.com,good
13645,needtwat.com,adult
13646,japanpornhd.com,adult
13647,jumia.com.gh,good
13648,parler.com,good
13649,connecto.io,good
13650,skipthegames.com,good
13651,sr.de,good
13652,gmgard.moe,adult
13653,gettyimages.pt,good
13654,asiayounggirls.com,adult
13655,themill.tech,good
13656,m6pub.fr,good
13657,realspin100.com,illegal
13658,wildteenparties.com,adult
13659,ofkd2020.hu,illegal
13660,gamblingpro.pro,illegal
13661,chatterbate.net,adult
13662,xxxcosplaypornvideos.com,adult
13663,xn--stdlinjen-17a.se,good
13664,servenobid.com,good
13665,jacquieetmichelstars.com,adult
13666,afcdn.com,good
13667,xerotica.com,adult
13668,visa.co.in,good
13669,fullxxxmovie.com,adult
13670,happywithvegas.com,good
13671,nolimitsphonesexhq.com,adult
13672,hdsexok.com,adult
13673,roosterpartner.media,good
13674,logsss.com,good
13675,numiopa.com,adult
13676,lecrabeinfo.net,good
13677,mpires.ru,good
13678,topxxxhindi.com,adult
13679,xfollow.com,good
13680,tgstc.com,good
13681,twlesbian.com,adult
13682,jokeaday.com,good
13683,masterfap.net,adult
13684,xxxszex.org,adult
13685,mihoyo.com,good
13686,ncdex.com,good
13687,thexporn.com,adult
13688,alexandramayerslive.com,good
13689,rlsredirect.com,good
13690,russiandatingmall.com,adult
13691,liveshow-cams.com,adult
13692,ratedicks.net,adult
13693,7sobh.com,good
13694,shatelbox.ir,good
13695,18teenporno.tv,adult
13696,digitalbloom.it,good
13697,watchmyamateurporn.com,adult
13698,hotmoza.com,adult
13699,petiteteens18.com,adult
13700,fuckingmachineporn.com,adult
13701,kissfatass.com,good
13702,pornasiansexvideo.com,adult
13703,phimsexhd.cyou,adult
13704,vintagepornlink.com,adult
13705,mothersblog.gr,good
13706,redealeluia.com.br,good
13707,homepornbay.com,adult
13708,wordpress.net,good
13709,50u.org,good
13710,livesexxx.de,adult
13711,orias.fr,good
13712,readthedocs.org,good
13713,berezovo.ru,good
13714,vegasmaster.com,illegal
13715,boyfun.com,adult
13716,njoag.gov,good
13717,ketchjs.com,good
13718,pg-demo.com,good
13719,indiatodayne.in,good
13720,metaporn.com,adult
13721,videospornomexicanas.org,adult
13722,goldcircle.co.za,good
13723,kosmetichka74.ru,good
13724,servclick1move.com,good
13725,gaybubble.com,adult
13726,xhentai.pro,adult
13727,openverse.org,good
13728,calgarysun.com,good
13729,yelp.es,good
13730,diabolic.com,good
13731,merkurporn.com,adult
13732,gqindia.com,good
13733,pixmenow.com,adult
13734,footballmanager.com,good
13735,preference.be,good
13736,cum-porn-tube.com,adult
13737,pricerunner.com,good
13738,bigboobdreams.com,adult
13739,freelancer.pk,good
13740,databasebenchmarks.net,good
13741,rbb24.de,good
13742,disneynow.com,good
13743,chinesepornhot.com,adult
13744,wildfortune25.io,illegal
13745,playfinapartners.com,good
13746,predb.me,illegal
13747,picx.space,good
13748,filipinofuck.com,adult
13749,ratenow.us,good
13750,hotshag.com,adult
13751,cryoutcreations.eu,good
13752,fresonmagic.com,good
13753,thelotter.mx,illegal
13754,desiraesworld.com,adult
13755,libertateapentrufemei.ro,good
13756,buondua.com,adult
13757,adultcamslover.com,adult
13758,forbes.hu,good
13759,red-life.net,good
13760,maturetroie.com,adult
13761,e-i.com,good
13762,boobychristmas.com,adult
13763,gapemypussy.com,adult
13764,redwap.pro,adult
13765,gentlemanbonus.com,illegal
13766,claro.com.hn,good
13767,thinakkural.lk,good
13768,kompozme.top,good
13769,betzrd.com,good
13770,weloveboyz.com,good
13771,logmeinrescue.com,good
13772,dancingbear.com,good
13773,simonscans.com,good
13774,yts.lt,illegal
13775,corporate.epson,good
13776,sexyrealsexdolls.com,adult
13777,zgjx.cn,good
13778,sachsen-models.net,adult
13779,creatorzine.jp,good
13780,mrfuck.net,adult
13781,kostenlosepirnos.de,adult
13782,exposure.co,good
13783,relax.by,good
13784,hsappstatic.net,good
13785,freehostia.com,good
13786,purrdesign.com,good
13787,locanto.com,good
13788,katsubet.partners,good
13789,wazdan.com,illegal
13790,hornybbwporn.com,adult
13791,relax-gaming.com,illegal
13792,tinaporn.com,adult
13793,starfoxwiki.info,good
13794,freebearporn.com,adult
13795,distritocomedia.com,good
13796,bestcasinosnetwork.com,illegal
13797,xxxfreshpics.com,adult
13798,pressenaevnet.dk,good
13799,beautifulandbusty.com,adult
13800,ladyboy.xxx,adult
13801,588tool.com,good
13802,abebooks.ca,good
13803,tetonas.icu,adult
13804,cybernavidad.com,good
13805,digi-world.tv,good
13806,wargers.org,adult
13807,allmimi.live,good
13808,fsb.com.br,good
13809,aiporn.beauty,adult
13810,purebbwtube.com,adult
13811,pgslotfish1.com,illegal
13812,rapesexvideo.com,illegal
13813,primeslots.de,illegal
13814,unglobalcompact.org,good
13815,hypemaps.com,good
13816,indiatodaygroup.com,good
13817,reneerossvideos.com,adult
13818,lunubetplay.com,illegal
13819,avon.com.tw,good
13820,bojana-nudist.com,adult
13821,khoshgelshoo.com,good
13822,grayvee.com,good
13823,woxxxo.com,illegal
13824,tube8.news,good
13825,potato7.com,good
13826,wurfl.io,good
13827,tagstat.com,good
13828,blueidea.com,good
13829,baharan.co,good
13830,japxnxx.com,adult
13831,pervxxxtubes.com,adult
13832,service-cmp.com,good
13833,wikibound.info,good
13834,jpostlite.co.il,good
13835,mdstrm.com,good
13836,adtech.de,good
13837,deutscheamateure24.com,adult
13838,officialmemorabilia.com.au,good
13839,sexdating-community.com,adult
13840,barecdn.com,adult
13841,1fetish.org,adult
13842,xn--tiniporn-23a.hu,adult
13843,magentacloud.de,good
13844,nudeballet.org,adult
13845,ywxi.net,good
13846,zaloapp.com,good
13847,xitongzhijia.net,good
13848,hqmilfsex.com,adult
13849,hornyandhappy.com,adult
13850,gayvideo.blog,adult
13851,asianbabecams.com,adult
13852,beeg18.com,adult
13853,madamdolly.com,good
13854,click.ro,good
13855,granny-phonesex.com,adult
13856,xingba360.com,adult
13857,hazipatika.com,good
13858,pornstarslikeitbig.com,adult
13859,emagazin.mk,good
13860,freesex-only4you.com,adult
13861,join-shortest.com,good
13862,dagfs.com,adult
13863,drakensang.com,good
13864,c-ctrip.com,good
13865,dmcGO.com.my,illegal
13866,swissinfo.ch,good
13867,i-love-mature.com,adult
13868,drmahdighazi.com,good
13869,100voyeur.com,adult
13870,bestchange.app,good
13871,vanitha.in,good
13872,pornohirschxxx.de,adult
13873,partsmansxxxlinks.com,adult
13874,jobijoba.com,good
13875,chinaporn.tv,adult
13876,kidicaruswiki.org,good
13877,bitcasino.io,illegal
13878,phonesexy.com,adult
13879,forrst.com,good
13880,shishnet.org,good
13881,signnow.com,good
13882,quebecormedia.com,good
13883,tgirlpostop.com,adult
13884,webone.co,good
13885,tukuppt.com,good
13886,exoticdrc.com,adult
13887,mr-gamble.com,illegal
13888,metamedialinks.com,good
13889,sex18.cam,adult
13890,undressaiapp.pro,adult
13891,blowjobpayperview.com,adult
13892,sndimg.com,good
13893,bengali21.top,adult
13894,boobslover.net,adult
13895,dpgmediagroup.gr,good
13896,blacksonsluts.com,adult
13897,topsport.mk,good
13898,paerchencams.com,adult
13899,leovegas.es,illegal
13900,helixstudios.com,adult
13901,ancestry.it,good
13902,nicesextube.pro,adult
13903,visa.de,good
13904,mooon-princess.com,illegal
13905,baomitu.com,good
13906,freeusemilf.com,adult
13907,gossipmembers.com,good
13908,lfx.dev,good
13909,thescottishsun.co.uk,good
13910,ya-zdorovyi.com,good
13911,crobox.com,good
13912,adameve.ca,good
13913,anysex.monster,adult
13914,bbwfire.com,adult
13915,asian-porn-videos.net,adult
13916,onemall.vn,good
13917,pornrabbit.com,adult
13918,skul.pl,good
13919,rideaucarletoncasino.com,illegal
13920,2girlsteachsex.com,adult
13921,squirters.name,adult
13922,ai-nudes.ai,adult
13923,thepornclips.net,adult
13924,foxcincy.com,good
13925,bureauveritas.lv,good
13926,manydicks.com,adult
13927,vivid.com,good
13928,wycs001.xyz,good
13929,eroticjp.com,adult
13930,fuckmypussy.club,adult
13931,simplecastcdn.com,good
13932,torrentgalaxy.to,illegal
13933,polskiefilmyporno.com,adult
13934,jib.store,good
13935,productzine.jp,good
13936,zhongche.com,good
13937,theme-junkie.com,good
13938,pornitro.com,adult
13939,sekasavidiyo.com,adult
13940,sex-xnxx.com,adult
13941,yelp.com.br,good
13942,megastock.ru,good
13943,ozerny.ru,good
13944,grooby.com,adult
13945,kick.com,good
13946,24xcdn.top,good
13947,internationalcupid.com,good
13948,gq-magazine.co.uk,good
13949,usercash.com,good
13950,md1234.com,adult
13951,ometria.com,good
13952,newsprivacy.co.uk,good
13953,deutschefickfilme.net,adult
13954,bbwhdmovie.com,adult
13955,stepstone.com,good
13956,spelletjes.io,good
13957,withgrandma.com,good
13958,ah-soft.com,good
13959,yourmomsgotbigtits.com,adult
13960,paypay.ne.jp,good
13961,kazinolietuva.com,illegal
13962,lostbetsgames.com,adult
13963,lapor.go.id,good
13964,mediaflux.ro,good
13965,atp.fox,good
13966,urbanlifehk.com,good
13967,sexfilm.best,adult
13968,madresculonas.top,adult
13969,neuerotik.com,adult
13970,milfhunter.com,adult
13971,yuhhhh.com,adult
13972,indianporncloud.com,adult
13973,wildpartners.app,good
13974,goldenhero.com,good
13975,portaldaqueixa.com,good
13976,unlimited-porn-free.com,adult
13977,xdom.biz,good
13978,bank.gov.ua,good
13979,blogsome.com,good
13980,hotchicksdaily.com,good
13981,nordicbet.dk,illegal
13982,bustyparadise.com,adult
13983,theweek.in,good
13984,camzter.tv,adult
13985,pornforfreegallery.com,adult
13986,pornorips.com,adult
13987,splatoonwiki.org,good
13988,admissions.nic.in,good
13989,videosxxxalemanas.com,adult
13990,teengirlphotos.com,adult
13991,freelancer.co.it,good
13992,ipornu.com,adult
13993,animal-zilla.com,illegal
13994,dlsite.jp,good
13995,huatu.com,good
13996,analdriveway.com,adult
13997,hotgirlsonfire.com,adult
13998,ssstiktok.org,good
13999,govtech.com,good
14000,cceconptnr.org,good
14001,hypb.st,good
14002,toytoplist.com,adult
14003,abcnewsfe.com,good
14004,bestbloggertemplates.net,good
14005,ismytube.com,adult
14006,in35.com,adult
14007,qmra.eu,good
14008,mompornotube.com,adult
14009,moviepervert.com,adult
14010,exoticcamgirls.com,adult
14011,tourofbooty.com,adult
14012,thrillsaffiliates.com,good
14013,teensanalyzed.com,good
14014,miibeian.gov.cn,good
14015,slutsimulator.com,adult
14016,qingdao.gov.cn,good
14017,erogarga.com,adult
14018,itunman.com,good
14019,os-templates.com,good
14020,hqavhd.com,adult
14021,horuscasino.com,illegal
14022,wowpornlist.xyz,adult
14023,technolife.com,good
14024,box.org,good
14025,hotassblog.com,adult
14026,sextube.kim,adult
14027,69avdh.com,adult
14028,passmachine.eu,good
14029,rhwiki.net,good
14030,netflav.com,adult
14031,xxxteencams.net,adult
14032,latingalore.com,adult
14033,fapforfun.net,adult
14034,pornlive.tv,adult
14035,casascm.pt,good
14036,audiohobby.ru,good
14037,kellyshibarixxx.com,adult
14038,pheinc.com,good
14039,vintagesex.name,adult
14040,stars-datespots.top,good
14041,sex-files.net,adult
14042,ancestrycdn.com,good
14043,churchofjesuschrist.org,good
14044,xmaker.com,good
14045,hotsexypussies.com,adult
14046,everydayhealth.care,good
14047,youngporno.com,adult
14048,indianworldp.com,adult
14049,michelle-aston.com,adult
14050,damnlinks.com,good
14051,nengyuanjie.net,good
14052,idleriot.com,good
14053,kinghost.com,adult
14054,freetrannydating.com,adult
14055,alefbatour.com,good
14056,xn--szrspunci-27a31h.hu,adult
14057,voidstar.com,good
14058,fairskypartners.com,good
14059,arm.com,good
14060,cyberoptik.net,good
14061,erosblog.com,adult
14062,xvideosbr.blog,adult
14063,kolesa.group,good
14064,freshlesbiansclip.com,adult
14065,kaspersky.co.jp,good
14066,Bloggernity.com,good
14067,luckymeslots.co.uk,illegal
14068,socialmediagirls.com,adult
14069,stuntswithcunts.com,adult
14070,dominicancupid.com,good
14071,femmebelle.net,adult
14072,adultptv.com,adult
14073,dreamgf.ai,adult
14074,sxyprn.top,adult
14075,mytattoogirls.com,good
14076,hypeart.com,good
14077,alayans-media.com,good
14078,letmesendtraffic.com,good
14079,relevant-digital.com,good
14080,flyercity.ca,good
14081,gloriaglam.hr,good
14082,celebrityf.com,good
14083,mommygotboobs.com,adult
14084,pornpaysites.net,adult
14085,rakuten.net,good
14086,yequ360.com,adult
14087,blogspottemplate.com,good
14088,bestjapanporn.cc,adult
14089,reddxxx.com,adult
14090,herzporno.com,adult
14091,glassdoor.jp,good
14092,awsd.com,good
14093,ultimatesexvideos.com,adult
14094,viagogo.net,good
14095,krcnr.cn,good
14096,javdb.com,adult
14097,sexyasianescorts.co.uk,illegal
14098,freegayporno.net,adult
14099,gslut.com,adult
14100,github.community,good
14101,herodevs.com,good
14102,shetian.top,good
14103,dps.org.hk,good
14104,singular.net,good
14105,clearsale.com.br,good
14106,videosdemamas.top,good
14107,hostave4.net,good
14108,lanzhou.cn,good
14109,mrsexe.org,adult
14110,takeindianporn.pro,adult
14111,ovh.us,good
14112,chucklefish.org,good
14113,sex-travel.info,adult
14114,gifporntube.com,adult
14115,freenode.net,good
14116,3sat.de,good
14117,prenly.com,good
14118,footjob-hd.net,adult
14119,pawoo.net,good
14120,jinan.gov.cn,good
14121,topchats.com,good
14122,onliporno.net,adult
14123,putalocura.com,adult
14124,ynicom.ru,good
14125,crazynovel.xyz,adult
14126,heidh12.buzz,good
14127,cookinggames.com,good
14128,hydoll.jp,good
14129,all18.me,adult
14130,pro-football-reference.com,good
14131,minute.ly,good
14132,bitmovin.com,good
14133,pornolisa.com,adult
14134,allfreegaycams.com,adult
14135,fundjournalism.org,good
14136,amateurxx.org,adult
14137,severeporn.com,adult
14138,pornstarsnaked.com,adult
14139,indojavku.com,adult
14140,kinkedai.com,adult
14141,discourse-cdn.com,good
14142,identi.io,good
14143,camszone.com,adult
14144,monogay.com,adult
14145,thepornguy.org,adult
14146,pornflix.to,adult
14147,playgrandaffiliates.com,good
14148,topgirl.info,good
14149,camhub.live,adult
14150,moblbaros.com,good
14151,0-dix.com,good
14152,tube8.rent,adult
14153,clickandpledge.com,good
14154,audible.es,good
14155,hercampusmedia.com,good
14156,yiren115.cc,adult
14157,incity.ru,good
14158,varentia.com,good
14159,softwaremarketshare.net,good
14160,dogsandcats.bg,good
14161,zumst.com,good
14162,autoxy.it,good
14163,joker123auto.com,good
14164,shld.net,good
14165,okstate.com,good
14166,cynthiasays.com,good
14167,iscoolmovies.com,good
14168,filtercams.com,adult
14169,emedia.mk,good
14170,wickedphoneaddiction.com,adult
14171,baddies.xxx,adult
14172,painaltube.com,adult
14173,17321.xyz,illegal
14174,porntaboofree.com,adult
14175,zzdh520.com,adult
14176,desipornmovies.net,adult
14177,tnx.africa,good
14178,kleinanzeigenmarkt-rheinland.de,good
14179,teenhardsex.com,adult
14180,roosterspartners.com,good
14181,hdpornly.com,adult
14182,sexyactresses.top,adult
14183,sedotv.com,adult
14184,missouribids.us,good
14185,bideford.com,good
14186,zavitinsk.info,good
14187,website-hit-counters.com,good
14188,thirdworldporn.com,adult
14189,printfriendly.com,good
14190,utsystem.edu,good
14191,hatena.co.jp,good
14192,baharnews.ir,good
14193,monstersofcock.com,adult
14194,lale25725.com,good
14195,aidejeu.ca,good
14196,ttt520.com,adult
14197,oe24cdn.biz,good
14198,picturesaiporn.com,adult
14199,ats-tuning.ru,good
14200,32red.com,illegal
14201,sutekini.shop,good
14202,ajutacopiii.ro,good
14203,3d-lesbian.net,adult
14204,mypornhd.com,adult
14205,tronscan.io,good
14206,anal-beauty.com,adult
14207,eurogirlsongirls.com,adult
14208,robtex.com,good
14209,retropornfilms.com,adult
14210,dirtygaybear.com,adult
14211,xnxxbokep.vip,adult
14212,3d-porn-comics.com,adult
14213,fastmui.com,good
14214,boycam.net,adult
14215,freehotgallery.com,adult
14216,4kwallpaperengine.com,good
14217,una-europa.eu,good
14218,phimsexnhatbankhongche.org,adult
14219,porn-hat.net,adult
14220,leannecrowvideos.com,adult
14221,virgool.io,good
14222,brandnewamateurs.com,adult
14223,padapawn.com,adult
14224,onlyxhamster.com,adult
14225,camworldx.com,adult
14226,geiledamen.com,adult
14227,totoleak.com,adult
14228,yummygirl.com,adult
14229,vishivay.com,good
14230,91p789.com,good
14231,coxenterprises.com,good
14232,pornohdv.com,adult
14233,ancestry.mx,good
14234,sexyfreundin.com,adult
14235,seksmet.nl,adult
14236,myamateurwebsite.com,adult
14237,sexkontakt.com,adult
14238,adtima.vn,good
14239,tragaperrasgratis.com,illegal
14240,gayvideo.gay,adult
14241,xxx-shemaletube.com,adult
14242,canlitv.direct,good
14243,classicpornotube.com,adult
14244,sdk.mk,good
14245,alumaetg.com,good
14246,onlyallsites.com,adult
14247,bestrealincestvideos.com,illegal
14248,api.cn,good
14249,trybbwporn.com,adult
14250,imagendigital.com,good
14251,znanylekarz.pl,good
14252,teencreeper.com,adult
14253,acx.com,good
14254,wowgayfuck.com,adult
14255,bravesites.com,good
14256,juvenews.eu,good
14257,grannypornmovies.com,adult
14258,tmwvrnet.com,adult
14259,biolinky.co,good
14260,porntube2020.pro,adult
14261,bestialityhorsefuck.shop,illegal
14262,linkin.bio,good
14263,auto-ping.com,good
14264,cbs.sa.gov.au,good
14265,iohentai.com,adult
14266,hdpornwow.com,adult
14267,archivx.to,good
14268,bestnudeamateurs.com,adult
14269,livesex.com,adult
14270,livedoor.net,good
14271,watchdisneyfe.com,good
14272,iab.cl,good
14273,ftimg.com,good
14274,instiengage.com,good
14275,ipinfo.io,good
14276,sexcam-free.com,adult
14277,hentaifriday.com,adult
14278,france-casinoenligne.com,illegal
14279,hostave3.net,good
14280,gohuskies.com,good
14281,xfun.bet,illegal
14282,medcitynews.com,good
14283,asiaxxxvids.click,adult
14284,digi-life.tv,good
14285,cybersexpartner.com,adult
14286,xxxelf.net,adult
14287,onesiterip.com,illegal
14288,adult-list.com,adult
14289,indiegamemag.com,adult
14290,zalando.lu,good
14291,fruits.co,good
14292,rupay.co.in,good
14293,co.ro,good
14294,1xxx.org,adult
14295,sayesazan-sk.com,good
14296,dahu3.xyz,good
14297,swallowed.com,adult
14298,shopwalrus.com,good
14299,rawattack.com,adult
14300,gfpics.com,adult
14301,sportslogos.net,good
14302,bbwadventures.com,adult
14303,analdrilledteens.com,adult
14304,toptubeporn.com,adult
14305,kooshacompressor.com,good
14306,xnxxoo.com,adult
14307,nimg.jp,good
14308,sexegypt.org,adult
14309,mindbox.ru,good
14310,pulsembed.eu,good
14311,visionplus.id,good
14312,ellas.pa,good
14313,enscape3d.com,good
14314,yelp.fr,good
14315,javdino.com,adult
14316,luxevisa.com,good
14317,askmoney.com,good
14318,allinfo.kz,good
14319,firsttimeauditions.com,adult
14320,lex-irrs01.com,good
14321,red-life.sk,good
14322,chocofuck.com,adult
14323,jugendfest.de,good
14324,reclamefolder.nl,good
14325,dormtherapy.com,good
14326,ero-pick.com,adult
14327,sewenvip.top,good
14328,12hanoi.com,good
14329,celebrity-captures.com,good
14330,wicked.com,good
14331,numberonephonesex.com,adult
14332,businessclick.com,good
14333,toiimg.com,good
14334,computeremuzone.com,good
14335,theonlinecasino.co.uk,illegal
14336,trustly.net,good
14337,busty-britain.com,adult
14338,tubesex.pro,adult
14339,curator.io,good
14340,allpornomovies.net,adult
14341,iphonebenchmark.net,good
14342,vintagextube.com,adult
14343,zendesk.org,good
14344,themeinwp.com,good
14345,fetishtaboophonesex.com,adult
14346,enwhore.com,good
14347,economia.cz,good
14348,mondoudinese.it,good
14349,tok.xxx,adult
14350,wikihow.com.tr,good
14351,tokyofacefuck.com,adult
14352,pressable.com,good
14353,vergewaltigungen.pro,adult
14354,hotsexvideo.pro,adult
14355,fetishfone.co.uk,adult
14356,newsnationnow.com,good
14357,xen-factory.com,good
14358,listpasswords.com,illegal
14359,teachmyass.name,adult
14360,talktome123.com,adult
14361,little-lupe.info,good
14362,hobbyhuren-anzeigen.net,adult
14363,deutschehausfrauenpornos.net,adult
14364,relax-porn.com,adult
14365,spankon.com,good
14366,firebase.community,good
14367,slot-pgsoft.com,illegal
14368,9377s.com,good
14369,letmefap.com,adult
14370,eroticspankinginternet.com,adult
14371,mygfporn.com,adult
14372,navimro.com,good
14373,schibsted.media,good
14374,123apps.io,good
14375,chinajoy.net,good
14376,yaseksoeb.com,good
14377,milfbulucu.com,adult
14378,freelancer.co.za,good
14379,augsburg-models.com,adult
14380,desi-video-tube.com,adult
14381,hellpartners.com,illegal
14382,hometubeporn.com,adult
14383,zst.com.br,good
14384,disgraced18.com,adult
14385,pingfarm.com,good
14386,qingting.fm,good
14387,robota.ua,good
14388,almamedia.fi,good
14389,ifriends.net,good
14390,africanfucktour.com,adult
14391,vibez.pl,good
14392,ashakumara.com,good
14393,akhbar-rooz.com,good
14394,analpornhouse.com,adult
14395,xxxporn4k.com,adult
14396,over-blog.fr,good
14397,casumo.de,illegal
14398,i2chmeijin.com,good
14399,assdevotion.com,good
14400,fsiblog2.com,good
14401,drbdsmporn.com,adult
14402,seseall.com,good
14403,ruik.cz,good
14404,adultvirtuality.com,adult
14405,creamher.com,good
14406,pregnantsexxx.com,adult
14407,pervertedlogic.com,good
14408,epochbase.com,good
14409,actionmatures.com,adult
14410,vladimir-city.ru,good
14411,gioca-responsabile.it,good
14412,rollafuck.com,adult
14413,poonmovies.com,adult
14414,inbo.ir,good
14415,malltail.com,good
14416,121contacts.co.uk,adult
14417,igli.me,good
14418,crazybabe.com,adult
14419,hungarianhoneys.com,adult
14420,video-tube-hd.com,adult
14421,thesun.ie,good
14422,bosscreator.id,good
14423,porngull.com,adult
14424,javbucks.com,adult
14425,xxxvideo.wtf,adult
14426,microformats.org,good
14427,sextubexxx.art,adult
14428,tabaneshahr.com,good
14429,sonics.ir,good
14430,anyflip.com,good
14431,ggqx.com,good
14432,windsorstar.com,good
14433,porn-girls-tube.com,adult
14434,vintagenudes.pro,good
14435,glass.com.cn,good
14436,wikimediafoundation.org,good
14437,mujeresmaduras.info,adult
14438,gaycam.online,adult
14439,talarkadeh.com,good
14440,jznews.com.cn,good
14441,adultdazzle.com,adult
14442,stripcamfun.com,adult
14443,hookup-nsa.com,adult
14444,indianpornana.com,adult
14445,hsck360.com,adult
14446,275.com,good
14447,porrfilmsvensk.com,adult
14448,bigcocksgay.com,adult
14449,sexedchat.com,adult
14450,gambleboost.com,illegal
14451,sanoma.fi,good
14452,32aa.com,adult
14453,porno007.com,adult
14454,xnxxhamster.net,adult
14455,pin.porn,adult
14456,paypal-corp.com,good
14457,gayfriendfinder.com,adult
14458,vchelpu.com,illegal
14459,wpcc.io,good
14460,casinosinternacionalesonline.com,illegal
14461,jiuxinban.com,good
14462,bluedaohang.pw,adult
14463,freepornc.com,adult
14464,anal-cam.com,adult
14465,martesfinanciero.com,good
14466,phonesexchatlines.co.uk,adult
14467,xxxhot.video,adult
14468,nastyblackphonesex.com,adult
14469,surfwatch.com,good
14470,18bdsm.com,adult
14471,ecommbanx.com,good
14472,pudcat.com,good
14473,charisma.ir,good
14474,impressholdings.com,good
14475,rakuten-life.co.jp,good
14476,playngo.com,good
14477,px-xcdn.com,good
14478,chubbyteensex.org,adult
14479,lnk0.com,good
14480,needbang.com,good
14481,znxx.xyz,good
14482,mas.to,good
14483,lesbianpclips.com,adult
14484,lazyporntube.com,adult
14485,kangaroohanger.com,good
14486,pornito.xxx,adult
14487,toppornpictures.com,adult
14488,hotpreality.com,adult
14489,slack-status.com,good
14490,swachhbharatmission.gov.in,good
14491,muffia.com,adult
14492,jokeraffiliates.com,illegal
14493,hpjav.tv,adult
14494,losangelesescortsxxx.com,adult
14495,gaycamboys4.com,adult
14496,psasolutions.info,good
14497,south-plus.net,good
14498,eemates.com,adult
14499,cisa.gov,good
14500,lajiaodh.com,good
14501,qidianla.com,good
14502,grandeaffiliates.com,good
14503,connectbilling.com,good
14504,co2neutralwebsite.com,good
14505,bgodatacenters.com,good
14506,imagenpic.com,good
14507,thefaptube.com,adult
14508,cumonphotos.com,adult
14509,kcdn.online,good
14510,erotic-beauties.com,adult
14511,bitrix24.id,good
14512,all-nude-celebs.net,adult
14513,hardcoreorgies.org,adult
14514,opodo.pl,good
14515,api-rfr.com,good
14516,shemalepower.xyz,adult
14517,gridoto.com,good
14518,stream-leak.com,adult
14519,abeta.co.uk,good
14520,progenealogists.com,good
14521,beianrufsex.at,adult
14522,olaporno.com,adult
14523,thefrappening.so,adult
14524,analfuckthrills.com,adult
14525,yelp.com.hk,good
14526,asiansexyporn.com,adult
14527,hottestvintagesite.com,adult
14528,geetest.com,good
14529,glamourescorts.net,adult
14530,scoutboys.com,good
14531,naidunia.com,good
14532,centrohelp.eu,good
14533,fx678img.com,good
14534,yottaa.net,good
14535,hawaiibids.us,good
14536,superonlinecasino.com,illegal
14537,smartsurvey.co.uk,good
14538,xxxdaily.info,adult
14539,bt4g.org,illegal
14540,bpsecure.com,good
14541,pornsv.com,adult
14542,xxxporno.biz,adult
14543,db.no,good
14544,karriere-lotto-sh.de,good
14545,uniquedump.com,good
14546,jihlavske-listy.cz,good
14547,cartacapital.com.br,good
14548,bookmaker.help,illegal
14549,studivz.net,good
14550,mojohost.com,good
14551,brokestraightboys.com,adult
14552,fistingfans.com,adult
14553,royalcamslive.com,adult
14554,xxxvideohd.sex,adult
14555,digi.ro,good
14556,watchandwager.com,illegal
14557,ksxxoo.com,adult
14558,hernudepics.com,good
14559,monsterofcocks.net,adult
14560,newfucktube.com,adult
14561,xoxoav.com,adult
14562,toyota.com.au,good
14563,idn789kw03.shop,good
14564,cum-on.com,adult
14565,freeadultmedia.com,adult
14566,heyhentai.com,adult
14567,pornxxxpictures.net,adult
14568,erogames.com,adult
14569,messyasiancreampies.com,adult
14570,coara.eu,good
14571,tl-log.com,good
14572,bluporn.com,adult
14573,national-geographic.pl,good
14574,pantydirectory.com,good
14575,xexetv.com,adult
14576,chaopx.com,good
14577,irannsr.org,good
14578,oralmodels24.com,adult
14579,bidsxchange.com,good
14580,free-sex-station.com,adult
14581,cammodels.com,adult
14582,agamecdn.com,good
14583,branders.partners,illegal
14584,w3techs.com,good
14585,leafmedia.io,good
14586,casinoniagara.com,illegal
14587,2500sz.com,good
14588,xxxdan.cc,adult
14589,assesinpublic.com,adult
14590,gaypornblog.com,adult
14591,thismustbetheplace.net,adult
14592,khabeyalda.com,good
14593,affiliateedge.com,good
14594,theteenbay.co,good
14595,swag.live,adult
14596,purevolume.com,good
14597,netgamingsolutions.com,good
14598,shrtfly.com,good
14599,blogteacher.net,good
14600,mzansiadultblog.com,adult
14601,pornomagia.net,adult
14602,webmasterhome.cn,good
14603,myagentstats.com,good
14604,nordstellar.com,good
14605,fapista.com,adult
14606,prisaradio.com,good
14607,humanoid.fr,good
14608,homepornalbum.com,adult
14609,pickeringcasino.com,illegal
14610,privateclassics.com,adult
14611,laosiji2048.com,adult
14612,animalporn.me,adult
14613,jizzfreecams.com,good
14614,gettyimages.fr,good
14615,punciszoros.top,adult
14616,myargirls.com,good
14617,bangbus.me.uk,adult
14618,moviefap.com,adult
14619,dsmart.com.tr,good
14620,bluegaypics.com,adult
14621,vkontakte.android,good
14622,wildfreevideos.com,adult
14623,mainichi.co.jp,good
14624,bhaskarenglish.in,good
14625,pingates.com,good
14626,ditnhau.click,adult
14627,nupornclips.com,adult
14628,niwanetwork.org,good
14629,sexyhomemadeporn.com,adult
14630,audion.fm,good
14631,tittyattack.com,adult
14632,scarleteen.com,good
14633,excellenttechindia.com,adult
14634,kebirsut.com.tr,good
14635,pornxhamster.com,adult
14636,rg.to,good
14637,pornofrancais.org,adult
14638,matureschaudes.net,adult
14639,cookingchanneltv.com,good
14640,betplays.com,illegal
14641,piyangosepeti.com.tr,illegal
14642,savehealth.org,good
14643,missav.com,adult
14644,nicesexdolls.com,adult
14645,posthog.com,good
14646,fuckinghorses.shop,adult
14647,macwelt.de,good
14648,porn-spider.com,adult
14649,viart.com,good
14650,synchronybankterms.com,good
14651,goldupskirt.com,good
14652,girlstyle.com,good
14653,toto.nl,illegal
14654,porno600.com,adult
14655,johndalysoccercamp.com,adult
14656,trackingjustbit.io,good
14657,crjmpy.com,good
14658,koreanporn.tube,adult
14659,hdfilme.to,illegal
14660,jumia.android,good
14661,sweetmilfporn.com,adult
14662,scientific-python.org,good
14663,porno365tv.com,adult
14664,traffic-nova.com,good
14665,ancestry.de,good
14666,hentai-3d.net,adult
14667,badmofo.nl,good
14668,nujapanese.com,adult
14669,indicers.com,illegal
14670,kaspersky.ma,good
14671,journal-digitallife.com,good
14672,nova.bg,good
14673,qudsonline.ir,good
14674,bdsmtubeclub.com,adult
14675,lesbianinferno.com,adult
14676,visidarbi.lv,good
14677,nurumassage.com,good
14678,motorbargh.com,good
14679,siteripz.net,good
14680,tube8.run,adult
14681,auto.it,good
14682,lfpress.com,good
14683,teenroughfuck.com,adult
14684,atube.xxx,adult
14685,hdpornostars.com,adult
14686,spermhospital.com,adult
14687,ggwp.id,good
14688,boxinvestorrelations.com,good
14689,mycamchat.com,adult
14690,diyizhan.xyz,good
14691,amateurbbwpussy.com,adult
14692,angel-live.com,adult
14693,fullporntube.pro,adult
14694,afftrackio.com,good
14695,outlookindir.pro,good
14696,desinude.me,adult
14697,hotwildsluts.com,adult
14698,ghanahotgirls.com,adult
14699,fetishlatexporn.com,adult
14700,japxvideos.com,adult
14701,asianphq.com,good
14702,perimeterx.net,good
14703,nakedgirls.mobi,adult
14704,socialsweethearts.de,good
14705,johnnybet.com,illegal
14706,zamsino.com,illegal
14707,singlewifecams.com,adult
14708,fulirukou.com,adult
14709,ml0987.com,good
14710,playsuisse.ch,good
14711,aiporn.homes,adult
14712,xarthunter.com,adult
14713,detik.net.id,good
14714,zaobao.sg,good
14715,famethemes.com,good
14716,luckydreams.info,good
14717,porngifhub.com,adult
14718,mathtag.com,good
14719,canli.mobi,good
14720,freetastyteen.com,adult
14721,dzxx.live,good
14722,playojo.dk,illegal
14723,tripod.com,good
14724,gettyimages.ae,good
14725,wpf-medien.de,good
14726,sexumi.com,adult
14727,aqddh1k112p.cc,good
14728,christymarks.com,adult
14729,vbulletin.org,good
14730,amlg.io,good
14731,pornvideo.ws,adult
14732,slotgenius.com,illegal
14733,atf.gov.ir,good
14734,hentailegendado.com,adult
14735,firstclass.hu,good
14736,pornone.icu,adult
14737,ahstatic.com,good
14738,cherryandmint.com,good
14739,doc.gov,good
14740,javdaddy.com,adult
14741,3d-comics-tgp.com,good
14742,magazyn-kuchnia.pl,good
14743,persianapi.com,good
14744,seo.domains,good
14745,pornx.ai,adult
14746,hardx.com,adult
14747,backblazeb2.com,good
14748,69.is,adult
14749,12bharat.com,good
14750,storspelare.se,illegal
14751,japanesepussyfuck.com,adult
14752,irondogstudio.com,good
14753,generationhired.com,good
14754,obido.pl,good
14755,mapporntube.com,adult
14756,conos.top,good
14757,waybackmachinedownloader.com,good
14758,tv21.tv,good
14759,supplyframe.com,good
14760,18yearsold.com,adult
14761,pgslot.golf,illegal
14762,shemalepornclips.com,adult
14763,stathead.com,good
14764,boytube.tv,adult
14765,passmark.com,good
14766,sexcam-camsex99.com,adult
14767,mpljogos.com,good
14768,xvideos-bg.com,adult
14769,katporn.com,adult
14770,asianotube.com,adult
14771,xn--90acsajcqg6l.xn--p1ai,good
14772,accor.com,good
14773,ones.cn,good
14774,government.ru,good
14775,ghotporn.com,adult
14776,nudegirls.red,adult
14777,gaypornvideos.net,adult
14778,pornhdsex.com,adult
14779,hanafn.com,good
14780,bloxcms.com,good
14781,smtownandstore.com,good
14782,internationalcareersfestival.org,illegal
14783,viamedia-publicite.com,good
14784,malestars.com,adult
14785,element.io,good
14786,cribeo.com,good
14787,trustutn.org,good
14788,sexliveporn.com,adult
14789,milfmycum.com,adult
14790,imobile.com.cn,good
14791,zavod-elecon.ru,good
14792,mymodel24.com,adult
14793,masteram.us,good
14794,tcsapps.com,good
14795,moms.red,adult
14796,pixeldrain.com,good
14797,aiporn.mobi,adult
14798,bokepviralterbaru.cc,good
14799,gbhcasino.com,good
14800,makina.al,good
14801,dsccash.com,adult
14802,lottstift.no,good
14803,videosxxxargentina.com,adult
14804,pornbro.pro,adult
14805,buddypress.org,good
14806,xvideosbrasileiro.net,adult
14807,hairyoldsex.com,adult
14808,7bit.partners,good
14809,tube8.social,adult
14810,yekanser.ir,good
14811,tate.org.uk,good
14812,misteraladin.com,good
14813,bookie.ag,illegal
14814,porno365sex.com,adult
14815,coedsororityprincessphonesex.com,adult
14816,mennetwork.com,adult
14817,divany.hu,good
14818,downloadxxxgames.eu,adult
14819,petardas.xxx,adult
14820,thelesbiansexblog.com,adult
14821,bigcocksgaytube.com,adult
14822,abcsr.sk,good
14823,turn.com,good
14824,flashfootball.com,illegal
14825,shemale.porn,adult
14826,noklapja.hu,good
14827,elitesingles.com,good
14828,porno.org.in,adult
14829,loupan.com,good
14830,gipvpn.com,good
14831,yeezyporno.net,adult
14832,1sylviasaint.com,adult
14833,plannedgiving.org,good
14834,gfoodd.com,good
14835,admin5.cn,good
14836,ecrating.ir,good
14837,ecmwf.int,good
14838,exploitedteens.com,illegal
14839,talkmobile.co.uk,good
14840,videos.zone,good
14841,hetzner.com,good
14842,shakhesban.com,good
14843,girlcum.com,adult
14844,kaspersky.com.br,good
14845,bollyocean.com,good
14846,sexberuf.com,adult
14847,desivdo.club,adult
14848,videolucahbudak.com,good
14849,mimi2048.com,adult
14850,kaocko.cz,good
14851,javhard.org,adult
14852,tamilmirror.lk,good
14853,tipp24.com,good
14854,civiccomputing.com,good
14855,videosmadurasxx.com,adult
14856,tynews.com.cn,good
14857,antarvasnaphotos2.com,adult
14858,sexymodernbull.com,adult
14859,skankwank.com,adult
14860,hkwb.net,good
14861,cumonmyphoto.com,adult
14862,retroporn.name,adult
14863,avguo.com,adult
14864,constantcontactpages.com,good
14865,handjobtube4free.com,adult
14866,secrethostess.com,illegal
14867,grtya.com,good
14868,adsgrader.com,good
14869,retrosex.name,adult
14870,91haijiao.com,adult
14871,1cdn.rest,adult
14872,ilike-movie.com,good
14873,bestpornmovies.vip,adult
14874,wiki.gg,good
14875,glassdoor.com.hk,good
14876,oldfreep.com,adult
14877,seriousarea.com,good
14878,porn-manga.com,adult
14879,fuck-porn-videos.com,adult
14880,shoeisha.co.jp,good
14881,hotclassicfuck.com,adult
14882,3d-sex-comics.org,adult
14883,lesbianpersonals.com,adult
14884,m-porn.xxx,adult
14885,gigaviewer.com,good
14886,markazeahan.com,good
14887,sex-toons-gallerys.com,adult
14888,worldpornguru.com,adult
14889,nopeakasinot.com,good
14890,sellhealth.com,good
14891,pandora11.com,good
14892,hessenschau.de,good
14893,mmss.ro,illegal
14894,bbcav.com,good
14895,xxxclub.club,adult
14896,xsexcomics.com,adult
14897,fondsindependancepresse.org,good
14898,virtueelstation.nl,good
14899,theporngay.com,adult
14900,pervert.chat,adult
14901,domacice.tv,good
14902,spunksplash.com,good
14903,rakuteneagles.jp,good
14904,fhg-tgp.com,good
14905,clubthaichix.com,good
14906,tgirlbbw.com,adult
14907,eporning.cc,adult
14908,mindblowingphonesex.com,adult
14909,oppdagenettcasinoer.com,illegal
14910,momsanaladventure.com,adult
14911,sexpornjapan.com,adult
14912,solopornoitaliani.xxx,adult
14913,wifewantsdick.com,adult
14914,twteens.com,illegal
14915,nudevista.net,adult
14916,littv.com,adult
14917,nastymommyphonesex.com,adult
14918,esexxxx.com,adult
14919,4dxx.com,adult
14920,pinpointhq.com,good
14921,youskbe.com,adult
14922,nuevvo.com,good
14923,3dsex.pro,adult
14924,simpcity.su,adult
14925,the-pornstar-list.com,adult
14926,mediagol.it,good
14927,realteenphonesex.com,illegal
14928,gotanynudes.com,adult
14929,calciomatome.net,good
14930,media-server.com,good
14931,pornoshd.net,adult
14932,texxto.ai,good
14933,swf.ir,good
14934,myusenet.net,good
14935,zalando.at,good
14936,gw2ru.com,good
14937,desipapa.info,adult
14938,nsfw.sex,adult
14939,402dy.com,good
14940,hubspot.de,good
14941,glassdoor.com.ar,good
14942,live-cam-sex-chat.net,adult
14943,awsstatic.com,good
14944,rzw.com.cn,good
14945,pornhub520.com,adult
14946,sexmanga.pro,adult
14947,9porntube.com,adult
14948,freephouse.com,adult
14949,skibbel.com,good
14950,anotepad.com,good
14951,russkoepornovideos.ru,adult
14952,justpicsplease.com,adult
14953,q4cdn.com,good
14954,adsymptotic.com,good
14955,italianfriendfinder.com,good
14956,city8.com,good
14957,outdoorrevival.com,good
14958,thepornapp.com,adult
14959,hardcore-hd-videos.com,adult
14960,ponysfm.com,good
14961,familytaboo.net,adult
14962,cunsewen.top,good
14963,fxopen.net,good
14964,kaspersky.gr,good
14965,garesoku.com,adult
14966,georgiabids.us,good
14967,istanbuleskort.net,good
14968,sexting-username.com,adult
14969,daddysfriend.com,good
14970,flexible-girls.com,adult
14971,gratisspiele.at,good
14972,ccpgames.com,good
14973,watchjavpornonline.com,adult
14974,povo.jp,good
14975,freelancer.co.id,good
14976,mobinhost.com,good
14977,pornblogreview.com,adult
14978,rivacom.fr,good
14979,bobstgirls.com,adult
14980,gettyimages.dk,good
14981,gqmiddleeast.com,good
14982,refpa483247.pro,good
14983,hjced7.top,good
14984,kameleoon.eu,good
14985,asiamodels24.com,adult
14986,btheme.info,good
14987,ripa-center.ru,good
14988,recombee.com,good
14989,claro.com.uy,good
14990,tgju.gold,good
14991,designkit.com,good
14992,creative3dcash.com,adult
14993,xxnxxx.today,adult
14994,pestapora.com,good
14995,rokt.com,good
14996,hdholetube.com,adult
14997,dolfwin.com,good
14998,kates-playground.info,good
