number,domain,classification
1,googletagmanager.com,""
2,gmpg.org,""
3,tiktok.com,""
4,x.com,""
5,blogblog.com,""
6,google-analytics.com,""
7,jsdelivr.net,""
8,cyberpatrol.com,""
9,rsac.org,""
10,rtalabel.org,""
11,netnanny.com,""
12,bootstrapcdn.com,""
13,safesurf.com,""
14,typekit.net,""
15,bsky.app,""
16,miit.gov.cn,""
17,facebook.net,""
18,googletagservices.com,""
19,amazon-adsystem.com,""
20,fontawesome.com,""
21,discord.gg,""
22,beian.gov.cn,""
23,threads.net,""
24,cookielaw.org,""
25,visualwebsiteoptimizer.com,""
26,asacp.org,""
27,datingforsex.com,""
28,quickdating.com,""
29,trannylive.com,""
30,latinoromance.com,""
31,livecamgays.com,""
32,adultcamsites.com,""
33,sexyflirt.com,""
34,kinkydates.com,""
35,adultpayperview.com,""
36,livefuckcams.com,""
37,celebritysextape.com,""
38,onetrust.com,""
39,studlove.com,""
40,hotgay.com,""
41,sizedoesmatter.com,""
42,gayteasers.com,""
43,lesbiandatingservice.com,""
44,maturelive.com,""
45,womancams.com,""
46,maturesexcams.com,""
47,livebbw.com,""
48,livecouplesex.com,""
49,sexsingles.com,""
50,datemature.com,""
51,bdsmcouples.com,""
52,thebrunettes.com,""
53,liveebony.com,""
54,youtu.be,""
55,vigrxplus.com,""
56,fluidplayer.com,""
57,unpkg.com,""
58,rubiconproject.com,""
59,wwwxme.xyz,""
60,japanvidx.com,""
61,technorati.com,""
62,onelink.me,""
63,12377.cn,""
64,xvideos-cdn.com,""
65,epoch.com,""
66,wa.me,""
67,icfcdn.com,""
68,slixa.com,""
69,nsimg.net,""
70,naiadsystems.com,""
71,gamcare.org.uk,""
72,made.porn,""
73,scorecardresearch.com,""
74,dvipcdn.com,""
75,pub.network,""
76,porn27.com,""
77,parsely.com,""
78,adobedtm.com,""
79,ctfassets.net,""
80,gamblingcommission.gov.uk,""
81,btloader.com,""
82,gamstop.co.uk,""
83,wp.me,""
84,begambleaware.org,""
85,trafficjunky.com,""
86,segpay.com,""
87,aylo.com,""
88,dmca.com,""
89,mrchewsasianbeaver.com,""
90,ispycameltoe.com,""
91,yadro.ru,""
92,castingcouchteens.com,""
93,privacy-center.org,""
94,hornyspanishflies.com,""
95,discord.com,""
96,mrbigdickshotchicks.com,""
97,pleasebangmywife.com,""
98,barefootmaniacs.com,""
99,tinysblackadventures.com,""
100,pinkcandyshavers.com,""
101,thebigswallow.com,""
102,dzen.ru,""
103,pumpthatass.com,""
104,coedsneedcash.com,""
105,bigtitpatrol.com,""
106,pimpmyblackteen.com,""
107,bigleaguefacials.com,""
108,lesbianteenhunter.com,""
109,giantsblackmeatwhitetreat.com,""
110,pantiesandfannies.com,""
111,collegeteensbookbang.com,""
112,teenybopperclub.com,""
113,criteo.net,""
114,threads.com,""
115,4yah.co.uk,""
116,app.link,""
117,mydomaincontact.com,""
118,mporn.ai,""
119,gamblingtherapy.org,""
120,ypncdn.com,""
121,xillimite.com,""
122,mmcdn.com,""
123,privacy-mgmt.com,""
124,pubmatic.com,""
125,offset.com,""
126,soratemplates.com,""
127,chartbeat.com,""
128,wsimg.com,""
129,mga.org.mt,""
130,camjke.com,""
131,shopifysvc.com,""
132,fagaru.com,""
133,livesexhookers.com,""
134,quantserve.com,""
135,bingosys.net,""
136,website-files.com,""
137,cybersitter.com,""
138,xvideos.red,""
139,mastodon.social,""
140,livesexcams9.com,""
141,confiant-integrations.net,""
142,crwdcntrl.net,""
143,pornsites.love,""
144,securedataimages.com,""
145,2jav.com,""
146,femefun.com,""
147,chinaxxxporn.com,""
148,gambleaware.org,""
149,parastorage.com,""
150,sedoparking.com,""
151,chinaporn24.com,""
152,pornhd.xxx,""
153,porno-videos245.com,""
154,kinky-chat.co.uk,""
155,co.com,""
156,uk.com,""
157,japanxxxxporno24.com,""
158,thebestfetishsites.com,""
159,magsrv.com,""
160,japantubexxx245.com,""
161,htlbid.com,""
162,asianmissxxx.com,""
163,shop.app,""
164,sexyblogtop.com,""
165,sexsq.com,""
166,ecogra.org,""
167,zencdn.net,""
168,kofg.net,""
169,net88vip.net,""
170,fun88ml.top,""
171,hondensex.org,""
172,net88.xyz,""
173,net88slot.com,""
174,123bcom.today,""
175,net88-vn.tech,""
176,net88vip.biz,""
177,net88vn.net,""
178,sexualitealchimique.com,""
179,w88top.in,""
180,mysexypanties.net,""
181,net-88.co.uk,""
182,mu99.review,""
183,dinhcuchauau-vbc.com,""
184,kubetaz.top,""
185,ngohien.com,""
186,kubet.estate,""
187,i9bet41.com,""
188,i9bet41.show,""
189,Sexy-Mail.net,""
190,CyberBoutiqueSexe.net,""
191,dadaymochoa.com,""
192,bet88v.com,""
193,hocbong2016.net,""
194,swqspaydayonlineloans.com,""
195,mu9link.org,""
196,lyw88.com,""
197,escorte-sexy.info,""
198,net88vn.link,""
199,net8884.com,""
200,net88.wiki,""
201,net88.it,""
202,soc888.top,""
203,kubet169.org,""
204,net88vn.com,""
205,mu99.org,""
206,w88oaz.icu,""
207,soc88.one,""
208,kubet11.nl,""
209,net88vn.vip,""
210,net88.app,""
211,net88vn.cfd,""
212,msport.vn,""
213,net88.com.ph,""
214,kubet.mov,""
215,vipnet88.com,""
216,sv388casino.life,""
217,mu88io.team,""
218,Sexy-Bretagne.com,""
219,net-88.live,""
220,vietnaminnovationlinks.org,""
221,kubet.solutions,""
222,sexlife-nobu.com,""
223,viagralx.com,""
224,kubetaz.vip,""
225,GentSex.com,""
226,thebantynyc.com,""
227,123win.show,""
228,go88c.biz,""
229,teensextube.tv,""
230,SexAnal.info,""
231,kaitorisex.com,""
232,mu99.shop,""
233,66kubet.com,""
234,thegoldenankhanh.com,""
235,SexeProject.com,""
236,BeestenSex.org,""
237,amzn.to,""
238,photosex.biz,""
239,ivermectindrugstore.com,""
240,com.se,""
241,soc88casino.com,""
242,soc88com.best,""
243,sexyforum.org,""
244,j-navigation.com,""
245,mu9ball.co,""
246,net88.cat,""
247,turkcepornosex.me,""
248,China-SexDoll.com,""
249,ivermectinonlinedrugstore.com,""
250,mu9.press,""
251,mu9win.com,""
252,iristower.vn,""
253,net88.cam,""
254,webclicks24.com,""
255,net88vi.pro,""
256,net88sport.com,""
257,viagraicn.com,""
258,net88net.com,""
259,net88.co.in,""
260,i9bet41.best,""
261,78win01.life,""
262,nets88.com,""
263,viagrapaoe.com,""
264,canadadrugswikr.com,""
265,crdrugs.com,""
266,789clubs.bond,""
267,sweettemptationsphonesex.com,""
268,dotnet88.org,""
269,79king6.top,""
270,kubetlol.net,""
271,SexMeThonDen.net,""
272,go88no1.com,""
273,net88-vn.top,""
274,viagrayte.com,""
275,ku11netvip1.pro,""
276,paydayloansdpg.com,""
277,net-88.life,""
278,kubet.fi,""
279,fastpaydayloansa.com,""
280,net88.bet,""
281,8daycom.vip,""
282,mu9.ist,""
283,viagrabuyasl.com,""
284,vz99.casino,""
285,sun20win.markets,""
286,personalloanahtv.com,""
287,net88vi.com,""
288,kubet11.loan,""
289,net88vip.top,""
290,kubet11.dev,""
291,duocsunwin.vn,""
292,go88a2.city,""
293,kinhtenongthon.vn,""
294,tk88bet.one,""
295,net88.asia,""
296,net88net88.net,""
297,mu9.global,""
298,net88casino.win,""
299,viagraxpro.com,""
300,88net88.buzz,""
301,com.one,""
302,net88.co.uk,""
303,bioporno.com,""
304,DierenSexFilms.net,""
305,ww88.club,""
306,oralsexpictures.info,""
307,kubet.tube,""
308,linknet88.org,""
309,w88.diy,""
310,sexruslinks.com,""
311,tongdai111.vn,""
312,net88net88.com,""
313,awandereratheart.com,""
314,88net88.biz,""
315,jordansmileswithyou.com,""
316,mu9.xyz,""
317,kubet.solar,""
318,net888.live,""
319,net88vn.org,""
320,sexlife-taka.com,""
321,net88.click,""
322,kubet77.bet,""
323,sunwinat.net,""
324,viagraryes.com,""
325,8daycom.top,""
326,sexmetpaarden.net,""
327,net88.land,""
328,kubet.cruises,""
329,loan-paydaybank.com,""
330,net88.site,""
331,cafesex.org,""
332,ku11.vin,""
333,sunwin123.me,""
334,xoso6600.today,""
335,videossexmovies.com,""
336,ut-sex.info,""
337,net88vn.lat,""
338,net88com.com,""
339,kubet.click,""
340,lancemb.com,""
341,soc88.ing,""
342,net88.blog,""
343,bank-loan-payday.com,""
344,net-88.com,""
345,tongdaidienthoai365.com,""
346,lucky88sam.net,""
347,soc88com.vip,""
348,ku-11.com,""
349,viagraonlinejlp.com,""
350,net88.casino,""
351,thabetcasino.live,""
352,NetSexyBabe.com,""
353,japanxxxporno245.com,""
354,kubet11.green,""
355,net88.uno,""
356,cashpaydayusloans.com,""
357,PublicSexJapan.us,""
358,k8.cc,""
359,k8cc.blue,""
360,bk8ac.top,""
361,mu9.ing,""
362,kimsjob.com,""
363,i9bet41.team,""
364,SexTopPen.biz,""
365,BlacksSexyNudeBoob.com,""
366,vnu.edu.vn,""
367,viagranrxfor.org,""
368,king88com.info,""
369,bhyt247.com,""
370,w88az.org,""
371,aboutads.info,""
372,xvideos.net,""
373,maturemissxxx.com,""
374,g2.com,""
375,pornosxxx245.com,""
376,iubenda.com,""
377,doppiocdn.com,""
378,cloudflareinsights.com,""
379,javporn365.com,""
380,hotwetlips.co.uk,""
381,filesmonster.com,""
382,flagcounter.com,""
383,xxxfree245.com,""
384,dragonfishtech.com,""
385,videotubexxx777.com,""
386,porn32.com,""
387,stodlinjen.se,""
388,xfantazy.com,""
389,porntube777.com,""
390,go-mpulse.net,""
391,b-cdn.net,""
392,jpxxxx24.com,""
393,pineapplesupport.org,""
394,dial4mistress.co.uk,""
395,japvid365.com,""
396,videosex245.com,""
397,japxxxx.com,""
398,japangirlxxx7.com,""
399,chinaporn246.com,""
400,clarity.ms,""
401,kinkyteencams.com,""
402,chinaporno245.com,""
403,porn102.com,""
404,tubexxx7.com,""
405,fmvideoplayer.com,""
406,pornofilme777.com,""
407,iyalc.com,""
408,hornygirls245.com,""
409,asianporncupid.com,""
410,pornxxxhd24.com,""
411,demdex.net,""
412,thepornlist.net,""
413,gayxxx24.com,""
414,omtrdc.net,""
415,pornxxx365.com,""
416,wannawatch.com,""
417,videoxxxjapan24.com,""
418,spelinspektionen.se,""
419,pornomilf777.com,""
420,g2fame.com,""
421,pornsexload24.com,""
422,oxbeeco.com,""
423,jizzzjapanese24.com,""
424,pussyporn24.com,""
425,japanesexxxtube24.com,""
426,casalemedia.com,""
427,pronxxx24.com,""
428,javxxxporn365.com,""
429,japonporn24.com,""
430,japanesexxxtube245.com,""
431,videoxxx245.com,""
432,max.ru,""
433,yastatic.net,""
434,forms.gle,""
435,privacymark.jp,""
436,strpst.com,""
437,pussylick245.com,""
438,porn-tube245.com,""
439,japanxxxvid24.com,""
440,sanity.io,""
441,japesexxxmilf7.com,""
442,videojapanporno24.com,""
443,pornhd777.com,""
444,porns888.com,""
445,adtng.com,""
446,japanmilfporni24.com,""
447,sexe-filmshd.com,""
448,adthrive.com,""
449,sexjapanesexxx24.com,""
450,buysub.com,""
451,xxxlesbianxxx.com,""
452,japesepornxxx7.com,""
453,desiporn245.com,""
454,pornsvideo245.com,""
455,rabbitscams.sex,""
456,japanvideoxxx24.com,""
457,sexxxx245.com,""
458,japanpornoxxx7.com,""
459,lesbians-porno7.com,""
460,pronxxxx24.com,""
461,japanesexxxfree.com,""
462,chinaporn777.com,""
463,xxxxjapanporn24.com,""
464,japxxx777.com,""
465,tubeporno245.com,""
466,hentaixxxporn24.com,""
467,sharethis.com,""
468,smartadserver.com,""
469,anime-hentai24.com,""
470,pornomilf245.com,""
471,eporn245.com,""
472,mmstat.com,""
473,japanxxxporno24.com,""
474,jepangporni.com,""
475,porns-xxx24.com,""
476,chinaporni7.com,""
477,japanvideo24.com,""
478,teenporn245.com,""
479,teads.tv,""
480,japanesexxxvideo7.com,""
481,porn-videos365.com,""
482,linktr.ee,""
483,chinaxxxporni.com,""
484,zdassets.com,""
485,xxxasian245.com,""
486,lesbianrooms.com,""
487,pornos245.com,""
488,videosexo245.com,""
489,japanesexxxporni.com,""
490,japanxxxxvideo24.com,""
491,japanporn777.com,""
492,dungeonvideochat.com,""
493,japanesexxxvideo24.com,""
494,japontubes24.com,""
495,asiancitysex.com,""
496,sexs245.com,""
497,trustarc.com,""
498,futureplc.com,""
499,japesexxx24.com,""
500,chinesexxxtube24.com,""
501,japaneseporni7.com,""
502,japanesexxxx245.com,""
503,porn-video24.com,""
504,topteenwebcams.com,""
505,adbrite.com,""
506,skool.com,""
507,youxxxporn245.com,""
508,sex-tube245.com,""
509,videochinaporno24.com,""
510,porndiscounts.com,""
511,videosxxxporno24.com,""
512,ok12345.com,""
513,hearstapps.com,""
514,1stamericancardservice.com,""
515,gameloop.com,""
516,hwdao.com,""
517,123bgames.com,""
518,lin.ee,""
519,circleshop.net,""
520,hb88pp8.com,""
521,godob.com,""
522,mb666.life,""
523,new88x.com,""
524,assasinators.com,""
525,cookiebot.com,""
526,vietnamgolfcc.com,""
527,8days.win,""
528,maskolis.com,""
529,fun88vc.life,""
530,thabet.bz,""
531,net88dk.net,""
532,miviet.com,""
533,k9.cc,""
534,jdxz.org,""
535,ccchanoi.org,""
536,77bet.world,""
537,thabet.camera,""
538,etugivietnam.com,""
539,kabar-banten.com,""
540,i9bet.surf,""
541,s666.win,""
542,dongtrunghathao950.com,""
543,txxx.tube,""
544,biz8d08.com,""
545,w888.casino,""
546,adsafeprotected.com,""
547,ollama.com,""
548,webskubet.com,""
549,tacdung69.com,""
550,tomjerrygame.com,""
551,km1888866b.com,""
552,8day8.com,""
553,unilifeairfresh.com,""
554,sankito.com,""
555,123b.games,""
556,hfzoo.com,""
557,thanhbinhtourist.com,""
558,europedayvietnam.com,""
559,fredmuellerauto.com,""
560,hb88mm8.com,""
561,k9cc.name,""
562,new88k.com,""
563,massacreanimal.org,""
564,s666.market,""
565,pornkickme24.com,""
566,indhistory.com,""
567,ceblaza.net,""
568,people.inc,""
569,russianwomancam.com,""
570,i9bet.com,""
571,accesscities.org,""
572,3uae.com,""
573,tanhoangmai.com,""
574,vuoncayviet.com,""
575,linqingping.com,""
576,123b.rest,""
577,sexvideo7.com,""
578,w88.page,""
579,77bet.bike,""
580,ww8686.com,""
581,hb88xx8.com,""
582,tnartseducationdataproject.org,""
583,soc88bet.wiki,""
584,wehavegrades.com,""
585,tiqcdn.com,""
586,booloo245.com,""
587,net-88.top,""
588,maitocviet.com,""
589,ucuztatilyeri.com,""
590,dsobo.com,""
591,sun7.win,""
592,nx88.download,""
593,daiphonglogistics.com,""
594,pornixxx365.com,""
595,spelpaus.se,""
596,slaveporno365.com,""
597,mxlw8.com,""
598,w88.codes,""
599,soc-88.top,""
600,porno-hd24.com,""
601,vhnbio.com,""
602,autokiemthe.net,""
603,8days.sg,""
604,istanbulmasoz1.com,""
605,soc888.vip,""
606,fatzbaby.com,""
607,thethaokubet.com,""
608,qh88bcs.com,""
609,w88cuoc.net,""
610,gifur.me,""
611,noithatdaodoanh.com,""
612,masterskaya.tv,""
613,k9.club,""
614,japanesexxxvideo245.com,""
615,pornomilf24.com,""
616,kuasoo.com,""
617,silverowl-inc.com,""
618,jump-heroesfilm.com,""
619,stfrancissikandra.org,""
620,8day66.com,""
621,thabet.news,""
622,project53.bar,""
623,lykon-apps.com,""
624,sexjapanvideoxxx24.com,""
625,milfxxxporno24.com,""
626,soc88bet.vip,""
627,tunicamiss.org,""
628,harvardwecode.com,""
629,sunwinaw.net,""
630,chinesexxx7.com,""
631,thabet.camp,""
632,wem88.com,""
633,cdn-fileserver.com,""
634,thabet.casino,""
635,image-tech-storage.com,""
636,doisongvasuckhoe.com,""
637,sb-cd.com,""
638,squarespace-cdn.com,""
639,thabetcasino.top,""
640,s66y.casino,""
641,sedlogic.com,""
642,japaneseporno777.com,""
643,sieuthihangvietnam.com,""
644,imrworldwide.com,""
645,apphicgames.com,""
646,kasima.org,""
647,zlinkt.com,""
648,rustore.ru,""
649,xxxporncams.info,""
650,japanvideo245.com,""
651,porni24.com,""
652,jerkmate.com,""
653,flytoday.ir,""
654,pornmate.com,""
655,videoporno777.com,""
656,pornvideo365.com,""
657,pregnantporn245.com,""
658,gamblersanonymous.org,""
659,trafficfactory.com,""
660,vrbangers.com,""
661,faphouse.com,""
662,hearst.com,""
663,hotpornphotos.com,""
664,japanporno777.com,""
665,magicpass.org,""
666,livesexcamsxxx.com,""
667,japaneseporni.com,""
668,japasporn7.com,""
669,porn245.com,""
670,erog.fr,""
671,cookiedatabase.org,""
672,dotdashmeredith.com,""
673,momteensporn24.com,""
674,mastemplate.com,""
675,fuqxnxx.com,""
676,xenforo.com,""
677,japanporn245.com,""
678,futurehybrid.tech,""
679,japanesepornvideo245.com,""
680,japanesexxxporni7.com,""
681,futurecdn.net,""
682,dial4domination.co.uk,""
683,pornoxxx7.com,""
684,pornsex365.com,""
685,pornhd245.com,""
686,xxxadultwebcam.com,""
687,teenporno777.com,""
688,chinesexxxporns.com,""
689,hawk-assets.co.uk,""
690,pornone.com,""
691,indiantube.porn,""
692,pornowww245.com,""
693,pornsites.xxx,""
694,truste.com,""
695,quantcount.com,""
696,permutive.com,""
697,osano.com,""
698,youxxxporn24.com,""
699,japaneseuncensored.com,""
700,sexoasis.co.uk,""
701,site.com,""
702,cookiepro.com,""
703,japanpornvideos24.com,""
704,gammacdn.com,""
705,inmobi.com,""
706,chinaxxxporn24.com,""
707,bigassporni7.com,""
708,pornbrands.com,""
709,onthe.io,""
710,webcamgirlslive.org,""
711,luyten-98c.com,""
712,chinaxxxvideo7.com,""
713,mjedge.net,""
714,vq50.com,""
715,ziffstatic.com,""
716,thepornmap.com,""
717,sexyfuckgames.com,""
718,hotxxxvideo24.com,""
719,japxxxx24.com,""
720,tsyndicate.com,""
721,mps.gov.cn,""
722,sexylady245.com,""
723,wlicdn.com,""
724,japanporner245.com,""
725,parentalcontrolbar.org,""
726,gayxxxxtube.com,""
727,auntmia.com,""
728,shemale-porno.com,""
729,japaneseporno245.com,""
730,substack.com,""
731,pornhdxxx245.com,""
732,adultdb.com,""
733,son-direct.com,""
734,naked-asian.com,""
735,tubexxx777.com,""
736,jepangporni7.com,""
737,aniasatinpanties.com,""
738,safelabeling.org,""
739,future-advertising.com,""
740,cuckoldporn24.com,""
741,pornoxxx365.com,""
742,slp251231.top,""
743,sigerson2006.com,""
744,freespeechcoalition.com,""
745,rmhfrtnd.com,""
746,partyline.com,""
747,bigboobsbank.com,""
748,japvid245.com,""
749,masturbationporn24.com,""
750,sail-horizon.com,""
751,xxxfilm.pro,""
752,ffn.com,""
753,lesbians-porno.com,""
754,pregnantporn24.com,""
755,sqspcdn.com,""
756,chinaporni.com,""
757,videoxxxjapan.com,""
758,arcpublishing.com,""
759,paysitesreviews.net,""
760,xvideos.es,""
761,conde.digital,""
762,usercentrics.eu,""
763,sexvideo245.com,""
764,babestation.tv,""
765,onelink.to,""
766,bongacash.com,""
767,fatporn24.com,""
768,slaveporno.com,""
769,striiiipst.com,""
770,japanxxxvideo24.com,""
771,pornhd7.com,""
772,japaneseporn24.com,""
773,m.me,""
774,pornwhitelist.com,""
775,douyin.com,""
776,twistysnetwork.com,""
777,adultempire.com,""
778,xxxsexnude.com,""
779,xvideos-ar.com,""
780,ziffdavis.com,""
781,niubixxx.xyz,""
782,hdporn.video,""
783,camsense.com,""
784,myshopify.com,""
785,shopifycdn.com,""
786,hentaistream.com,""
787,masturbationporn245.com,""
788,sexxxpert.co.uk,""
789,xvideos-india.com,""
790,hornygirls24.com,""
791,indianporn777.com,""
792,purl.org,""
793,matureporn24.com,""
794,pornolarixxx24.com,""
795,openx.net,""
796,bigtitscop.com,""
797,xv-ru.com,""
798,sexlikereal.com,""
799,assfun.top,""
800,japantubexxxx24.com,""
801,candynetwork.ai,""
802,tally.so,""
803,sex-filmy24.com.pl,""
804,mrf.io,""
805,redhairgirls.com,""
806,wrightsmedia.com,""
807,alt.com,""
808,blackmissxxx.com,""
809,pornovideoxxx24.com,""
810,consentmanager.net,""
811,japanporn888.com,""
812,eporn24.com,""
813,xxxpornlist.com,""
814,teenxmovies.net,""
815,thumblogger.com,""
816,freepornvideo.sex,""
817,sexgames.cc,""
818,japaneseporn365.com,""
819,japanesexxxxx.com,""
820,vk.ru,""
821,xiaohongshu.com,""
822,webcamnookie.com,""
823,storyblok.com,""
824,page.link,""
825,tinypass.com,""
826,porngameshub.com,""
827,cambb.xxx,""
828,livestrip.com,""
829,gayxxxporns.com,""
830,worldfreshp.com,""
831,chinesexxxtube.com,""
832,porn-video7.com,""
833,pornowww24.com,""
834,trannyporn24.com,""
835,babesnetwork.com,""
836,mediatradecraft.com,""
837,wpvip.com,""
838,mysexgames.com,""
839,gpwa.org,""
840,bdsmlive.com,""
841,multicst.com,""
842,amateurptv.com,""
843,japanxxxvid.com,""
844,camsfinder.com,""
845,ads-twitter.com,""
846,videotubexxx7.com,""
847,freehdvideos.xxx,""
848,nastydollars.com,""
849,24xxx.porn,""
850,staxxx.com,""
851,teknofest.app,""
852,imagearranger.com,""
853,sexvideo5.com,""
854,japangirlxxx.com,""
855,directsexxx.co.uk,""
856,shjbzx.cn,""
857,piano.io,""
858,fosi.org,""
859,pornsvideo24.com,""
860,momporn24.com,""
861,pornkai.com,""
862,videoxxx24.com,""
863,moatads.com,""
864,thewaltdisneycompany.com,""
865,galacticgirls.com,""
866,fetishfreakwebcams.com,""
867,jerkmateshop.com,""
868,czechvr.com,""
869,h-flash.com,""
870,porngames.games,""
871,squidoo.com,""
872,european-lotteries.org,""
873,dynamicyield.com,""
874,hxdoll.com,""
875,webcamkinky.com,""
876,fileserve.com,""
877,gay-porns24.com,""
878,tophotp.com,""
879,xxxdigits.co.uk,""
880,japaneseporn777.com,""
881,pgnasmcdn.click,""
882,xxxpornvideostube.org,""
883,unseenuk.org,""
884,stripcash.com,""
885,sexaphone.co.uk,""
886,freepreality.com,""
887,japasporn.com,""
888,automattic.com,""
889,disneytermsofuse.com,""
890,quantcast.com,""
891,japanesepornvideo24.com,""
892,desiauntysex.org,""
893,hindiporn24.com,""
894,feetporn24.com,""
895,condenast.com,""
896,camxxxsex.com,""
897,mofosnetwork.com,""
898,bongamodels.com,""
899,omappapi.com,""
900,asianglobalsex.com,""
901,camkinky.com,""
902,rgf.org.mt,""
903,odnoklassniki.ru,""
904,disneyplus.com,""
905,xfree.com,""
906,cyberpolice.cn,""
907,eitaa.com,""
908,pornkickme.com,""
909,wtfpeople.com,""
910,raasti.com,""
911,jpxxx24.com,""
912,porntube7.com,""
913,sexzdarma24.cz,""
914,pornsexload.com,""
915,hentai-porn24.com,""
916,bunny.net,""
917,mavrtracktor.com,""
918,pages.dev,""
919,porn-videos7.com,""
920,sexjapanvideoxxx.com,""
921,lesbianmissxxx.com,""
922,aniaspoison.com,""
923,ifgirls.com,""
924,permutive.app,""
925,vkontakte.ru,""
926,topindiansexvideos.com,""
927,vcx.com,""
928,pinterest.co.uk,""
929,awesomephd.com,""
930,bigassporni.com,""
931,latinamissxxx.com,""
932,japanporn7.com,""
933,asiansexv.com,""
934,thepornlinks.com,""
935,esrb.org,""
936,titspornq.com,""
937,watchpshow.com,""
938,pussyporn777.com,""
939,sorabloggingtips.com,""
940,bangbros1.com,""
941,acces-extreme.com,""
942,go.porn,""
943,hentaisea.com,""
944,tamilhotsex2021.com,""
945,adultblogtoplist.com,""
946,yhprn.com,""
947,videosexo24.com,""
948,thelist.com,""
949,perfdrive.com,""
950,pornosxxx24.com,""
951,lovense.com,""
952,rawgit.com,""
953,widgetlogic.org,""
954,piyao.org.cn,""
955,lushstories.com,""
956,japanpornvideos.top,""
957,pornolarixxx.com,""
958,extrahost.net,""
959,xcams-power.com,""
960,fontheader.com,""
961,e1nn.com,""
962,arc.pub,""
963,lesbianpornvideos.com,""
964,xxxgames.games,""
965,paypalobjects.com,""
966,valnetinc.com,""
967,xxxspacegirls.us,""
968,xcams-models.com,""
969,fandom.com,""
970,pornhat.com,""
971,myadult.com,""
972,segment.com,""
973,xzxxtube.com,""
974,vintagepornv.com,""
975,valnetcdn.com,""
976,adultgameson.com,""
977,voxmedia.com,""
978,ble.ir,""
979,airbnb.hu,""
980,itsfogo.com,""
981,adingo.jp,""
982,world-lotteries.org,""
983,indianpornc.com,""
984,airbnb.rs,""
985,airbnb.com.hn,""
986,airbnb.com.py,""
987,sexygirlspics.com,""
988,airbnb.co.za,""
989,airbnb.fi,""
990,feet9.com,""
991,privacymanager.io,""
992,xlgirls.com,""
993,airbnb.mx,""
994,rapidshare.com,""
995,airbnb.is,""
996,airbnb.lt,""
997,vrsmash.com,""
998,disneyprivacycenter.com,""
999,girls-xxx.vip,""
1000,airbnb.com.ph,""
1001,top-scato-tube.com,""
1002,porndabster.com,""
1003,airbnb.com.ua,""
1004,phonesexcentral.com,""
1005,fonts.net,""
1006,airbnb.nl,""
1007,highheelsporno.com,""
1008,27labs.com,""
1009,liveadultcamz.com,""
1010,airbnb.cl,""
1011,airbnb.com.ee,""
1012,airbnb.ba,""
1013,free-strip-games.com,""
1014,pxf.io,""
1015,airbnb.ch,""
1016,airbnb.com.pe,""
1017,airbnb.com.ar,""
1018,airbnb.co.id,""
1019,withairbnb.com,""
1020,adsrvr.org,""
1021,airbnb.com.sg,""
1022,paramountplus.com,""
1023,sxyprn.com,""
1024,airbnb.am,""
1025,japonxxxporn365.com,""
1026,airbnb.cat,""
1027,airbnb.com.my,""
1028,airbnb.com.ec,""
1029,airbnb.com.hk,""
1030,airbnb.lv,""
1031,airbnb.co.ve,""
1032,airbnb.pt,""
1033,nr-data.net,""
1034,videoporno7.com,""
1035,tvguidelines.org,""
1036,fosstodon.org,""
1037,tube-scato.com,""
1038,airbnb.co.cr,""
1039,airbnb.com.bo,""
1040,airbnb.lu,""
1041,airbnb.az,""
1042,ebonypornv.com,""
1043,airbnb.co.nz,""
1044,favdoll.com,""
1045,airbnb.org,""
1046,porngames.tv,""
1047,redhotmiss.com,""
1048,muscache.com,""
1049,japontubes.top,""
1050,40somethingmag.com,""
1051,editmysite.com,""
1052,st-hatena.com,""
1053,in.net,""
1054,airbnb.se,""
1055,airbnb.be,""
1056,anilos.com,""
1057,airbnb.ae,""
1058,airbnb.com.ro,""
1059,malluporn.net,""
1060,sexe-filmshd.fr,""
1061,airbnb.no,""
1062,airbnb.at,""
1063,amplitude.com,""
1064,airbnb.com.bz,""
1065,airbnb.si,""
1066,trannyplex.com,""
1067,airbnb.com.sv,""
1068,airbnb.gy,""
1069,airbnb.cz,""
1070,airbnb.me,""
1071,mrpornlive.com,""
1072,halloweenpantiestore.com,""
1073,airbnb.dk,""
1074,pornblogworld.com,""
1075,airbnb.gr,""
1076,go.link,""
1077,sjv.io,""
1078,airbnb.com.mt,""
1079,qbestporn.com,""
1080,airbnb.com.pa,""
1081,airbnb.ie,""
1082,airbnb.android,""
1083,bpornd.com,""
1084,airbnb.com.ni,""
1085,airbnb.com.tr,""
1086,sportradar.com,""
1087,airbnb.com.vn,""
1088,airbnb.com.gt,""
1089,airbnb.com.co,""
1090,stripselector.com,""
1091,japonxxxporn.com,""
1092,brutal-porno.com,""
1093,betweendigital.com,""
1094,javteen18.com,""
1095,pornoxvideos.tv,""
1096,indiansexstories2021.com,""
1097,sexylady24.com,""
1098,hentaismile.com,""
1099,momteensporn.com,""
1100,valentinepanties.com,""
1101,rrx1.com,""
1102,carnalplus.com,""
1103,cleantalk.org,""
1104,amateurporn.me,""
1105,reifensex.com,""
1106,xnxx-cdn.com,""
1107,planetware.com,""
1108,topindiansexvideohd.com,""
1109,phone-sex-uk.com,""
1110,dtiserv2.com,""
1111,static.com,""
1112,foodrepublic.com,""
1113,bdsmclipsw.com,""
1114,hotpgarden.com,""
1115,outstandingjav.com,""
1116,sexvideo4k.com,""
1117,nncms.cc,""
1118,cuteness.com,""
1119,gardenguides.com,""
1120,exosrv.com,""
1121,moreadultblogs.com,""
1122,nudehotbabes.net,""
1123,horrorporn.com,""
1124,svg.com,""
1125,omniupdate.com,""
1126,blogshardcore.com,""
1127,pb-track.com,""
1128,moneydigest.com,""
1129,chinaporn245.com,""
1130,thetakeout.com,""
1131,hcaptcha.com,""
1132,hotpservice.com,""
1133,outbrainimg.com,""
1134,bdsmclipsm.com,""
1135,foodie.com,""
1136,hardcore4k.com,""
1137,thedailymeal.com,""
1138,porntons.com,""
1139,builder.io,""
1140,porn-tube24.com,""
1141,hotpisland.com,""
1142,pussylick24.com,""
1143,sissypantiesusa.com,""
1144,publicxxxonline.com,""
1145,islands.com,""
1146,pornmehd.com,""
1147,housedigest.com,""
1148,mediavine.com,""
1149,porntoplinks.com,""
1150,outdoorguide.com,""
1151,perfectgirls.xxx,""
1152,explore.com,""
1153,consentframework.com,""
1154,japanporn24.com,""
1155,selectyourgame.com,""
1156,realsrv.com,""
1157,healthdigest.com,""
1158,ibia.bet,""
1159,linkvertise.com,""
1160,lijit.com,""
1161,internetbrands.com,""
1162,wankerhut.com,""
1163,blazinglink.com,""
1164,ketchcdn.com,""
1165,porndoxy.com,""
1166,nmlsconsumeraccess.org,""
1167,topdns.com,""
1168,pinkworld.com,""
1169,livemodelschat.com,""
1170,japxxx7.com,""
1171,southindianporn.org,""
1172,mashed.com,""
1173,glam.com,""
1174,xuexi.cn,""
1175,twistedblogs.com,""
1176,submitblogs.com,""
1177,multporn.net,""
1178,www.gov.br,""
1179,sexxxx24.com,""
1180,paramount.com,""
1181,teenporn777.com,""
1182,xnxx123.me,""
1183,gay-xxx-pics.com,""
1184,glittersexual.com,""
1185,xvideos-movie.com,""
1186,xxnxxarabs.com,""
1187,turkhdpornoizle7.com,""
1188,hardsexxxlife.com,""
1189,pornoshok-dir.com,""
1190,tamilsexvideos.me,""
1191,hello988.com,""
1192,youxxxtubes.com,""
1193,sdn.cz,""
1194,neighbour-wife-nude.com,""
1195,xnxxtube.mobi,""
1196,1a-amateurbilder.de,""
1197,fun88kyc.com,""
1198,sex-tube24.com,""
1199,javarchivers.com,""
1200,oiledxxx.com,""
1201,xxx69.cam,""
1202,christmaspanties.com,""
1203,77king88.com,""
1204,amateursupskirt.com,""
1205,xxxjapanporn.top,""
1206,nycu.edu.tw,""
1207,sexymoviehd.com,""
1208,sexy-pings.com,""
1209,icemoviesex.com,""
1210,readhentaionline.org,""
1211,logxxx.com,""
1212,leo88.locker,""
1213,pornixxxx.com,""
1214,cxense.com,""
1215,adultbankruptcy.com,""
1216,sannhiphutho.com,""
1217,ninjavillage.today,""
1218,girlswantsexs.com,""
1219,6ytube.com,""
1220,defendonlineprivacy.com,""
1221,nude-women-porn.cyou,""
1222,pornorevolution.net,""
1223,99ok.com,""
1224,hentai-1.com,""
1225,hardcore-central.net,""
1226,adult-mint.com,""
1227,hentaisyndicate.com,""
1228,m8win.org,""
1229,p3370.vip,""
1230,javanfanavari.com,""
1231,nakedonpublic.com,""
1232,javstreamingfree.com,""
1233,teenxxxclip.com,""
1234,xnxx3.org,""
1235,stayhomepornvideo.com,""
1236,myky.vn,""
1237,livingwithjavana.com,""
1238,sexjapanesexxx.com,""
1239,gamingcommission.ca,""
1240,elaxxx.com,""
1241,stayhomeporntube.com,""
1242,33win.com,""
1243,adult305.info,""
1244,adultgadgetspots.com,""
1245,porn-video-clips.net,""
1246,lotjav.com,""
1247,111hb88.com,""
1248,japesexxx.com,""
1249,bpsgameserver1.com,""
1250,pornsus.com,""
1251,imhotnude.info,""
1252,hdpornorussia.mobi,""
1253,win88-vip.shop,""
1254,safe-iplay.com,""
1255,awin68.net,""
1256,hentaion.net,""
1257,ok.xxx,""
1258,krxd.net,""
1259,top10penisextenders.com,""
1260,porn-video-clips.org,""
1261,safetonet.com,""
1262,loto188.com,""
1263,hentai1.click,""
1264,canariasexperience.net,""
1265,s666vn.press,""
1266,wenming.cn,""
1267,jti-app.com,""
1268,hentaiservices.com,""
1269,livexxxchatvideo.com,""
1270,chartbeat.net,""
1271,zinghentai.com,""
1272,adultanimecartoon.com,""
1273,goamateurfuck.com,""
1274,xvideos-xhamster-xnxx.com,""
1275,pinterest.fr,""
1276,tophardcoreporn.com,""
1277,joesagliano.com,""
1278,king88vina.work,""
1279,videojapanporno.com,""
1280,iradultshop.com,""
1281,sexeoptimal.com,""
1282,sexlywedding.com,""
1283,consenting-adults.org,""
1284,phiporn.com,""
1285,ggwin55.com,""
1286,familystrokes.com,""
1287,iuphimsex.pro,""
1288,o2porntv.com,""
1289,dejavu-k.com,""
1290,amateurgirlslist.com,""
1291,mompornmovie.com,""
1292,sexefetichiste.com,""
1293,kiksext.com,""
1294,viewgals.com,""
1295,jimihendrixsextape.net,""
1296,clitsnakedswim.net,""
1297,desipornvideos.biz,""
1298,srbijavode.com,""
1299,jesextenderonline.com,""
1300,amateurgirlshub.com,""
1301,sexs24.com,""
1302,mystorysex.me,""
1303,shysex.us,""
1304,adultwave69.com,""
1305,pornzola.com,""
1306,stayhomesextube.com,""
1307,thenakedwallet.org,""
1308,teenamateur.net,""
1309,88go.net,""
1310,ebaystatic.com,""
1311,asianpornhub.co,""
1312,adultdougalinknavi.com,""
1313,rollersexe.com,""
1314,adultblogdirectory.com,""
1315,stayhome4kporn.com,""
1316,hs-scripts.com,""
1317,tlu.edu.vn,""
1318,nakedwomenhot.com,""
1319,hubpornindian.info,""
1320,huce.edu.vn,""
1321,indianteenporn.me,""
1322,vrouwen-sexdate.nl,""
1323,sex-chat.rocks,""
1324,nudeandbeach.com,""
1325,1-fat.com,""
1326,autojavitas-budapest.dev,""
1327,juggcrew.com,""
1328,adj.st,""
1329,king88-1.net,""
1330,radiojavans.com,""
1331,amateurclicks.com,""
1332,roboporner.com,""
1333,mypornhubxxx.com,""
1334,aka.ms,""
1335,bigwomensexvideo.com,""
1336,chatsex.xxx,""
1337,ohohporn.com,""
1338,javierchirinos.net,""
1339,deeper.com,""
1340,mynude.cc,""
1341,evidon.com,""
1342,sexblogpussy.com,""
1343,blospot.com,""
1344,yunaq.com,""
1345,88goals.com,""
1346,freeporntub.net,""
1347,xxxblogz.com,""
1348,hentaibb.net,""
1349,romeo-media.eu,""
1350,javadjafari.com,""
1351,sieuthinhua.vn,""
1352,gcb.cw,""
1353,hdpornovideos.mobi,""
1354,fapcum.vip,""
1355,niteflirt.com,""
1356,topasianp.com,""
1357,adult401.info,""
1358,erotischefilmpjes.net,""
1359,canalporno.pro,""
1360,kaufpornos.com,""
1361,mediacdn.vn,""
1362,sapphycerotica.com,""
1363,arschfick-pornos.net,""
1364,pinterest.it,""
1365,inudeteen.net,""
1366,mymember.site,""
1367,nsexcavatorparts.com,""
1368,aarpwestessex.org,""
1369,pornpitstop.net,""
1370,egba.eu,""
1371,eu88.org,""
1372,cbswag.com,""
1373,porn-ero.com,""
1374,trypornpass.com,""
1375,smart.link,""
1376,forhertube.com,""
1377,hentai2.info,""
1378,storiesonline.net,""
1379,stateblock.org,""
1380,hentai-shinshi.club,""
1381,hello88vina.work,""
1382,livenaked.top,""
1383,spilgames.com,""
1384,scoreuniverse.com,""
1385,bbwpornx.net,""
1386,pornomilf.nl,""
1387,nude-celebs-blog.com,""
1388,images4us.com,""
1389,outdoorsexclips.com,""
1390,dk8.ceo,""
1391,sexf8.com,""
1392,mylf.com,""
1393,fullpornxxx.info,""
1394,rabbitsreviews.com,""
1395,bdsmstreak.com,""
1396,sexvietvip.net,""
1397,home-porn-video.com,""
1398,adultwebmasters.org,""
1399,eNamad.ir,""
1400,jugendschutzprogramm.de,""
1401,porzoxxx.com,""
1402,airjordanxxximen.us,""
1403,stayhomepornmovie.com,""
1404,onlyfineporn.com,""
1405,catfightsxxx.com,""
1406,sexkolik.org,""
1407,vibratoysex.com,""
1408,rubika.ir,""
1409,gd365.vip,""
1410,porno-hd.it,""
1411,adfox.ru,""
1412,88bet.hiphop,""
1413,eroticworx.com,""
1414,hotnudeworld.info,""
1415,stimulente-sexuale.com,""
1416,pussypornvideo.com,""
1417,clubsexpics.info,""
1418,free-xxx.icu,""
1419,javaganu.net,""
1420,marketo.net,""
1421,stayhomepornmovs.com,""
1422,xlinkslist.com,""
1423,702adultnightlife.com,""
1424,reachporn.com,""
1425,okneekxnxx.com,""
1426,xxximage.net,""
1427,adult-tenshi.com,""
1428,pornos5.top,""
1429,chattingroomsforadults.com,""
1430,gi8d.cc,""
1431,sexflashgame.org,""
1432,javicialeslie.net,""
1433,eroticmadscience.org,""
1434,shefuckedup.net,""
1435,cialisexplained.com,""
1436,happyluke.plus,""
1437,dejavu-f.com,""
1438,diariodigitaltransexual.com,""
1439,desiporn24.com,""
1440,teenpussypornpics.com,""
1441,castingsextube.com,""
1442,beegz.me,""
1443,pornoimage.net,""
1444,realjapanesexxx.com,""
1445,fatasexu.com,""
1446,sao789a.me,""
1447,w88vt.com,""
1448,stayhomepornvids.com,""
1449,autojavitas.dev,""
1450,adultstarspace.com,""
1451,nudereactor.com,""
1452,kormisex.top,""
1453,modporn.com,""
1454,nudehdsex.com,""
1455,lustporno.net,""
1456,hornygamer.com,""
1457,ixxxx.video,""
1458,teengaymompicssex.org,""
1459,sex181.com,""
1460,amateurmature.net,""
1461,sexycandidgirls.com,""
1462,adult-cam-chat.info,""
1463,login4porn.com,""
1464,cim.be,""
1465,eroticspankingclips.com,""
1466,sexdating-online.org,""
1467,iocas-wxm.com,""
1468,danasexo.com,""
1469,amateurchickstube.com,""
1470,duytan.edu.vn,""
1471,nakedlolita.com,""
1472,bichha.vn,""
1473,tentacle-hentai-blog.com,""
1474,smsexpert.in,""
1475,sexlosero.com,""
1476,porn410.com,""
1477,adult-top-list.com,""
1478,fataco.com,""
1479,stayhomepornmovies.com,""
1480,freesexgames.games,""
1481,porno1980.com,""
1482,mercadolibre.com.sv,""
1483,hilostripper.com,""
1484,freehairporn.com,""
1485,megatube.xxx,""
1486,votervoice.net,""
1487,indiaxxxporno.com,""
1488,bigoxxx.net,""
1489,camsgonude.com,""
1490,porn-center.com,""
1491,pornosnake.com,""
1492,bporntv.com,""
1493,kissanimedb.com,""
1494,indexww.com,""
1495,newindiaxxx.com,""
1496,mercadolibre.co.cr,""
1497,ocdn.eu,""
1498,japanmilfporni.com,""
1499,vidyard.com,""
1500,okeporn.com,""
1501,olxgroup.com,""
1502,ropeyporn.com,""
1503,porndoze.com,""
1504,88fuck.com,""
1505,poren24.com,""
1506,newpornfilms.com,""
1507,nusporn.com,""
1508,clip-xxx.org,""
1509,brandmetrics.com,""
1510,newchubbyxxx.com,""
1511,teenmissxxx.com,""
1512,pornstarsextube.com,""
1513,playsmart.ca,""
1514,blueconic.net,""
1515,virtualtaboo.com,""
1516,teennudeselfie.com,""
1517,pornpiki.com,""
1518,mercadolibre.com.pa,""
1519,animekin.com,""
1520,filmy-porno24.pl,""
1521,vintagepornq.com,""
1522,dnxnetwork.com,""
1523,videopornografiche.com,""
1524,porno-russkoe.net,""
1525,filesonic.com,""
1526,mercadolibre.com.hn,""
1527,puba.com,""
1528,connatix.com,""
1529,pornxxxporn.com,""
1530,mybloggerthemes.com,""
1531,asiansoftwarefirm.com,""
1532,3lift.com,""
1533,lazcdn.com,""
1534,japonporn.com,""
1535,babepedia.com,""
1536,findcartoonporn.com,""
1537,zeedxxx.org,""
1538,xxx24.org,""
1539,acces-vod.com,""
1540,videoxxxmom.com,""
1541,knet.cn,""
1542,mercadolibre.com.gt,""
1543,tacamateurs.com,""
1544,sexfex.com,""
1545,e249.com,""
1546,pornovideoxxx7.com,""
1547,cheftoondiligord.site,""
1548,xcams.com,""
1549,blogspot.ca,""
1550,ift.tt,""
1551,pornotito.com,""
1552,intergient.com,""
1553,vrconk.com,""
1554,mercadolibre.com.ni,""
1555,gfamateurporn.net,""
1556,ctwmsg.com,""
1557,mercadolibre.com.py,""
1558,prismic.io,""
1559,curvylesbianporn.com,""
1560,yoti.com,""
1561,outstandingporn.com,""
1562,bestasiatube.com,""
1563,mercadolibre.com.do,""
1564,porndyne.com,""
1565,sex-filmen.de,""
1566,bbwkorea.com,""
1567,modelsfreecams.com,""
1568,digitaloceanspaces.com,""
1569,netlify.app,""
1570,sexyindianporntube.com,""
1571,xxxjapanporn.net,""
1572,pornsex777.com,""
1573,qualityadultblogs.com,""
1574,hdyoungxxx.com,""
1575,tubesafari.com,""
1576,tamilxxx2021.com,""
1577,pornytoad.com,""
1578,dinotube.com,""
1579,pornmovieshub.com,""
1580,pornfullvideos.com,""
1581,candy.ai,""
1582,britishporn.online,""
1583,cac.gov.cn,""
1584,qeuropeanporn.com,""
1585,deutschporno.org,""
1586,cutt.ly,""
1587,virxxx.com,""
1588,anal4k.com,""
1589,awin1.com,""
1590,pornphi.com,""
1591,xxx-xxx.pro,""
1592,mrporngeek.com,""
1593,omnivids.net,""
1594,mct.gov.cn,""
1595,allanalpass.com,""
1596,fashionteen.net,""
1597,hentaiporn24.com,""
1598,themrporn.com,""
1599,thepornblender.com,""
1600,home-made-videos.com,""
1601,vrpornmood.com,""
1602,visit-x.net,""
1603,nbcuni.com,""
1604,condenaststore.com,""
1605,pornvaree.com,""
1606,orgasm-orgasm.net,""
1607,theyarehuge.com,""
1608,eameltube.com,""
1609,pb-netw.com,""
1610,kostenlosporno24.de,""
1611,hairyjapanesesex.com,""
1612,webcamlife.com,""
1613,anal.wtf,""
1614,milfassporn.com,""
1615,big7.com,""
1616,freeadultdirectory.org,""
1617,indianpornfans.net,""
1618,clicksagent.com,""
1619,mercadolibre.com.bo,""
1620,cutiesbanged.com,""
1621,nudejavporn.com,""
1622,foundryco.com,""
1623,pornosex.cc,""
1624,newxxxteen.com,""
1625,japanporno7.com,""
1626,gayporn777.com,""
1627,fansly.com,""
1628,terk.nl,""
1629,animeporno.org,""
1630,mypornadviser.com,""
1631,momvidsxxx.com,""
1632,allnudes.net,""
1633,xvidzz.com,""
1634,pornblogcatalog.com,""
1635,porno1234.com,""
1636,rebrand.ly,""
1637,porncastle.com,""
1638,pornblograbbit.com,""
1639,superporn.com,""
1640,movies-hd.net,""
1641,HugeDomains.com,""
1642,mega-xxx.tv,""
1643,pingoporn.com,""
1644,newdesisex.net,""
1645,indian-hdsex.com,""
1646,pornotube-italia.com,""
1647,qpornosite.com,""
1648,porn507.com,""
1649,chinaxxx.homes,""
1650,pornopodborka.com,""
1651,vintagesexq.com,""
1652,hdpornoo.com,""
1653,assoass.com,""
1654,sexfilms24.nl,""
1655,linkporn.net,""
1656,ducknav.com,""
1657,yuanzijiasuqi.com,""
1658,brightcove.net,""
1659,is.gd,""
1660,egamingonline.com,""
1661,virtualrealporn.com,""
1662,maturesexchat.com,""
1663,seznamzpravy.cz,""
1664,opti-digital.com,""
1665,jsuol.com.br,""
1666,myasiansp.com,""
1667,bemyhole.com,""
1668,livenuderooms.com,""
1669,sophi.io,""
1670,zendesk.es,""
1671,hotclubsex.com,""
1672,ptapjmp.com,""
1673,primejav.com,""
1674,sh.gov.cn,""
1675,neukenfilm.net,""
1676,zendesk.co.uk,""
1677,sitescdn.net,""
1678,digitalindia.gov.in,""
1679,zendesk.nl,""
1680,porngamesverse.com,""
1681,azurewebsites.net,""
1682,japan-whores.com,""
1683,adultwebdirect.com,""
1684,multibrandaffiliates.com,""
1685,hunk.ws,""
1686,zendesk.de,""
1687,sinparty.com,""
1688,livedoor.blog,""
1689,quickq.org,""
1690,evergage.com,""
1691,videosz.com,""
1692,ebonyfplace.com,""
1693,oldblackpussy.org,""
1694,lesbiansexq.com,""
1695,xiaolanniao.org,""
1696,indianbhabhitube.com,""
1697,realfuckclips.com,""
1698,tik.porn,""
1699,famehosted.com,""
1700,kittyteens.com,""
1701,tiny4k.com,""
1702,ex.co,""
1703,livroreclamacoes.pt,""
1704,ctrdwm.com,""
1705,mosucloud.cc,""
1706,thebestvpn.ru,""
1707,zendesk.hk,""
1708,sex-reviews.net,""
1709,adtrafficquality.google,""
1710,goujijiasuqi.com,""
1711,slayed.com,""
1712,rbl.ms,""
1713,zendesk.kr,""
1714,smutr.com,""
1715,outdoorfuckvids.com,""
1716,finra.org,""
1717,zendesk.com.br,""
1718,japesexxxmilf.com,""
1719,girlsway.com,""
1720,adultwebsitedir.com,""
1721,hentaipros.com,""
1722,convertexperiments.com,""
1723,lsapp.eu,""
1724,sexblogdump.com,""
1725,gaylivesexboys.com,""
1726,vscdns.com,""
1727,sexplex.com,""
1728,sustentabilidadmercadolibre.com,""
1729,conac.cn,""
1730,pb-netw2.com,""
1731,maturepornv.com,""
1732,garaz.cz,""
1733,danskepornofilm.net,""
1734,icerocket.com,""
1735,cdn-cookieyes.com,""
1736,intellimizeio.com,""
1737,klaviyo.com,""
1738,acx4.com,""
1739,kuaiya.org,""
1740,braincash.com,""
1741,roughfucks.com,""
1742,hot.ai,""
1743,thenipslip.com,""
1744,gov.ru,""
1745,spankingtube.com,""
1746,jiajianjian.com,""
1747,filmserotiek.com,""
1748,blogspot.co.uk,""
1749,jizzjapanese777.com,""
1750,flashscore.ninja,""
1751,jumboav.com,""
1752,bloglines.com,""
1753,homesexplanet.com,""
1754,25554.com,""
1755,nimporn.com,""
1756,premiumbloggertemplates.com,""
1757,shdf.gov.cn,""
1758,livejasmin.top,""
1759,segpaycs.com,""
1760,desisekasi.com,""
1761,joysexcams.com,""
1762,streamray.com,""
1763,assettype.com,""
1764,datocms-assets.com,""
1765,ul.to,""
1766,coveo.com,""
1767,hqfukc.com,""
1768,homeartmania.com,""
1769,xtyzjc.com,""
1770,liveasiancams.biz,""
1771,ohmporn.com,""
1772,jxsl188.com,""
1773,bikamanhua.org,""
1774,attn.tv,""
1775,ltmsphrcl.net,""
1776,zendesk.co.jp,""
1777,dedicatedsolution.net,""
1778,dieju.net,""
1779,online-av.com,""
1780,adlabors.com,""
1781,livesexshows.biz,""
1782,studentbeans.com,""
1783,livexxcams.com,""
1784,heylink.me,""
1785,milfporn777.com,""
1786,disneyadvertising.com,""
1787,porn365.desi,""
1788,g2blazing.com,""
1789,livepornlive.com,""
1790,intellimize.co,""
1791,winkbingo.com,""
1792,adultwebcampaign.com,""
1793,hentaikey.com,""
1794,adultsdirectory.co.uk,""
1795,cgcb.info,""
1796,kuailianvnp.com,""
1797,hotfile.com,""
1798,l-directory.com,""
1799,connexontario.ca,""
1800,freepornvideox.com,""
1801,sex9.com.pl,""
1802,streamate.cc,""
1803,sexchat.org.uk,""
1804,livesexcams.com.co,""
1805,realjapanesesex.com,""
1806,ahegaochat.com,""
1807,japxtube.com,""
1808,hdpornia.com,""
1809,zendesk.fr,""
1810,termly.io,""
1811,apple.co,""
1812,vibragame.org,""
1813,sexfilmleri.pl,""
1814,eepurl.com,""
1815,japanporno24.com,""
1816,powporn.com,""
1817,ocxim.com,""
1818,jumbojav.com,""
1819,zendesk.tw,""
1820,sexcams.com.co,""
1821,xtunnelvp.com,""
1822,livesexadultcams.com,""
1823,milfporno24.com,""
1824,gemporn.com,""
1825,kneeporn.com,""
1826,sex-filmleri.com,""
1827,nabd.com,""
1828,alljapanesepass.com,""
1829,pinterest.es,""
1830,chineseporn777.com,""
1831,nudehdporn.com,""
1832,zendesk.com.mx,""
1833,bkrtx.com,""
1834,50plusmilfs.com,""
1835,teensloveanal.com,""
1836,sexsaoy.com,""
1837,88square.com,""
1838,japesepornxxx.com,""
1839,porntubedirectory.com,""
1840,gamblersanonymous.org.uk,""
1841,check-dein-spiel.de,""
1842,porns-xxx.com,""
1843,ztat.net,""
1844,ropedporn.com,""
1845,streamate.biz,""
1846,nutvp.com,""
1847,skimresources.com,""
1848,jiaohess.com,""
1849,porn2all.com,""
1850,camsexverse.com,""
1851,hubspotusercontent-na1.net,""
1852,animeidhentai.com,""
1853,rebelmouse.io,""
1854,jqfs.net,""
1855,bannerator.com,""
1856,sexblogzilla.com,""
1857,ebonysexv.com,""
1858,pornoxxxx7.com,""
1859,freezlinks.com,""
1860,padresprotegen.com,""
1861,skyscanner.sk,""
1862,sensacine.com.mx,""
1863,himmangood.com,""
1864,momsteachsex.com,""
1865,blackvalleygirls.com,""
1866,3xeroticbabes.com,""
1867,pornozdarma24.cz,""
1868,fakehub.com,""
1869,nfbusty.com,""
1870,note.com,""
1871,pornblogdog.com,""
1872,skyscanner.co.th,""
1873,skyscanner.com.mx,""
1874,ncpgambling.org,""
1875,stripschat.com,""
1876,vietimg.com,""
1877,statuspage.io,""
1878,fetishhitsgallery.com,""
1879,mkk.com.tr,""
1880,jav.guru,""
1881,fdic.gov,""
1882,spaceship-cdn.com,""
1883,skyscanner.gg,""
1884,windowsphone.com,""
1885,skyscanner.com.ar,""
1886,liadm.com,""
1887,protect-integrity.com,""
1888,melonstube.com,""
1889,hubpeople.com,""
1890,tamilxnxx.net,""
1891,rlcdn.com,""
1892,namesilo.com,""
1893,blackedraw.com,""
1894,skyscanner.nl,""
1895,koreanwomen.org,""
1896,videochinaporno.com,""
1897,sexblogzdir.com,""
1898,youtube-nocookie.com,""
1899,japaneseporno24.com,""
1900,speedcurve.com,""
1901,jixie.media,""
1902,fapcat.com,""
1903,rdtcdn.com,""
1904,gatekeeperconsent.com,""
1905,streamate.com.pl,""
1906,porm24.com,""
1907,pornworks.com,""
1908,bdsmcams.biz,""
1909,fantasylesbianp.com,""
1910,www.nic.in,""
1911,milfsex.homes,""
1912,psmhelp.com,""
1913,pornvideo7.com,""
1914,skyscanner.co.za,""
1915,skyscanner.pl,""
1916,camfreegirls.com,""
1917,ebay.com.my,""
1918,pmdstatic.net,""
1919,pwidownload.com,""
1920,cybersexuals.com,""
1921,skyscanner.com.co,""
1922,myshemales.com,""
1923,indiandesipornvideos.com,""
1924,contextweb.com,""
1925,tubepornlist.com,""
1926,webedia-group.com,""
1927,japaneseero.com,""
1928,sitecorecloud.io,""
1929,skyscanner.com.my,""
1930,mhardporn.com,""
1931,erosberry.com,""
1932,hotmilfsfuck.com,""
1933,consensu.org,""
1934,perversefamily.com,""
1935,bigtitsmodelsdirectory.com,""
1936,skyscanner.co.id,""
1937,izooto.com,""
1938,japanhdv.com,""
1939,lespagesutiles.com,""
1940,lifeselector.com,""
1941,doppiocdn.net,""
1942,porngrader.com,""
1943,shemaletubevideos.com,""
1944,japaneseporno7.com,""
1945,skyscanner.com.ua,""
1946,ip-api.com,""
1947,porntoplinks.net,""
1948,sexbloghunter.com,""
1949,wpmucdn.com,""
1950,wikifunctions.org,""
1951,spicy.porn,""
1952,skyscnr.com,""
1953,skyscanner.hu,""
1954,skyscanner.com.vn,""
1955,skyscanner.cz,""
1956,skyscanner.co.in,""
1957,fuseplatform.net,""
1958,pornx.icu,""
1959,redgifs.com,""
1960,livedoor.info,""
1961,pornomamme.com,""
1962,beehiiv.com,""
1963,elitesubmit.com,""
1964,paperstreetcash.com,""
1965,olxcdn.com,""
1966,skyscanner.com.sa,""
1967,skyscanner.ae,""
1968,xporn.tv,""
1969,sipc.org,""
1970,adultworldmedia.com,""
1971,pornhdxxx24.com,""
1972,getshort.link,""
1973,5ye8.com,""
1974,dirtyroulette.com,""
1975,platforum.cloud,""
1976,pornomilf7.com,""
1977,analvids.com,""
1978,twitter.co,""
1979,hotvideo24.com.pl,""
1980,doubleverify.com,""
1981,skyscanner.com.hk,""
1982,skyscanner.at,""
1983,acam.link,""
1984,datadoghq-browser-agent.com,""
1985,playporngames.com,""
1986,xxxfilmovi.net,""
1987,skyscanner.pt,""
1988,wgcdn.co,""
1989,zhgals.com,""
1990,skyscanner.hr,""
1991,ampproject.net,""
1992,boobieblog.com,""
1993,blogherads.com,""
1994,caserosxxx.org,""
1995,fora.com,""
1996,creativecdn.com,""
1997,milfy.com,""
1998,videosex24.com,""
1999,sentry.io,""
2000,japan-free.com,""
2001,candyai.com,""
2002,telrock.net,""
2003,contentstack.io,""
2004,analized.com,""
2005,maturepornq.com,""
2006,skyscanner.se,""
2007,sexvideos.ink,""
2008,carbonfootprint.com,""
2009,ebay.ch,""
2010,holed.com,""
2011,pornos4.com,""
2012,cdnshark.de,""
2013,wikinews.org,""
2014,fantasyasianp.com,""
2015,spaceship.com,""
2016,skyscanner.com.br,""
2017,x436.com,""
2018,hqjavx.com,""
2019,camvoyage.click,""
2020,skyscanner.ie,""
2021,pimproll.com,""
2022,skyscanner.qa,""
2023,homejavp.com,""
2024,bloggertipandtrick.net,""
2025,vrcosplayx.com,""
2026,sexyhub.com,""
2027,yandex.uz,""
2028,exxxtrasmall.com,""
2029,olx.org,""
2030,fuqqt.com,""
2031,joimovies.com,""
2032,skyscanner.ca,""
2033,slatic.net,""
2034,skyscanner.com.sg,""
2035,espace-plus.net,""
2036,truthsocial.com,""
2037,ened.gr,""
2038,flibzee.com,""
2039,pwihosted.com,""
2040,servitubes.com,""
2041,mapy.com,""
2042,skyscanner.fi,""
2043,oath.com,""
2044,skyscanner.com.ph,""
2045,postimg.cc,""
2046,aiporn.download,""
2047,badoinkvr.com,""
2048,littleasians.com,""
2049,skyscanner.co.nz,""
2050,ebay.com.sg,""
2051,skyscanner.no,""
2052,segment.io,""
2053,skyscanner.ro,""
2054,sexmeets.net,""
2055,bonuskoodit.com,""
2056,bromo.com,""
2057,ebay.nl,""
2058,filesor.com,""
2059,envatousercontent.com,""
2060,tamilporn.me,""
2061,dezyred.com,""
2062,puremature.com,""
2063,skyscanner.ch,""
2064,onlymodelsfinder.com,""
2065,gupy.io,""
2066,gx4.com,""
2067,fetish-matters.net,""
2068,adultblogturtle.com,""
2069,sexxxx.love,""
2070,japanporner24.com,""
2071,skyscanner.pk,""
2072,sheporn.click,""
2073,ntv.io,""
2074,adultblogspider.com,""
2075,wikivoyage.org,""
2076,shemalez.com,""
2077,skyscanner.co.il,""
2078,aticdn.net,""
2079,wankzvr.com,""
2080,fetishcams.us,""
2081,delitraff.com,""
2082,analsex7.com,""
2083,skyscanner.dk,""
2084,nbcunicareers.com,""
2085,spip.net,""
2086,it.com,""
2087,psmcdn.net,""
2088,mypornoplanet.com,""
2089,skyscanner.com.eg,""
2090,porn-video24.co.uk,""
2091,m-porn.ai,""
2092,ganjingworld.com,""
2093,nederlandsesexfilm.net,""
2094,wwd.com,""
2095,rosetoyofficial-us.com,""
2096,algolia.net,""
2097,newpfactory.com,""
2098,teenporno7.com,""
2099,crazysexasian.com,""
2100,abhiwebtech.com,""
2101,fleshlight.com,""
2102,newbloggerthemes.com,""
2103,plumpjig.com,""
2104,cams4play.com,""
2105,japanxv.com,""
2106,magazines.com,""
2107,cheggcdn.com,""
2108,vrporn.homes,""
2109,imglnkx.com,""
2110,placeit.net,""
2111,ethicspoint.com,""
2112,browser-update.org,""
2113,zendplace.pro,""
2114,transporn.cfd,""
2115,adman.gr,""
2116,adultlivesexcams.com,""
2117,blogspot.co.id,""
2118,tailwindcss.com,""
2119,seedtag.com,""
2120,flashtalking.com,""
2121,counters4u.com,""
2122,solidoak.com,""
2123,gaycamspot.com,""
2124,lazada.com,""
2125,optad360.io,""
2126,voyeurporn.vip,""
2127,thefappening2015.com,""
2128,cougarpornic.com,""
2129,hotmilfsex.click,""
2130,startspace.com,""
2131,matureblackpussy.org,""
2132,sfxporn.com,""
2133,citypshow.com,""
2134,vbulletin.com,""
2135,sensacine.com.co,""
2136,trafficox.com,""
2137,fastly.com,""
2138,concert.io,""
2139,viafoura.net,""
2140,queryly.com,""
2141,vrsumo.com,""
2142,askmediagroup.com,""
2143,adultworldq.com,""
2144,tubesexfilms.com,""
2145,pornclassik.click,""
2146,18porn.sex,""
2147,analamateur.com,""
2148,pornmeka.com,""
2149,pornsavant.com,""
2150,trannycams.biz,""
2151,newbigtitstube.com,""
2152,alexametrics.com,""
2153,videopornogratuit.net,""
2154,africancasting.com,""
2155,porn-videos24.com,""
2156,useinsider.com,""
2157,daraz.lk,""
2158,bbwphd.com,""
2159,others-cdn.com,""
2160,hentaixx.me,""
2161,livefetishwebcams.com,""
2162,awejmp.com,""
2163,qep.me,""
2164,mujerhoy.com,""
2165,jizzberry.com,""
2166,videosporno24.com,""
2167,amateur.tv,""
2168,drunkenstepfather.com,""
2169,tysksex.com,""
2170,chyoa.com,""
2171,asianphit.com,""
2172,xiti.com,""
2173,advertising.com,""
2174,flirtify.com,""
2175,fanatical.com,""
2176,sportico.com,""
2177,porno-videos24.de,""
2178,partycelebs.com,""
2179,cuteteenphonesex.com,""
2180,graddit.com,""
2181,onlinesitedirectory.com,""
2182,sexcamsex.com,""
2183,xnxxporn.homes,""
2184,geoedge.be,""
2185,evolvemediallc.com,""
2186,vrhush.com,""
2187,id5-sync.com,""
2188,pbstck.com,""
2189,gothgirlfriends.com,""
2190,thaiporn.sbs,""
2191,webcamsex.nl,""
2192,prostoporno.name,""
2193,ferronetwork.com,""
2194,porniki.com,""
2195,allbbwp.com,""
2196,yahooinc.com,""
2197,ringieraxelspringer.pl,""
2198,okbeautybox.co.uk,""
2199,evgnet.com,""
2200,itainews.com,""
2201,parsintl.com,""
2202,daraz.com.np,""
2203,clicporn.com,""
2204,bestpworld.com,""
2205,teenyblack.com,""
2206,amatorvideok.top,""
2207,cumtv.com,""
2208,asianpussyp.com,""
2209,mensexcams.com,""
2210,echst.net,""
2211,sentry-cdn.com,""
2212,asianworldp.com,""
2213,quantummetric.com,""
2214,tiava.com,""
2215,mynewsassistant.com,""
2216,cdnvault.com,""
2217,livexxxsexcams.com,""
2218,hardpornxxx.com,""
2219,responsiblegambling.org,""
2220,teenpornvideo.sex,""
2221,pmc.com,""
2222,erito.com,""
2223,wankz.com,""
2224,clipcash.com,""
2225,desiporn.sbs,""
2226,12321.cn,""
2227,ibas-uk.com,""
2228,6chua.com,""
2229,realrapevideos.com,""
2230,javsex.homes,""
2231,helpshift.com,""
2232,mommyfuckers.com,""
2233,latinaporn.sbs,""
2234,zx110.org,""
2235,pornscom24.com,""
2236,backroomcastingcouch.com,""
2237,60plusmilfs.com,""
2238,blowvr.com,""
2239,freakshare.com,""
2240,mastodon.world,""
2241,worldofphonesex.com,""
2242,analporn.click,""
2243,freephonep.com,""
2244,tbhostedgalleries.com,""
2245,zippermagazine.com,""
2246,ivythemes.com,""
2247,hdgrandma.com,""
2248,toplist.cz,""
2249,verotel.com,""
2250,sexalarab.com,""
2251,lesboworldp.com,""
2252,freejavp.com,""
2253,hottestphd.com,""
2254,spelberoende.se,""
2255,gannett.com,""
2256,desiboobs.org,""
2257,anpc.ro,""
2258,asiansexdiary.com,""
2259,mbslr2.com,""
2260,nsgalleries.com,""
2261,company-target.com,""
2262,sng.link,""
2263,newwpthemes.com,""
2264,camwhoresbay.com,""
2265,free1xxx.com,""
2266,bbwsplanet.com,""
2267,asianpspace.com,""
2268,pornhits.com,""
2269,usex.su,""
2270,imageporter.com,""
2271,xanimeporn.com,""
2272,urlgalleries.net,""
2273,tubezporn.com,""
2274,hdxxxi.com,""
2275,mybigtitsbabes.com,""
2276,bdsmfplace.com,""
2277,openweathermap.org,""
2278,sexier.com,""
2279,broadwaygaming.com,""
2280,joueurs-info-service.fr,""
2281,scandalplanet.com,""
2282,trikepatrol.com,""
2283,pineapplesupport.com,""
2284,mytscams.com,""
2285,pornobuzz.net,""
2286,aspireglobal.com,""
2287,apricot.co.im,""
2288,x3guide.com,""
2289,sascdn.com,""
2290,freepvideos.com,""
2291,goldadultblogs.com,""
2292,hqtokyoporn.com,""
2293,livehotsexcams.com,""
2294,terrorhouse.com,""
2295,ftc.go.kr,""
2296,cartoonpornvideos.com,""
2297,ohhell.com,""
2298,mxpnl.com,""
2299,japanptv.com,""
2300,casumoaffiliates.com,""
2301,freepornfox.com,""
2302,qpornsite.com,""
2303,hotlivesexchat.com,""
2304,progressplay.net,""
2305,punishbang.com,""
2306,highwebmedia.com,""
2307,porno24.org.pl,""
2308,contentstack.com,""
2309,finesexblogs.com,""
2310,mirrorpix.com,""
2311,grannypornmovies.net,""
2312,pornlatina.cfd,""
2313,allasians.com,""
2314,fca.org.uk,""
2315,milfed.com,""
2316,follow.it,""
2317,vs4.com,""
2318,about.google,""
2319,wtf.porn,""
2320,pushpad.xyz,""
2321,abtasty.com,""
2322,pornvider.com,""
2323,respina24.ir,""
2324,desisex.click,""
2325,babes34.com,""
2326,mparticle.com,""
2327,skinnymatures.com,""
2328,hypnotube.com,""
2329,bbwpspace.com,""
2330,topsiteguide.com,""
2331,meetinchat.com,""
2332,robbreport.com,""
2333,nbcuniversal.com,""
2334,letstryanal.com,""
2335,sexrussia.click,""
2336,jallacasino.se,""
2337,poynter.org,""
2338,nubiles-porn.com,""
2339,ncleg.gov,""
2340,mygayboys.cam,""
2341,gylsx028.com,""
2342,lustery.com,""
2343,xvmirror.vip,""
2344,demand.supply,""
2345,pacificbirdstudies.com,""
2346,sheporn.vip,""
2347,freepornfreesex.com,""
2348,cnhubei.com,""
2349,bbwpussyp.com,""
2350,livesexlivecams.cam,""
2351,ai-porn.name,""
2352,trueamateurs.com,""
2353,getclicky.com,""
2354,asianpplanet.com,""
2355,bestbritishbabes.com,""
2356,mypornstarbook.net,""
2357,bumcams.com,""
2358,spizoo.com,""
2359,netlify.com,""
2360,opencollective.com,""
2361,theporndude.vip,""
2362,naughtyphonegirljo.com,""
2363,jivox.com,""
2364,asianarea.com,""
2365,directoalpaladar.com,""
2366,mgirl.tv,""
2367,pornhd24.co.uk,""
2368,porn2018.com,""
2369,trendencias.com,""
2370,indianpornlist.com,""
2371,outdatedbrowser.com,""
2372,pornebony.vip,""
2373,envato-static.com,""
2374,amateur-fucker.com,""
2375,3djuegosguias.com,""
2376,olx-st.com,""
2377,config-security.com,""
2378,nicerporn.com,""
2379,xataka.com.co,""
2380,tushyraw.com,""
2381,judge.me,""
2382,gamurs.group,""
2383,fapsty.com,""
2384,nastooh.ir,""
2385,tantaly.com,""
2386,seksabhidio.org,""
2387,rokettube2.icu,""
2388,adultlist.com,""
2389,amurz.com,""
2390,honestpornreviews.com,""
2391,nataliekash.com,""
2392,territorioese.com,""
2393,minutemediacdn.com,""
2394,pornsitebros.com,""
2395,newsexwap.com,""
2396,freexxxpornstar.com,""
2397,vubado.com,""
2398,blogher.com,""
2399,superbthemes.com,""
2400,hotsextv.vip,""
2401,analmom.com,""
2402,csoonline.com,""
2403,blogs.es,""
2404,oferplan.com,""
2405,mrpinks.com,""
2406,mookie1.com,""
2407,submityourflicks.com,""
2408,freehentaistream.com,""
2409,xxxi.porn,""
2410,xnxx123.org,""
2411,sexlatina.click,""
2412,doeda2.icu,""
2413,strpjmp.com,""
2414,videobox.com,""
2415,vrbtrans.com,""
2416,iransamaneh.com,""
2417,vocstatic.com,""
2418,sweetphonesexgirls.com,""
2419,sourcingjournal.com,""
2420,webedia.es,""
2421,eacdn.com,""
2422,extremetracking.com,""
2423,realgfporn.com,""
2424,viet69sex.icu,""
2425,directoalpaladar.com.mx,""
2426,avn.com,""
2427,spelletjes.nl,""
2428,babelicious.com,""
2429,livegaycams.biz,""
2430,myhentaigallery.com,""
2431,poki-cdn.com,""
2432,hello.porn,""
2433,3xpreview.com,""
2434,gothvamps.com,""
2435,porn-hd.it,""
2436,influencersgonewild.com,""
2437,horrorsex.net,""
2438,turium.es,""
2439,hdabla2.icu,""
2440,shkulevholding.ru,""
2441,castingcouch-x.com,""
2442,madepics.net,""
2443,videopornofrancais.com,""
2444,autocasion.com,""
2445,tycsports.com,""
2446,freechat.com.co,""
2447,goldderby.com,""
2448,plusporn.net,""
2449,chinese-angels.com,""
2450,sportatschool.org.uk,""
2451,paramount.tech,""
2452,elblogsalmon.com,""
2453,pure18.com,""
2454,burgosconecta.es,""
2455,online.gov.vn,""
2456,pornvr.vip,""
2457,bizible.com,""
2458,blowjobit.com,""
2459,theflowspace.com,""
2460,huelva24.com,""
2461,xvideos123.org,""
2462,chubbypornvideo.com,""
2463,imagethumb.com,""
2464,sexpornofilm.net,""
2465,bilgin.pro,""
2466,gayhdporno.com,""
2467,redditstatic.com,""
2468,imageshack.us,""
2469,missav3.icu,""
2470,abcnews.com,""
2471,imglnkd.com,""
2472,zxctube.com,""
2473,hindianalsex.com,""
2474,cumcam.com,""
2475,rewardsaffiliates.com,""
2476,youvisit.com,""
2477,sexvidiohindi.com,""
2478,loyalfans.com,""
2479,arabporn.click,""
2480,ebis.ne.jp,""
2481,asam.company,""
2482,hdpornk.com,""
2483,videosxxxhd.com,""
2484,dogfartnetwork.com,""
2485,freepornofreeporn.com,""
2486,zhgal.com,""
2487,silveradultblogs.com,""
2488,homepornking.com,""
2489,thaiurge.com,""
2490,pornofun24.com,""
2491,pornofilme7.com,""
2492,larioja.com,""
2493,playwire.com,""
2494,victoriaforphonesex.com,""
2495,xxxpornhd.pro,""
2496,sikis.icu,""
2497,wa.link,""
2498,vrbgay.com,""
2499,videosexolatino.com,""
2500,pymesyautonomos.com,""
2501,mediamond.it,""
2502,livesexcams.biz,""
2503,porna.icu,""
2504,fettealtefrau.net,""
2505,bigporn.com,""
2506,businessinsider.es,""
2507,suckcams.com,""
2508,teensloveblackcocks.com,""
2509,fatbuttp.com,""
2510,sexfreexxx.com,""
2511,kansasbids.us,""
2512,masturbate2gether.com,""
2513,porn.ai,""
2514,footwearnews.com,""
2515,aboutpaf.com,""
2516,porndroids.com,""
2517,gothgirlfriendsvip.com,""
2518,snapptrip.com,""
2519,top1sever.com,""
2520,yimbly.com,""
2521,disneycareers.com,""
2522,viapais.com.ar,""
2523,stayalanya.com,""
2524,gibraltar.gov.gi,""
2525,tanyadanielle.com,""
2526,tapad.com,""
2527,stufferdb.com,""
2528,alltranssexuals.com,""
2529,wwv4.com,""
2530,tanx.com,""
2531,inkedvixensxxx.com,""
2532,sexplaycam.us,""
2533,nutaku.com,""
2534,vvkondaiah.com,""
2535,videosxxxargentinos.com,""
2536,xoriental.com,""
2537,dscgirls.live,""
2538,sexolatinovideos.com,""
2539,tamilnewsexvideos.com,""
2540,hidden.com,""
2541,artnews.com,""
2542,xataka.com.mx,""
2543,nymphogirls.com,""
2544,toicoxx.com,""
2545,bebesymas.com,""
2546,run-forest.run,""
2547,pornoxxxworld.com,""
2548,justgoodsex.com,""
2549,porntube.wtf,""
2550,xxxtubetv.click,""
2551,nude-pics.org,""
2552,bronzeadultblogs.com,""
2553,brdteengal.com,""
2554,samariacafe.net,""
2555,jerkdolls.com,""
2556,pornoizle2.icu,""
2557,alsscan.com,""
2558,tommys-bookmarks.com,""
2559,chinaporno24.com,""
2560,vibe.com,""
2561,ay.delivery,""
2562,cjwrightxxxanal.com,""
2563,phonepleaser.com,""
2564,porniwank.com,""
2565,3xshemales.com,""
2566,awempire.com,""
2567,advancelocal.com,""
2568,millenium.gg,""
2569,xataka.com.br,""
2570,wpimg.pl,""
2571,penthouse.com,""
2572,bestpornsiteslist.net,""
2573,dtscout.com,""
2574,kinkmeister.com,""
2575,nastypornpics.com,""
2576,nacktehausfrauen.net,""
2577,srv69.eu,""
2578,thaitubesex.com,""
2579,nsfw.tools,""
2580,jjcahill.com,""
2581,ezoic.net,""
2582,welife.es,""
2583,wittered-mainging.com,""
2584,livesexonnet.com,""
2585,pornnetworkdeals.com,""
2586,funeral-notices.co.uk,""
2587,huffpostbrasil.com,""
2588,blogspot.sg,""
2589,womennow.es,""
2590,lesbian-vampires.com,""
2591,asian-matures.com,""
2592,hrmos.co,""
2593,orientalptv.com,""
2594,pinterest.ru,""
2595,mobilepornmovies.com,""
2596,f95zone.to,""
2597,savitabhabhivideos.com,""
2598,affinitymatrix.com,""
2599,18vr.com,""
2600,momslust.com,""
2601,wetsexcams.com,""
2602,hsforms.com,""
2603,babesmachine.com,""
2604,gayhotcams.com,""
2605,bbw.wtf,""
2606,tubeamateurporn.com,""
2607,livetrannyshows.com,""
2608,consob.it,""
2609,allasianp.com,""
2610,linearicons.com,""
2611,lavozdigital.es,""
2612,games.co.uk,""
2613,xatakahome.com,""
2614,manzoniadvertising.com,""
2615,pornandxxxvideos.com,""
2616,motorpasion.com.mx,""
2617,mb6688.me,""
2618,imagedelivery.net,""
2619,compradiccion.com,""
2620,3d-sexgames.eu,""
2621,vccorp.vn,""
2622,nudecamboys.com,""
2623,evooli.icu,""
2624,diyiyou.com,""
2625,mundoxiaomi.com,""
2626,videospornvideos.com,""
2627,sinphonesex.com,""
2628,pornhdfilms.com,""
2629,motorpasionmoto.com,""
2630,ingyenszexvideok.org,""
2631,diariodelviajero.com,""
2632,gcdn.co,""
2633,1bigclub.com,""
2634,perverttube.com,""
2635,femdomdestiny.com,""
2636,hentaifox.com,""
2637,gamesgamescdn.com,""
2638,homeasianp.com,""
2639,pcisecuritystandards.org,""
2640,weblogssl.com,""
2641,gransexy.com,""
2642,jwpsrv.com,""
2643,meetcdn.com,""
2644,pornofilms24.fr,""
2645,7dak2.icu,""
2646,beacons.ai,""
2647,pornblogfinder.com,""
2648,javporn.bond,""
2649,sexchat.com.co,""
2650,3xinterracial.com,""
2651,midgetsex.click,""
2652,hdgaysex.com,""
2653,gratisdanskporno.net,""
2654,poprosa.com,""
2655,maduritasespanolas.com,""
2656,granny-hd.com,""
2657,beautifulptv.com,""
2658,roshy.tv,""
2659,cocorugby.co.uk,""
2660,xnxxporn.page,""
2661,male-pleasure.com,""
2662,filmovisex.com,""
2663,quintype.com,""
2664,fatworldp.com,""
2665,bipividiyo.info,""
2666,frumpytube.com,""
2667,leonoticias.com,""
2668,pornclassik.vip,""
2669,acpm.fr,""
2670,privatecamsfree.com,""
2671,framerusercontent.com,""
2672,hdporno2.icu,""
2673,sekeszmamoyu.com,""
2674,7graus.com,""
2675,fantasyorientalp.com,""
2676,videos-xxx-tube.com,""
2677,midgetporn.vip,""
2678,hindisexxxxvideos.best,""
2679,prf.hn,""
2680,3djuegospc.com,""
2681,expireddomains.com,""
2682,rusuchka.com,""
2683,lilykoh.com,""
2684,japanxsex.com,""
2685,artforum.com,""
2686,karlikporno.com,""
2687,dyked.com,""
2688,kinkyphonesexslut.com,""
2689,latinosexo.net,""
2690,peluuri.fi,""
2691,hottestpornx.com,""
2692,18asiantube.com,""
2693,hsmedia.ru,""
2694,inyourarea.co.uk,""
2695,dmcdn.net,""
2696,sexfilmy9.pl,""
2697,youx.xxx,""
2698,reachplc.com,""
2699,freshptv.com,""
2700,thaipornxxx.com,""
2701,4399.cn,""
2702,sexkoche.mobi,""
2703,teenslovehugecocks.com,""
2704,bporncity.com,""
2705,elnortedecastilla.es,""
2706,swapsmut.com,""
2707,cjwrightxxx.com,""
2708,sc-static.net,""
2709,vb.me,""
2710,eldiariomontanes.es,""
2711,asianpedia.com,""
2712,motorpasion.com,""
2713,trafokit.com,""
2714,hoy.es,""
2715,jun8899.me,""
2716,theleaksbay.com,""
2717,dpgmediagroup.com,""
2718,gptgirlfriend.online,""
2719,wbd.com,""
2720,branch.io,""
2721,tns-counter.ru,""
2722,sekasibipividiyo.com,""
2723,gayvxporn.com,""
2724,camshowdownload.com,""
2725,xnx-vids.com,""
2726,bdsmclick.com,""
2727,amatorki.biz,""
2728,ourgames.ru,""
2729,pornoingyen.net,""
2730,javhd.ink,""
2731,spela.se,""
2732,tabootube.xxx,""
2733,galacticporn.com,""
2734,trustedsite.com,""
2735,ebonyporn.click,""
2736,espncdn.com,""
2737,grandmomporn.com,""
2738,santander.com,""
2739,tubeporno24.com,""
2740,localxlist.org,""
2741,sexblogdemon.com,""
2742,brightspotcdn.com,""
2743,phmirror.vip,""
2744,lesbianworldp.com,""
2745,permainan.co.id,""
2746,splus.ir,""
2747,pornpair.com,""
2748,bitrix.info,""
2749,girlswallowed.com,""
2750,cherrypimps.com,""
2751,asianfreep.com,""
2752,mcstories.com,""
2753,familysinners.com,""
2754,sexytuber.com,""
2755,red-life.co.uk,""
2756,wp-script.com,""
2757,asian-o.com,""
2758,pornid.xxx,""
2759,salesforcestore.com,""
2760,diverto.tv,""
2761,tochterporn.com,""
2762,getiton.com,""
2763,adultcamtube.com,""
2764,jalurvip.com,""
2765,vocento.com,""
2766,prismamedia.com,""
2767,pornkorea.click,""
2768,fancentro.com,""
2769,camlive.com,""
2770,clarip.com,""
2771,blackneed.com,""
2772,trafficstars.com,""
2773,videoplayerhub.com,""
2774,pornomaduras.net,""
2775,2nastychicks.com,""
2776,contentful.com,""
2777,imagekit.io,""
2778,indiansexq.com,""
2779,ebonygalore.com,""
2780,blogspot.pt,""
2781,porndork.com,""
2782,nakedgirls.xxx,""
2783,pornofilm7.com,""
2784,unzipvr.com,""
2785,justnudepic.com,""
2786,xataka.com.ar,""
2787,18tubehd.com,""
2788,membrana.media,""
2789,3djuegos.lat,""
2790,japonporn.top,""
2791,bdsmdvdtube.com,""
2792,usabilla.com,""
2793,x-video.org,""
2794,espinof.com,""
2795,fuckyoucash.com,""
2796,eurogirlsescort.com,""
2797,mature247.com,""
2798,gov.ro,""
2799,openai.com,""
2800,rupalipalace.co.uk,""
2801,sexizle2.icu,""
2802,pornyteen.com,""
2803,videosxxxabuelas.com,""
2804,hornyhousewifephonesex.com,""
2805,indianxvideos2021.com,""
2806,goldpclips.com,""
2807,laverdad.es,""
2808,tnaflixtv.vip,""
2809,bestbdsmp.com,""
2810,script.ac,""
2811,washilog.com,""
2812,vietpub.com,""
2813,gluecksspiel-behoerde.de,""
2814,discountporn.org,""
2815,aliexpress.ru,""
2816,camshows.tv,""
2817,rpwmct.com,""
2818,gonzo-movies.com,""
2819,pornoenespanollatino.com,""
2820,xxntube.com,""
2821,fliphtml5.com,""
2822,czechmegaswingers.com,""
2823,monstercockgang.com,""
2824,chatrazvrat.com,""
2825,handy-sextreffen.info,""
2826,twistys.com,""
2827,starlist.com,""
2828,hdporngo.com,""
2829,pinkteenpussy.org,""
2830,zoophiletube.com,""
2831,fhpicturegalleries.com,""
2832,ppllstatics.com,""
2833,ebxcdn.com,""
2834,hearstmagazines.com,""
2835,aidatingsites.com,""
2836,neatmovies.com,""
2837,bdsmcloud.com,""
2838,mamiporno.com,""
2839,magazinesdirect.com,""
2840,pornworksai.com,""
2841,blogbugs.org,""
2842,teensexchatrooms.com,""
2843,hotyoungpussy.org,""
2844,vkvideo.ru,""
2845,massagepornvideo.com,""
2846,hdhindisex.com,""
2847,morepornstars.com,""
2848,teads.com,""
2849,suomivids.com,""
2850,gedidigital.it,""
2851,grandmaporno.com,""
2852,eseug.com,""
2853,freechatnow.com,""
2854,confianzaonline.es,""
2855,mrzootube.com,""
2856,freexcafe.com,""
2857,marketplacelive.co.uk,""
2858,tit4free.com,""
2859,dorcelvision.com,""
2860,bbcparadise.com,""
2861,area51.porn,""
2862,mousebreaker.com,""
2863,nailedhard.com,""
2864,twincdn.com,""
2865,imguol.com.br,""
2866,xporn3d.net,""
2867,bdg.com,""
2868,transfermarkt.technology,""
2869,zenra.net,""
2870,primeapi.com,""
2871,colliderporn.com,""
2872,trustradius.com,""
2873,fetish-porn-stars.com,""
2874,pornofilmmom.net,""
2875,girlssexhairy.com,""
2876,sfdcdigital.com,""
2877,videopornogratuite.org,""
2878,aiporn.icu,""
2879,googlecode.com,""
2880,videosdepornolatino.com,""
2881,mondadori.it,""
2882,templatesyard.com,""
2883,tube18.sex,""
2884,hellmoms.com,""
2885,cdn-apple.com,""
2886,videoxxx.sex,""
2887,insanezoosex.com,""
2888,unibetcasino.be,""
2889,sexfilmstube.com,""
2890,applemediaservices.com,""
2891,secretgfs.com,""
2892,hub-cdn.com,""
2893,redneckjohn.com,""
2894,tru.am,""
2895,privacytools.com.br,""
2896,passion-hd.com,""
2897,transfermarkt.es,""
2898,repstatic.it,""
2899,sexyyounggirls.org,""
2900,djatoya.com,""
2901,mikebigdick.com,""
2902,iolam.it,""
2903,levelaccess.com,""
2904,contratar.online,""
2905,pussyboy.net,""
2906,mydirtyhobby.de,""
2907,indianallsexvideos.com,""
2908,camsparty.com,""
2909,affcorner.com,""
2910,wasteland.com,""
2911,sexsitehd.com,""
2912,pornofint.com,""
2913,chtntor.com,""
2914,postrelease.com,""
2915,babes34.pro,""
2916,pornobesplatno.com,""
2917,pegi.info,""
2918,gaymeister.com,""
2919,voilaporno.com,""
2920,meity.gov.in,""
2921,omegleporn.click,""
2922,zooclips360.com,""
2923,cuentabancaria.net,""
2924,puzzmo.com,""
2925,hearstmags.com,""
2926,sexmithausfrauen.net,""
2927,appspot.com,""
2928,dpgmedia.cloud,""
2929,livemediahost.com,""
2930,hotxxxpornpics.com,""
2931,tapsi.ir,""
2932,thefappening.one,""
2933,brutalfucking.net,""
2934,getzoosex.com,""
2935,striphilo.com,""
2936,smitefire.com,""
2937,freesexgames.eu,""
2938,porn3d.vip,""
2939,cio.com,""
2940,sakuyaoi.com,""
2941,xnxxx.work,""
2942,sluttybbws.com,""
2943,blogspot.com.es,""
2944,infosec.exchange,""
2945,redaktor.no,""
2946,dosalcubo.com,""
2947,bigfuck.tv,""
2948,pervmom.com,""
2949,asmhentai.com,""
2950,hotscope.tv,""
2951,cayhost.com,""
2952,lexozfldkklgvc.com,""
2953,pincelebs.net,""
2954,hotteenpussy.org,""
2955,finesexmovies.com,""
2956,ksaksaksa.com,""
2957,fumihiro1192.com,""
2958,mail-and-media.com,""
2959,idealmedia.io,""
2960,thebestporn.com,""
2961,babepics.org,""
2962,animesex.me,""
2963,sapphicerotica.com,""
2964,desiindiansex.org,""
2965,daughterswap.com,""
2966,sibforms.com,""
2967,findy-code.io,""
2968,porntubeguru.com,""
2969,nakedtitstube.com,""
2970,aacihealthcare.com,""
2971,xlogz.com,""
2972,hottestasiansite.com,""
2973,freebeastvideos.com,""
2974,hotsexblogsdir.com,""
2975,stbm.it,""
2976,slutroulette.com,""
2977,salamancahoy.es,""
2978,livejournal.net,""
2979,ccmbg.com,""
2980,themeansar.com,""
2981,videobrasileirinhas.net,""
2982,r51.com,""
2983,spicevids.com,""
2984,avanal.com,""
2985,babecenterfolds.com,""
2986,mypornhere.com,""
2987,yougoggle.com,""
2988,volnamista.cz,""
2989,phimxxxsex.casa,""
2990,myeroblog.com,""
2991,germansexporn.com,""
2992,substackcdn.com,""
2993,cloudflarestream.com,""
2994,webcam4money.com,""
2995,letsdoeit.com,""
2996,pornoreife.com,""
2997,casinorewards.com,""
2998,ingles.com,""
2999,xnxx123.tv,""
3000,porntamilvideo.com,""
3001,runporn.com,""
3002,web2feel.com,""
3003,home.blog,""
3004,linuxfoundation.org,""
3005,newspapersubs.co.uk,""
3006,nupornfree.com,""
3007,erome.com,""
3008,ccmbenchmark.com,""
3009,amplience.net,""
3010,javhub.com,""
3011,nen.com.cn,""
3012,pornmovies.site,""
3013,epornik.com,""
3014,usatini.com,""
3015,erome.icu,""
3016,findbare.com,""
3017,teenfidelity.com,""
3018,selfiefetish.com,""
3019,taiwan.cn,""
3020,hqgranny.com,""
3021,myjavp.com,""
3022,newssc.org,""
3023,wetsins.com,""
3024,straponsfemdom.com,""
3025,hqtube.com,""
3026,besplatnipornofilmovi.net,""
3027,premsrv.com,""
3028,xvideoindian.org,""
3029,notion.site,""
3030,cnstrc.com,""
3031,tiny.pl,""
3032,ladyboygold.com,""
3033,ibdsmporn.com,""
3034,feishu.cn,""
3035,o-seznam.cz,""
3036,blowjobs.pro,""
3037,fleshlyx.com,""
3038,daftsex.homes,""
3039,mallusexvideos.net,""
3040,crushon.ai,""
3041,imgchili.com,""
3042,hqporn.click,""
3043,wlresources.com,""
3044,naughtysites.com,""
3045,czechstreets.com,""
3046,porngo.com,""
3047,elitebbw.com,""
3048,crocotube.com,""
3049,xzooclips.com,""
3050,gayhdxvideos.com,""
3051,videosdesexoanal.com,""
3052,abc.com,""
3053,pandesiaworld.com,""
3054,freshbdsmtube.com,""
3055,xlx.xxx,""
3056,coco-escort.com,""
3057,sekspornofilmovi.com,""
3058,techpump.com,""
3059,hotyounggirls.com,""
3060,affect3dstore.com,""
3061,transissy.org,""
3062,hdsporno.com,""
3063,zzcartoon.com,""
3064,schibsted.com,""
3065,cdnfonts.com,""
3066,chatgpt.com,""
3067,seksa.info,""
3068,netload.in,""
3069,trickyrock.com,""
3070,tibet.cn,""
3071,sexblogger.eu,""
3072,speakol.com,""
3073,dpgmedia.net,""
3074,xnxxbest.pro,""
3075,email.com,""
3076,weblogtemplates.net,""
3077,moshimo.com,""
3078,nwknews.jp,""
3079,imgdino.com,""
3080,cumhdporn.com,""
3081,3xbigboobs.com,""
3082,sexyxxxfreeporn.com,""
3083,hotmail.com,""
3084,invisioncommunity.com,""
3085,broadcom.com,""
3086,myanimalsex.com,""
3087,reifefrauensex.com,""
3088,hotwifexxx.com,""
3089,pornoespanollatino.com,""
3090,lubed.com,""
3091,adocean.pl,""
3092,pwetantv.com,""
3093,ptwmstcnt.com,""
3094,impact.com,""
3095,netbian.com,""
3096,horrorvamps.com,""
3097,sextubeporno.com,""
3098,impactradius-go.com,""
3099,dantearaujo.net,""
3100,wargaming.com,""
3101,newgamesprograms.com,""
3102,leovegas.co.uk,""
3103,sectigo.com,""
3104,trahkino.cc,""
3105,utamed.es,""
3106,longbigtitstube.com,""
3107,moe.gov.cn,""
3108,abcotvs.net,""
3109,unusualpeople.com,""
3110,outpersonals.com,""
3111,bigboobbundle.com,""
3112,pussyfuckcams.com,""
3113,ebonypornp.com,""
3114,minutemedia.com,""
3115,osmiporno.com,""
3116,homemadeporn.click,""
3117,allaboutcookies.org,""
3118,hotpplace.com,""
3119,freesex.cam,""
3120,tkqlhce.com,""
3121,boosty.to,""
3122,mandatory.com,""
3123,xxxfree.pro,""
3124,bestpornsites.cc,""
3125,avaescorts.com,""
3126,pornbox.com,""
3127,kochava.com,""
3128,reworldmedia.com,""
3129,essentialaccessibility.com,""
3130,freegonzo.com,""
3131,dbnaked.com,""
3132,animeporn.click,""
3133,peacocktv.com,""
3134,dotafire.com,""
3135,pornmoviesg.com,""
3136,cambro.tv,""
3137,dansksex.net,""
3138,amateurvoyeurforum.com,""
3139,townnews.com,""
3140,sexvideochat.blog,""
3141,filthyhub.icu,""
3142,videosdesexoamateur.net,""
3143,58che.com,""
3144,sessovideo24.com,""
3145,gruppomondadori.it,""
3146,donnexxxfilm.com,""
3147,18nh.com,""
3148,kioskoymas.com,""
3149,xxxvideo.sex,""
3150,gfrevenge.com,""
3151,gratissexfilmen.com,""
3152,wpenginepowered.com,""
3153,sic.gov.co,""
3154,peliculasxxxespanol.com,""
3155,pornogreece.com,""
3156,magyarul.top,""
3157,ko-fi.com,""
3158,streamsex.com,""
3159,todoalicante.es,""
3160,gaypornc.com,""
3161,ucam.xxx,""
3162,premiumleads.com,""
3163,ai-porn.photos,""
3164,clear-tv.com,""
3165,mainebids.us,""
3166,dynatrace.com,""
3167,5twhosting.com,""
3168,localdigitalkit.com,""
3169,vxcash.net,""
3170,peopleapp.com,""
3171,vxcdn.org,""
3172,elmundoporno.com,""
3173,medyanetads.com,""
3174,cncporn.click,""
3175,mahdokhtclinic.com,""
3176,s3waas.gov.in,""
3177,hostingersite.com,""
3178,pornaroma.com,""
3179,cb-wl.com,""
3180,orientalkink.com,""
3181,habr.com,""
3182,jiaodong.net,""
3183,pornokaranje.com,""
3184,escortdirectory.com,""
3185,comeonconnect.com,""
3186,ardaudiothek.de,""
3187,dreammovies.com,""
3188,fontstatic.com,""
3189,annalovesshemale.com,""
3190,ebs.org.cn,""
3191,pstatic.net,""
3192,uporno.xxx,""
3193,cimer.gov.tr,""
3194,hqmediago.com,""
3195,maestralia.com,""
3196,asianpornmovies.org,""
3197,domacipornofilm.com,""
3198,sexobrasileiras.org,""
3199,sz.gov.cn,""
3200,lezbomovies.com,""
3201,synceg.com,""
3202,porcore.com,""
3203,ebonyclipsm.com,""
3204,sexyhindivideos.com,""
3205,all-free-erotic-stories.com,""
3206,nudostar.com,""
3207,madanimalsex.com,""
3208,topcomparativas.com,""
3209,tryfucktube.com,""
3210,unibetsports.be,""
3211,matchendirect.fr,""
3212,etre-free.fr,""
3213,aiporn.review,""
3214,versantprivacy.com,""
3215,lavporn.com,""
3216,data.gov.in,""
3217,nubiles-casting.com,""
3218,karupsow.com,""
3219,admicro.vn,""
3220,czechvrcasting.com,""
3221,acrsmartcam.com,""
3222,cam-content.com,""
3223,freeuseporn.com,""
3224,tabooporn.to,""
3225,xxl-film-porno.com,""
3226,pornpander.com,""
3227,aipornpics.org,""
3228,bootysource.com,""
3229,vrallure.com,""
3230,livesexasian.com,""
3231,itspov.com,""
3232,wbdprivacy.com,""
3233,desiaunty2021.com,""
3234,fastpic.org,""
3235,baremilfs.com,""
3236,bjx.com.cn,""
3237,short.gy,""
3238,maxdash.ru,""
3239,rentingcoches.com,""
3240,mypornads.com,""
3241,hotsexpit.com,""
3242,nude-camgirls.com,""
3243,girlspclips.com,""
3244,pornokrol.com,""
3245,argentina.gob.ar,""
3246,qianlong.com,""
3247,exotic4k.com,""
3248,revistasix.es,""
3249,sfdcstatic.com,""
3250,psr.org.uk,""
3251,olx.com,""
3252,cum4k.com,""
3253,xn--mgbaaanvhpcdt8npbvj3aa47pnpia.com,""
3254,widgeo.net,""
3255,gayxo.com,""
3256,iliad.fr,""
3257,mrporn.xxx,""
3258,desi-xnxx.pro,""
3259,erotikfilmegratis.com,""
3260,shegg.com,""
3261,myhottestporno.com,""
3262,gratispornofilm.info,""
3263,pornann.com,""
3264,msrt.ir,""
3265,dirtyship.com,""
3266,vixenplus.com,""
3267,porncomicsex.com,""
3268,nudeamateurgirls.com,""
3269,perfectadultblogs.com,""
3270,wmctjd.com,""
3271,nichepornsites.com,""
3272,cra.ir,""
3273,analnippon.com,""
3274,fastindianporn.com,""
3275,bazaarvoice.com,""
3276,transfermarkt.pt,""
3277,creditchina.gov.cn,""
3278,transfermarkt.be,""
3279,qstheory.cn,""
3280,presse.no,""
3281,babesandgirls.com,""
3282,bcprm.com,""
3283,xnxx.es,""
3284,pornetv.com,""
3285,papafickt.com,""
3286,koreanhdxvideos.com,""
3287,kayak.com.gt,""
3288,espn.com.ar,""
3289,kayak.com.mx,""
3290,escortluxe.com,""
3291,nri-net.com,""
3292,goto.com,""
3293,porndiscounts.co.uk,""
3294,pornovideok.org,""
3295,kayak.co.cr,""
3296,crazy-sweetclickes.com,""
3297,snrec.jp,""
3298,sinpornx.com,""
3299,crimsontrade.top,""
3300,espanolas.cyou,""
3301,chinasspp.com,""
3302,iabsa.net,""
3303,livesex.bar,""
3304,adultsearch.com,""
3305,crypto-capital.ltd,""
3306,milfporn.tv,""
3307,sofucks.com,""
3308,sharethrough.com,""
3309,keepparamount.com,""
3310,truthordarepics.com,""
3311,aslnk.link,""
3312,panashinoorei.com,""
3313,dlakavepicke.com,""
3314,karupsha.com,""
3315,watchmejerk.com,""
3316,donnexxxfilm.casa,""
3317,123formbuilder.com,""
3318,chinesexporn.com,""
3319,relx.com,""
3320,kqzyfj.com,""
3321,drpornfree.com,""
3322,pornplus.com,""
3323,gorgias.help,""
3324,bellmedia.ca,""
3325,trome.com,""
3326,videoslatinossexo.com,""
3327,celebsnudeworld.com,""
3328,hdmomporno.com,""
3329,transfermarkt.com.ar,""
3330,underhentai.net,""
3331,unibet.ee,""
3332,yppcdn.com,""
3333,zenfield.pro,""
3334,userway.org,""
3335,findpics.net,""
3336,maac.io,""
3337,youradchoices.com,""
3338,salesforceventures.com,""
3339,fujii-yuji.net,""
3340,kayak.com.pa,""
3341,medianewsgroup.com,""
3342,kayak.nl,""
3343,unibet.se,""
3344,ifreechat.com,""
3345,cludo.com,""
3346,hatena.blog,""
3347,aebn.com,""
3348,bcorporation.net,""
3349,pubmine.com,""
3350,iresearch.cn,""
3351,tao.co,""
3352,thaihdxvideos.com,""
3353,rapeporn.mobi,""
3354,otonajp.com,""
3355,shelovesblack.com,""
3356,bdsmadventure.net,""
3357,bdsmfreep.com,""
3358,pushpushgo.com,""
3359,themexpose.com,""
3360,dahe.cn,""
3361,freeyouporn-sexvideos.com,""
3362,transfermarkt.nl,""
3363,numagasablog.com,""
3364,unibet.ie,""
3365,doubleelectronics.com,""
3366,onaji.me,""
3367,huawei.ru,""
3368,ripbook.com,""
3369,darwin.cx,""
3370,unibet.it,""
3371,asiangalore.com,""
3372,easternporno.com,""
3373,tryfreeporno.com,""
3374,fptls.com,""
3375,amazon.science,""
3376,tubeko.com,""
3377,inorinrinrin.com,""
3378,xnxxxxx.pro,""
3379,shemalestardb.com,""
3380,kayak.pl,""
3381,niaogebiji.com,""
3382,bbwtube.porn,""
3383,analtime.org,""
3384,hdxxxgo.com,""
3385,kayak.co.in,""
3386,transfermarkt.co,""
3387,sexart.com,""
3388,bdsmarchive.org,""
3389,sk.ru,""
3390,kayak.sg,""
3391,aklamio.com,""
3392,18eighteen.com,""
3393,ccgals.com,""
3394,usatodaynetworkservice.com,""
3395,manmankan.com,""
3396,kayak.ie,""
3397,bdsmcommunityhub.net,""
3398,groupon.nl,""
3399,hentaihaven.xxx,""
3400,realafricans.com,""
3401,weserv.nl,""
3402,webcamgirls.chat,""
3403,analrape.pro,""
3404,auth-excite.com,""
3405,zadultclips.com,""
3406,lankasri.fm,""
3407,piemmemedia.it,""
3408,porncrash.com,""
3409,silkengirl.com,""
3410,trailblazer.me,""
3411,runeterrafire.com,""
3412,brattysis.com,""
3413,analbbc.com,""
3414,pakistaniporn.me,""
3415,refah-bank.ir,""
3416,edreamsodigeo.com,""
3417,ai-porn.dev,""
3418,asiandvdtube.com,""
3419,kayak.com.my,""
3420,espn.com.br,""
3421,createporn.com,""
3422,wt-safetag.com,""
3423,flixcdn.com,""
3424,canonical.com,""
3425,wastelandvod.com,""
3426,prismamediasolutions.com,""
3427,xnxx-ru.com,""
3428,3dhentaisexgames.com,""
3429,buonissimo.it,""
3430,myfreesexstore.com,""
3431,kayak.sa,""
3432,xossip.pro,""
3433,bi8.link,""
3434,analpornosex.com,""
3435,video.blog,""
3436,lucasentertainment.com,""
3437,adultsex24.com,""
3438,optimole.com,""
3439,studiopress.com,""
3440,beauty-angels.com,""
3441,groupon.be,""
3442,amateurest.com,""
3443,hinews.cn,""
3444,tokyoxclips.com,""
3445,newinterracialtube.com,""
3446,hagenokaimono.com,""
3447,titten-pornofilme.net,""
3448,kayak.com.ph,""
3449,adnxs-simple.com,""
3450,getsitecontrol.com,""
3451,ui-portal.de,""
3452,nlvpro.com,""
3453,theporncouch.com,""
3454,bestpornreviews.net,""
3455,vipwank.com,""
3456,bffs.com,""
3457,kayak.com.pr,""
3458,crazyasiangfs.com,""
3459,videobaba.xyz,""
3460,asextoys.com,""
3461,chat-avenue.com,""
3462,cbsi.com,""
3463,trust-dating.com,""
3464,pokerbitcoins.net,""
3465,entensity.net,""
3466,arxnxxxxxxxxhd.best,""
3467,bbcpie.com,""
3468,united-internet.de,""
3469,justporn.link,""
3470,whalehunter.cash,""
3471,sweetgirlsescort.com,""
3472,moekyun.co,""
3473,xxx18hot.com,""
3474,prismamediadigital.com,""
3475,creativeporn.com,""
3476,freehairygirl.com,""
3477,glam0ur.com,""
3478,mylesbop.com,""
3479,tokyoxxxtube.com,""
3480,intergi.com,""
3481,camstank.com,""
3482,arizonabids.us,""
3483,motherlessmedia.com,""
3484,sebi.gov.in,""
3485,innocenthigh.com,""
3486,adperfect.com,""
3487,kayak.com.br,""
3488,webflow.io,""
3489,lf-law.com,""
3490,badjojo.com,""
3491,kayak.com.pe,""
3492,meta.com,""
3493,unibet.ro,""
3494,lockmart.ru,""
3495,hausfrauenreife.com,""
3496,serverworks.co.jp,""
3497,xnxx-arabic.com,""
3498,redstate.com,""
3499,pornpic.com,""
3500,seductivehdsex.com,""
3501,transfermarkt.co.id,""
3502,3docean.net,""
3503,hotjar.io,""
3504,sexy-egirls.com,""
3505,transfermarkt.us,""
3506,groobygirls.com,""
3507,malayalampornvideos.com,""
3508,livesexcams.blog,""
3509,hotvipescort.com,""
3510,hobby.porn,""
3511,omsincarandhouse.work,""
3512,bestip.icu,""
3513,gelestatic.it,""
3514,videoeroticogratis.com,""
3515,bigboobspov.com,""
3516,xxxxxxxelarab.casa,""
3517,nudeblogz.com,""
3518,onlinefreechat.com,""
3519,pornoabuelas.net,""
3520,z-dn.net,""
3521,alxxnxxxxxsex.wiki,""
3522,hxsd.com,""
3523,dpgmedia.nl,""
3524,kayak.co.kr,""
3525,kissjav.com,""
3526,topchubbyporn.com,""
3527,kayak.com.do,""
3528,chappy-vibes.com,""
3529,okxxx.work,""
3530,pixhost.to,""
3531,pornolatinoespanol.net,""
3532,bloggerplugins.org,""
3533,transpornvideo.com,""
3534,espn.com.pa,""
3535,plug.it,""
3536,bbc-anal.com,""
3537,silverptv.com,""
3538,juxing17.com,""
3539,freeadultcomix.com,""
3540,kayak.co.jp,""
3541,javperfect.com,""
3542,boyfriend-ai.xyz,""
3543,kayak.co.ve,""
3544,analcasero.net,""
3545,xnxx-india.com,""
3546,extreme-board.com,""
3547,pimpbunny.com,""
3548,betsafe.lv,""
3549,girlfriendsfilms.com,""
3550,wildriftfire.com,""
3551,transfermarkt.com.br,""
3552,18tokyo.com,""
3553,fullporner.com,""
3554,videoslesbicos.net,""
3555,kayak.com.uy,""
3556,naoconto.com,""
3557,desirereviews.com,""
3558,myorientalp.com,""
3559,forzafire.com,""
3560,doghousedigital.com,""
3561,transfermarkt.world,""
3562,photodune.net,""
3563,digst.dk,""
3564,gadget-girl.net,""
3565,link-o-rama.com,""
3566,polarcdn-terrax.com,""
3567,pornshare.biz,""
3568,theprotocol.it,""
3569,unibet.mt,""
3570,co.cc,""
3571,xnxx.lgbt,""
3572,kurvi.net,""
3573,allstatics.com,""
3574,unibet.fr,""
3575,pornofilmovixxx.com,""
3576,kayak.com.au,""
3577,porndl.cc,""
3578,cookie-script.com,""
3579,thaigirlswild.com,""
3580,bdsmcollective.info,""
3581,momhdsexo.com,""
3582,amateureuro.com,""
3583,litcares.com,""
3584,tykojiaipro.com,""
3585,pizdeparoase.top,""
3586,kayak.no,""
3587,newhampshirebids.us,""
3588,bongacams11.com,""
3589,avtits.com,""
3590,templateism.com,""
3591,xxxlatinaporn.com,""
3592,cherry.tv,""
3593,reifefrauensex.org,""
3594,isexa.com,""
3595,fuckingasian.org,""
3596,r34porn.net,""
3597,lecdj.be,""
3598,asianudetube.com,""
3599,discountedporn.com,""
3600,welivetogether.com,""
3601,videospornoscaseros.net,""
3602,freeamazingsex.com,""
3603,donnematurenude.com,""
3604,triboon.net,""
3605,kayak.com.py,""
3606,soccerdonna.de,""
3607,xxpornxx.net,""
3608,hotebonytube.com,""
3609,italiaonline.it,""
3610,prcdn.co,""
3611,frenchdictionary.com,""
3612,bbwpcollection.com,""
3613,asadcdn.com,""
3614,jtvnw.net,""
3615,indamediasales.hu,""
3616,groupon.ca,""
3617,plausible.io,""
3618,erofus.com,""
3619,kayak.com.ni,""
3620,musubi.work,""
3621,szexvideokingyen.com,""
3622,everygame.eu,""
3623,videosexirani.com,""
3624,ecunion.ir,""
3625,lunwenwx.com,""
3626,tubegalore.yachts,""
3627,emmersion.ai,""
3628,overframe.gg,""
3629,1porn.org,""
3630,nv7s.com,""
3631,coollesbo.com,""
3632,undress.app,""
3633,fap-nation.com,""
3634,abcotvs.com,""
3635,chickpass.com,""
3636,unibet.nl,""
3637,mokahr.com,""
3638,pornofilmovi.biz,""
3639,pornoazeri.com,""
3640,nuespournous.com,""
3641,mysexgamer.com,""
3642,aweptjmp.com,""
3643,jetboobs.com,""
3644,hindi-porn.pro,""
3645,alllesbianp.com,""
3646,mrlsexdoll.com,""
3647,espn.com.au,""
3648,dickflash.com,""
3649,versantmedia.com,""
3650,mediazonehq.com,""
3651,wifebucket.com,""
3652,bdsmcollection.info,""
3653,18-teen-tube.com,""
3654,c4cgmn8trk.com,""
3655,yiche.com,""
3656,indianpornempire.com,""
3657,passion.com,""
3658,advertronic.io,""
3659,videospornosenoras.com,""
3660,jav-vr.net,""
3661,stackoverflow.blog,""
3662,homemadegalore.com,""
3663,laidhub.com,""
3664,kayak.com.sv,""
3665,universityofcalifornia.edu,""
3666,tubebdsm.com,""
3667,susercontent.com,""
3668,reachphotosales.co.uk,""
3669,curvyerotic.com,""
3670,anrdoezrs.net,""
3671,kayak.com.co,""
3672,unibet.dk,""
3673,publicnoticeportal.uk,""
3674,fuckcams.com,""
3675,ravanallc.com,""
3676,trypornotube.com,""
3677,joylovedolls.com,""
3678,kayak.se,""
3679,sexier.com.co,""
3680,meshporn.com,""
3681,eu.com,""
3682,hot-twat.com,""
3683,therapyrooms.com,""
3684,hdtube.porn,""
3685,allmylinks.com,""
3686,journaldesfemmes.fr,""
3687,myfatp.com,""
3688,javgg.net,""
3689,swarmcdn.com,""
3690,titsexpo.com,""
3691,fleshed.com,""
3692,dingtalk.jp,""
3693,smut.com,""
3694,gamesindustry.biz,""
3695,nakedher.com,""
3696,westpalmbeachlandscaping.net,""
3697,virtualrealjapan.com,""
3698,xmovies.com,""
3699,kayak.ch,""
3700,familyporn.tv,""
3701,animehentaihub.com,""
3702,freegayanal.com,""
3703,pornzog.com,""
3704,cm-trk3.com,""
3705,opensource.org,""
3706,celebsdump.com,""
3707,blackgfs.com,""
3708,frenchpornxxx.com,""
3709,porntn.com,""
3710,assylum.com,""
3711,xhby.net,""
3712,xnxx2.uno,""
3713,bluekai.com,""
3714,oopsfamily.com,""
3715,mybloggerlab.com,""
3716,b2b-contenthub.com,""
3717,sexflik.com,""
3718,xnxx2.org,""
3719,pornvidshot.com,""
3720,bigtitstokyo.com,""
3721,mysafar.com,""
3722,localiq.com,""
3723,bigshowpregnant.com,""
3724,iowabids.us,""
3725,ebonypulse.tv,""
3726,morefunforyou.com,""
3727,monetate.net,""
3728,thisxvideos.com,""
3729,clubelcomercio.pe,""
3730,simplecirc.com,""
3731,hbomax.com,""
3732,com.ru,""
3733,46sk.com,""
3734,kgmedia.id,""
3735,tokyoxpornx.com,""
3736,espn.com.co,""
3737,newboys.biz,""
3738,alpenrammler.com,""
3739,topsexhdvideos.com,""
3740,peruquiosco.pe,""
3741,smartodr.in,""
3742,kayak.cat,""
3743,ibcstack.com,""
3744,pornolijstje.nl,""
3745,porngeek.com,""
3746,xxbrits.com,""
3747,german-u15.de,""
3748,trustly.com,""
3749,bizratesurveys.com,""
3750,sislovesme.com,""
3751,groupon.ae,""
3752,trustexporter.com,""
3753,resetera.com,""
3754,cospuri.com,""
3755,scu.ac.ir,""
3756,naughtymag.com,""
3757,bookanad.com,""
3758,bangbus.com,""
3759,videopornogratuito.com,""
3760,gettr.com,""
3761,pageflakes.com,""
3762,indianhdpornvideos.com,""
3763,proton.me,""
3764,videojs.com,""
3765,kayak.co.th,""
3766,grupogasca.com,""
3767,huangye88.com,""
3768,shoplyfter.com,""
3769,kayak.it,""
3770,indianabids.us,""
3771,fjsen.com,""
3772,pucrs.br,""
3773,greynium.com,""
3774,peachyforum.com,""
3775,xvix.eu,""
3776,ecomedia.pe,""
3777,indiansexmms.org,""
3778,espn.nl,""
3779,indianclicks.com,""
3780,indianpornq.com,""
3781,webbilgi.org,""
3782,pornify.cc,""
3783,oldmaturex.com,""
3784,stackoverflow.co,""
3785,best-flesh-light.com,""
3786,rapeporn.name,""
3787,gravitec.net,""
3788,integrityline.com,""
3789,hebnews.cn,""
3790,spielen.com,""
3791,transfermarkt.mx,""
3792,lesbianpornc.com,""
3793,thaixxxclips.com,""
3794,sexfilme-gratis.com,""
3795,thothub.to,""
3796,bluetracker.gg,""
3797,kayak.com.ar,""
3798,porn-plus.com,""
3799,veteranaspornos.com,""
3800,transfermarkt.co.za,""
3801,transfermarkt.pl,""
3802,homegrownfreaks.net,""
3803,adultdeepfakes.com,""
3804,farmfriends.gg,""
3805,hebei.com.cn,""
3806,schibsted.io,""
3807,grandmaxvideos.com,""
3808,magazineshop.us,""
3809,askgamblers.com,""
3810,itrust.org.cn,""
3811,gamblinghelponline.org.au,""
3812,x-xx.pro,""
3813,reachdata.live,""
3814,orientalworldp.com,""
3815,xnx.cam,""
3816,afthemes.com,""
3817,fanatik.ro,""
3818,recruitee.com,""
3819,tuttocitta.it,""
3820,membrana-cdn.media,""
3821,cuntwars.com,""
3822,DeepL.com,""
3823,kayak.pt,""
3824,transfermarkt.ch,""
3825,xxx.xxx,""
3826,shopeemobile.com,""
3827,malluvideos.org,""
3828,kayak.cl,""
3829,submitexpress.com,""
3830,girlsrimming.com,""
3831,clickxxx.net,""
3832,redcdn.net,""
3833,nationallotterie.be,""
3834,erotik-pornos.net,""
3835,adultempirecash.com,""
3836,tuktukpatrol.com,""
3837,imaoto.com,""
3838,groupon.com.au,""
3839,pornmovies2.me,""
3840,camgirls4u.com,""
3841,webpartners.co,""
3842,seemygf.com,""
3843,sexxxx.pro,""
3844,fitnakedgirls.com,""
3845,bestbrutalrapeporn.com,""
3846,imgserve.net,""
3847,tagtoday.net,""
3848,clicktale.net,""
3849,ipornlist.com,""
3850,meisjeneuken.net,""
3851,bestebonyp.com,""
3852,mulesoft.com,""
3853,bdsm-club.com,""
3854,anhuinews.com,""
3855,szfw.org,""
3856,buwei.de,""
3857,top20pornsites.com,""
3858,plrsrvcs.com,""
3859,porn-xnxx-movies.com,""
3860,tokyo-xxx.com,""
3861,freehdinterracialporn.in,""
3862,us.com,""
3863,counterstats.net,""
3864,kayak.com.ec,""
3865,opecloud.com,""
3866,thaiporna.com,""
3867,pgcasa.it,""
3868,espn.com.gt,""
3869,plataformadetransparencia.org.mx,""
3870,scoutastic.com,""
3871,fireasian.com,""
3872,toppornsites.net,""
3873,buddyporn.com,""
3874,kadokawa.co.jp,""
3875,visualnetsystems.com,""
3876,hidefporn.ws,""
3877,becom.digital,""
3878,mux.com,""
3879,prohotporn.com,""
3880,gotoresolve.com,""
3881,japanesexxxhub.com,""
3882,yamaonsen.com,""
3883,jpteacher.com,""
3884,mcclureandsons.com,""
3885,blondesexvideo.com,""
3886,camiqa.com,""
3887,pinktoys.co.uk,""
3888,setochiyo.com,""
3889,szexfilmek.org,""
3890,powerfetish.com,""
3891,idols69.com,""
3892,japanfreep.com,""
3893,onlybestsex.com,""
3894,ahnames.com,""
3895,art19.com,""
3896,irtyd.com,""
3897,espn.ph,""
3898,xnxx.gold,""
3899,themegrill.com,""
3900,cr-chat.com,""
3901,kayak.bo,""
3902,nordvpn.net,""
3903,anj.fr,""
3904,sexchatonly.com,""
3905,justsextube.com,""
3906,nastypornblogz.com,""
3907,1by-day.com,""
3908,badmilfs.com,""
3909,eticaret.gov.tr,""
3910,handjobhub.com,""
3911,klimg.com,""
3912,cosplayporntube.com,""
3913,gay0day.com,""
3914,fullpornmovies.xyz,""
3915,castingpornvideo.com,""
3916,seksfilmgratis.com,""
3917,acsta.net,""
3918,betsafe.ee,""
3919,xxdesire.com,""
3920,zadultmovies.com,""
3921,gayxxxworld.com,""
3922,trailblazercommunitygroups.com,""
3923,bad-behavior.net,""
3924,udablog.com,""
3925,groupon.ie,""
3926,tubeorigin.com,""
3927,mouseflow.com,""
3928,transfermarkt.co.in,""
3929,bbw-movies.com,""
3930,yeshello.chat,""
3931,nsaudience.pl,""
3932,porofessor.gg,""
3933,1gr.cz,""
3934,interracialxxx.xyz,""
3935,sstatic.net,""
3936,kayak.com.hn,""
3937,shoplyftermylf.com,""
3938,gmx.de,""
3939,fimela.com,""
3940,stocking-tease.com,""
3941,freeaporn.com,""
3942,appconsent.io,""
3943,bundesweit-gegen-gluecksspielsucht.de,""
3944,eroticpornxxx.com,""
3945,adtlgc.com,""
3946,mallusex.me,""
3947,tubecorporate.com,""
3948,jlist.com,""
3949,npttech.com,""
3950,tporn.tube,""
3951,urpussy.com,""
3952,lostarkfire.com,""
3953,sssh.com,""
3954,gayxlive.com,""
3955,infoempleo.com,""
3956,googledrive.com,""
3957,harutasowaka.com,""
3958,mediaworks.hu,""
3959,moneydaddy.com,""
3960,smxlive.com,""
3961,espn.com.do,""
3962,orientalfuckmovie.com,""
3963,zhiye.com,""
3964,hdbbwxxxx.com,""
3965,kayak.co.id,""
3966,eroasmr.com,""
3967,hotpornlist.com,""
3968,bbwfreetube.com,""
3969,fetishnetwork.com,""
3970,pemsrv.com,""
3971,biglobe.co.jp,""
3972,mirrorbingo.com,""
3973,pornyblogz.com,""
3974,pornxpert.com,""
3975,gratisseksfilm.com,""
3976,hdsexhq.com,""
3977,latinasextapes.com,""
3978,javbangers.com,""
3979,espn.com.pe,""
3980,101japanese.com,""
3981,typography.com,""
3982,agora.pl,""
3983,chineseporno24.com,""
3984,planescort.com,""
3985,valofessor.gg,""
3986,imaxtrack.com,""
3987,fuqer.com,""
3988,vogue.it,""
3989,sexyblackchicken.com,""
3990,simpy.com,""
3991,inxxx.com,""
3992,3xplanet.com,""
3993,ai-porn.business,""
3994,connecticutbids.us,""
3995,transfermarkt.pe,""
3996,kayak.dk,""
3997,gifyu.com,""
3998,iransexvideo.com,""
3999,ebayrtm.com,""
4000,siviaggia.it,""
4001,transfermarkt.ro,""
4002,pornprosnetwork.com,""
4003,pdcams.com,""
4004,freesexyindians.com,""
4005,a-mo.net,""
4006,gys.cn,""
4007,kayak.com.tr,""
4008,senorasfollando.top,""
4009,cnnamador.com,""
4010,transfermarkt.at,""
4011,jav-fetish.com,""
4012,mylesbianp.com,""
4013,teenmegaworld.net,""
4014,boon-senior.com,""
4015,bdsmexperts.net,""
4016,videospornoxxx.info,""
4017,weplancul.com,""
4018,pornoanswers.com,""
4019,koreanporntubes.com,""
4020,wujieliulan.com,""
4021,dump.xxx,""
4022,hottestorientalsite.com,""
4023,japanworldp.com,""
4024,nlsexfilms.net,""
4025,shemalestube.com,""
4026,grupoclarin.com,""
4027,spicecash.com,""
4028,groupefigaro.com,""
4029,heymilf.com,""
4030,mygf.com,""
4031,epimg.net,""
4032,grouponcdn.com,""
4033,gangrape.pro,""
4034,edreamsodigeocareers.com,""
4035,joonmali.com,""
4036,thefappening.wiki,""
4037,californiabids.us,""
4038,dirtysarah.com,""
4039,espn.cl,""
4040,generatepress.com,""
4041,baddaddypov.com,""
4042,commentcamarche.com,""
4043,amateur-community.net,""
4044,juda.cn,""
4045,transfermarkt.my,""
4046,troiemamme.com,""
4047,transfermarkt.fr,""
4048,fatfreep.com,""
4049,ensighten.com,""
4050,transfermarkt.jp,""
4051,xnxxbolt.com,""
4052,hdcosplayporn.com,""
4053,espn.com.ec,""
4054,kayak.com.hk,""
4055,simplydigitalbill.com,""
4056,inceststoriesvideos.com,""
4057,thedatingfan.com,""
4058,granniessex.net,""
4059,espn.com.sg,""
4060,spermmania.com,""
4061,chinaxxxvideo.com,""
4062,pilluvideot.com,""
4063,zj.gov.cn,""
4064,transfermarkt.co.kr,""
4065,woodmancastingx.com,""
4066,dotclear.net,""
4067,sexomaduras.net,""
4068,intanonline.com,""
4069,bdsmcentral.org,""
4070,safety.google,""
4071,chollometro.com,""
4072,camcaps.net,""
4073,aiporn.pw,""
4074,amateurav.com,""
4075,kamareels2.com,""
4076,uol.com,""
4077,ariase.com,""
4078,pinupfiles.com,""
4079,sextextchat.com,""
4080,koreanxsexo.com,""
4081,youronlinechoices.com,""
4082,unibet.co.uk,""
4083,ingyensexvideo.com,""
4084,vgc.no,""
4085,rapelust.com,""
4086,cam2camshows.com,""
4087,bhidio.com,""
4088,espn.co.cr,""
4089,videoscaserosamateurs.org,""
4090,desi-xxx.pro,""
4091,bollywoodporn.name,""
4092,shopescort.net,""
4093,sbzytpimg1.com,""
4094,nupornsite.com,""
4095,reifeporn.com,""
4096,jeffsmodels.com,""
4097,hhcdn.ru,""
4098,transfermarkt.gr,""
4099,lovehomeporn.com,""
4100,chinanews.com.cn,""
4101,kayak.ae,""
4102,themehouse.com,""
4103,galacticsluts.com,""
4104,opta.net,""
4105,odigeoconnect.com,""
4106,bbwhdxx.com,""
4107,grandmahdxxx.com,""
4108,sika65sgg.com,""
4109,espn.com.uy,""
4110,jbs.co.jp,""
4111,formzu.net,""
4112,buymeacoffee.com,""
4113,reifehausfrauen.info,""
4114,android.youtube,""
4115,vaingloryfire.com,""
4116,bhidioseksainlisa.com,""
4117,idi-halmaheratimur.org,""
4118,sexvporn.com,""
4119,galacticbabes.com,""
4120,lovable.dev,""
4121,eurohumpers.biz,""
4122,binance.com,""
4123,deutsche-pornoclips.com,""
4124,lesbianpreality.com,""
4125,porngathering.com,""
4126,hot-pussy-videos.com,""
4127,fapperchat.com,""
4128,incest-pornos.com,""
4129,porninblogs.com,""
4130,theporndon.com,""
4131,chinesehdsex.com,""
4132,wal.co,""
4133,filmsxxxgratuits.org,""
4134,love99.de,""
4135,milfwifesex.com,""
4136,toplistmax.com,""
4137,abveris.com,""
4138,ibibengkulu.id,""
4139,dirtylilly.biz,""
4140,xnxxgo.com,""
4141,pornosikis.xyz,""
4142,bce.ca,""
4143,immediate.co.uk,""
4144,indiawrm.org,""
4145,hotntubes.com,""
4146,maturesexq.com,""
4147,ibikotamanado.id,""
4148,nuddess.com,""
4149,pizdegoale.top,""
4150,eventbrite.dk,""
4151,kavkazporn.org,""
4152,piccoletrasgressioni.it,""
4153,arbitrationpros.us,""
4154,pornfoolery.com,""
4155,bbwpservice.com,""
4156,rio-espana.com,""
4157,GrannyPornos.com,""
4158,thesoul-publishing.com,""
4159,amateurporno.net,""
4160,beachweddingsnc.com,""
4161,atw.hu,""
4162,itec-ap2023.com,""
4163,spillemyndigheden.dk,""
4164,mbsrv2.com,""
4165,vrlatina.com,""
4166,watchersweb.com,""
4167,porno19.xyz,""
4168,vyxxx.com,""
4169,ibikotabandarlampung.org,""
4170,totallylegal.com,""
4171,cloudns.net,""
4172,cobojoes.com,""
4173,kukatonon.org,""
4174,idi-bukittinggi.org,""
4175,ibikotamalang.id,""
4176,gangbang.run,""
4177,jable-av.com,""
4178,assets6qq.com,""
4179,bingoporno.com,""
4180,nswlou.net,""
4181,dogyampoodles.com,""
4182,ijavhd.com,""
4183,manysex.com,""
4184,hot-babes-porn.com,""
4185,myfoodporn.com,""
4186,indianmilf.me,""
4187,idi-cilacap.org,""
4188,openjsf.org,""
4189,bjraw.com,""
4190,pornzoex.xyz,""
4191,freshpornworld.com,""
4192,pornhdmovies.com,""
4193,bdsmexplore.info,""
4194,ibikotamataram.org,""
4195,pornhdxxx.xyz,""
4196,ffresx.xyz,""
4197,danortizalaska.com,""
4198,eventbrite.es,""
4199,max.com,""
4200,tinnhiemmang.vn,""
4201,xxx-cinema.com,""
4202,esthema.com,""
4203,ibikotapalembang.id,""
4204,escortserviceinbanglore.com,""
4205,cookieyes.com,""
4206,idi-batanghari.org,""
4207,winkslots.com,""
4208,amik-intelcom.ac.id,""
4209,gongnu58.com,""
4210,ibikotabalikpapan.id,""
4211,japan-xxx-tube.com,""
4212,xxxmpeg.com,""
4213,mediaroom.com,""
4214,priestsofporn.com,""
4215,utvam.edu.mx,""
4216,toptransitalia.it,""
4217,cookieadmin.net,""
4218,g0zxhyw708e8.xyz,""
4219,chathotfree.com,""
4220,workercn.cn,""
4221,trovit.com.br,""
4222,pornxxxwww.xyz,""
4223,idi-bangkatengah.org,""
4224,hentaimama.io,""
4225,idi-batubara.org,""
4226,trovit.com.pa,""
4227,filmpornogratuiti.com,""
4228,trovit.com.tr,""
4229,united-internet-media.de,""
4230,idi-gianyar.org,""
4231,progressplay.com,""
4232,fayuanbooks.com,""
4233,bdsmfetishworld.com,""
4234,bestfreepornsites.top,""
4235,yieldbird.com,""
4236,freeonlinepornchat.com,""
4237,k5a.io,""
4238,freebondagehardcore.com,""
4239,titsinsmoke.com,""
4240,ibii.or.id,""
4241,hardcoretube.me,""
4242,trovit.no,""
4243,ibikotamagelang.org,""
4244,bakekatransex.it,""
4245,porn-a1-links.com,""
4246,pornhub5468.xyz,""
4247,PornTube911.com,""
4248,fuckaroo.org,""
4249,porno66.xyz,""
4250,family-sex.me,""
4251,pornmrs.com,""
4252,globenewswire.com,""
4253,zlink7.com,""
4254,20m.es,""
4255,xxxdata.net,""
4256,pornxstories.com,""
4257,lesbianpspace.com,""
4258,ai-porn.fans,""
4259,idi-bengkuluutara.org,""
4260,studentaid.gov,""
4261,indiansexstories2.net,""
4262,moreamateurs.com,""
4263,sse.com.cn,""
4264,naccllc.com,""
4265,pornhbo.com,""
4266,bpomserang.com,""
4267,20gasht.com,""
4268,shemalepornovideo.com,""
4269,trovit.com.qa,""
4270,pornstarpromote.com,""
4271,ibinusatenggarabarat.id,""
4272,sibergy.com,""
4273,NevadaEcstasyStore.com,""
4274,ibikotasalatiga.id,""
4275,clickiocdn.com,""
4276,thepornaidude.com,""
4277,animeanime.global,""
4278,femeixxx.top,""
4279,adzkiastan.id,""
4280,norskecasinoer.com,""
4281,xvideow3.com,""
4282,buy-pr.com,""
4283,blogsys.jp,""
4284,graphene-theme.com,""
4285,ibikotabogor.id,""
4286,vocal.media,""
4287,guidalloshopping.com,""
4288,girlshotass.com,""
4289,nutakuaffiliates.com,""
4290,idi-cilegon.org,""
4291,idi-dharmasraya.org,""
4292,erosmate.ai,""
4293,allebonygirls.com,""
4294,schemaapp.com,""
4295,eroticonly.com,""
4296,se.video,""
4297,firstanalquest.com,""
4298,sexvideo10.com,""
4299,pornpics-sex.com,""
4300,ds-static.dk,""
4301,unrealporn.com,""
4302,cumhdvideos.com,""
4303,pornbuzz.website,""
4304,funkemedien.de,""
4305,tomsdating.com,""
4306,ferti-line.com,""
4307,agid.gov.it,""
4308,ibikotapalangkaraya.org,""
4309,anycash.com,""
4310,scpiyao.org.cn,""
4311,onlytransex.it,""
4312,securiti.ai,""
4313,idi-acehsingkil.org,""
4314,quality-free-xxx-adult-sex-porn-movies.com,""
4315,ibikotasolo.id,""
4316,qwerty24.net,""
4317,primecurves.com,""
4318,idi-banjarbaru.org,""
4319,hey.com,""
4320,sephora-online-uae.com,""
4321,lesbianptv.com,""
4322,saktibuana.id,""
4323,teletype.in,""
4324,gamerjournalist.com,""
4325,ibikotatanjungselor.org,""
4326,adating.link,""
4327,bluevideos.net,""
4328,adultblogsdirectory.org,""
4329,libera.chat,""
4330,smarking.com,""
4331,partnerstack.com,""
4332,indiancumtube.com,""
4333,ziffmedia.com,""
4334,xnxxtube.win,""
4335,idi-binjai.org,""
4336,pmln2024.com,""
4337,madurasespanolasfollando.com,""
4338,ibisulawesiutara.id,""
4339,xhamster-sexfilme.net,""
4340,idi-bangli.org,""
4341,videopornitaliani.com,""
4342,pornos-dvd.com,""
4343,xsxtube.com,""
4344,adnami.io,""
4345,novibet.partners,""
4346,waihuiol.com,""
4347,thaixa.com,""
4348,idi-bireuen.org,""
4349,ohentai.org,""
4350,ibisumaterabarat.id,""
4351,timeextension.com,""
4352,artifactfire.com,""
4353,zyrosite.com,""
4354,jillmilan.com,""
4355,sdaisyiyahdemak.com,""
4356,xxxmfxxx.com,""
4357,pornblogcentral.com,""
4358,fownix.com,""
4359,foxcareers.com,""
4360,kosmatiputki.com,""
4361,allassnoface.com,""
4362,tugcasting.com,""
4363,porn-japan.xyz,""
4364,3dporncomicsfree.com,""
4365,3xeuroporn.com,""
4366,xetube.com,""
4367,bjjubao.org.cn,""
4368,ugandanporn.com,""
4369,azeriporno.org,""
4370,idikabbuton.org,""
4371,eventbrite.nl,""
4372,bakekamistress.it,""
4373,qpornoworld.com,""
4374,pornpig.com,""
4375,pingpoolshark.com,""
4376,afterdark.market,""
4377,bdsmpaintube.com,""
4378,porn-asian.xyz,""
4379,xyzteens.com,""
4380,theiotproject.com,""
4381,vend.com,""
4382,hqasianporn.org,""
4383,ibijawatimur.id,""
4384,ismcdn.jp,""
4385,gqitalia.it,""
4386,pornquick.com,""
4387,healthlinemedia.com,""
4388,pornotubeguru.com,""
4389,xxxok.net,""
4390,paidpornsites.com,""
4391,genteelflair.com,""
4392,trovit.com.kw,""
4393,gaypornlinks.com,""
4394,thaipornfilms.com,""
4395,bokep2022.com,""
4396,xxx-asians.net,""
4397,analfilm.org,""
4398,pornplayer.xyz,""
4399,tdg.ch,""
4400,fetishstars.net,""
4401,pornmovies24h.com,""
4402,itsmyrole.com,""
4403,giaporn.com,""
4404,hotpornstargals.com,""
4405,leenks.com,""
4406,ibikotasolo.org,""
4407,ixrated.com,""
4408,nurxxx.xxx,""
4409,ibikotatangerang.id,""
4410,fakku.net,""
4411,bakekagirls.it,""
4412,freemilfaccess.net,""
4413,swaeras.com,""
4414,blazingserver.net,""
4415,all-adult-blogs.com,""
4416,xdate.cam,""
4417,idi-benermeriah.org,""
4418,trovit.com.vn,""
4419,ibikotatangerang.org,""
4420,pornoseksfilmovi.com,""
4421,pornpaw.com,""
4422,bearingarms.com,""
4423,idi-acehtenggara.org,""
4424,ibikotabengkulu.org,""
4425,idi-halmaherautara.org,""
4426,ibikotasukabumi.org,""
4427,hardcorematures.com,""
4428,thebottleshoprwc.com,""
4429,5030peninsulapoint.com,""
4430,videospornoxxxgratis.net,""
4431,propbet.com,""
4432,imagepost.com,""
4433,slavicporn.com,""
4434,d-desa.id,""
4435,prooftheory.org,""
4436,abuseporn.net,""
4437,milfxxxvideos.net,""
4438,gmx.co.uk,""
4439,atsptp.com,""
4440,pornasianmovies.com,""
4441,drdavidluce.com,""
4442,idi-batam.com,""
4443,prettypussies.com,""
4444,true-babes.com,""
4445,sarasotagrillandpizzeria.com,""
4446,ibikotaternate.id,""
4447,desajambupajo.com,""
4448,porn1080.xyz,""
4449,casinoespanol.com,""
4450,ibikotadenpasar.org,""
4451,cnnb.com.cn,""
4452,yieldlove.com,""
4453,deepfake-porn.com,""
4454,postimages.org,""
4455,eeeporn.com,""
4456,studio1847.io,""
4457,porn-mama.xyz,""
4458,localist.com,""
4459,mp3-downloads.cc,""
4460,show-webcam-porno.com,""
4461,trovit.be,""
4462,versexsogratis.com,""
4463,hotbot.com,""
4464,finncdn.no,""
4465,zicwikki.com,""
4466,sekslucah.com,""
4467,xlirdr.com,""
4468,warnermediaprivacy.com,""
4469,ibikalimantantimur.id,""
4470,rofus.nu,""
4471,mytrannycams.com.pl,""
4472,ppavno1.com,""
4473,qhnews.com,""
4474,sextube.desi,""
4475,milfvr.com,""
4476,trovit.co.id,""
4477,vcmdiawe.com,""
4478,pornshunter.com,""
4479,prnporn.com,""
4480,myfavoritearcade.com,""
4481,ibijakarta.or.id,""
4482,girlgirl.com,""
4483,jwpcdn.com,""
4484,weatherapi.com,""
4485,premiumread.com,""
4486,turbomoms.com,""
4487,blackporn24.com,""
4488,ibikotabalikpapan.org,""
4489,mahanshabake.com,""
4490,xnxx2.info,""
4491,bisex.online,""
4492,sexblogsdirectory.net,""
4493,playpornfree.org,""
4494,csj258.net,""
4495,agungtimur-desa.id,""
4496,cunnilingusporn.com,""
4497,idi-banyuwangi.org,""
4498,topcasinosites.co.uk,""
4499,ibimaluku.id,""
4500,ibikotabanjarmasin.id,""
4501,porntx.com,""
4502,punishworld.com,""
4503,pzhuk.com,""
4504,night-videos.com,""
4505,ibipadang.or.id,""
4506,zenn.dev,""
4507,porntrump.com,""
4508,ibikotapontianak.org,""
4509,blackfridayporndeals.club,""
4510,fuckxvids.com,""
4511,thecuratorscafe.com,""
4512,lesbianassp.com,""
4513,nanikaplay.com,""
4514,idi-bonebolango.org,""
4515,ibikalimantanselatan.id,""
4516,idi-gayolues.org,""
4517,escortantalyali.com,""
4518,tribpub.com,""
4519,bukkakefriend.com,""
4520,asiavib.com,""
4521,EcstasyMeds.com,""
4522,coolsexblogs.com,""
4523,gikygdfzfnasktu.com,""
4524,bestdesiporn.org,""
4525,idi-bengkalis.org,""
4526,ibisulawesibarat.id,""
4527,strokies.com,""
4528,eboobstore.com,""
4529,hardcore-video-tube.com,""
4530,rgpub.io,""
4531,battlebang.org,""
4532,touchtapplay.com,""
4533,manetatsu.com,""
4534,ekogate.club,""
4535,mobilpornoizlex.com,""
4536,x-n-x-x.pro,""
4537,collegerules.com,""
4538,reifefraukostenlos.com,""
4539,forcedsexvideo.net,""
4540,freiepornofilme.com,""
4541,viduppu.com,""
4542,iponsex.com,""
4543,ibikotasurabaya.org,""
4544,xnxxxvidshd.com,""
4545,pachinkopachisro.com,""
4546,eventbrite.at,""
4547,eventbrite.ch,""
4548,julia-garner.com,""
4549,nowdownload.ch,""
4550,ibikotapangkalpinang.org,""
4551,narutopixxx.com,""
4552,ibikotaambon.id,""
4553,filmx.cyou,""
4554,pornvidsxx.xyz,""
4555,kostenlosepornoseiten.com,""
4556,hentaiincest.org,""
4557,whchamps.org,""
4558,kanjengsenang.com,""
4559,sexmex.xxx,""
4560,pbteen.com,""
4561,bongacams10.com,""
4562,hotpornblogz.com,""
4563,sdcdns.com,""
4564,videosdesexotube.net,""
4565,ibikotaternate.org,""
4566,ee1000.com,""
4567,filmsexefrancais.com,""
4568,porngamesrating.com,""
4569,indiatopescorts.com,""
4570,sexworldq.com,""
4571,ibikotasukabumi.id,""
4572,qhalal.com,""
4573,definebabe.com,""
4574,OneTopXxx-Porn.com,""
4575,bcd9.top,""
4576,xxxpornsexvideo.com,""
4577,xmilf.net,""
4578,ibisumaterautara.id,""
4579,ts.cn,""
4580,teen-tube.mobi,""
4581,ibikotapontianak.id,""
4582,trovit.my,""
4583,xn--3dsq7teoyo9d.com,""
4584,foxitsoftware.cn,""
4585,senorascojiendo.com,""
4586,xnxx2.cc,""
4587,eventbrite.sg,""
4588,729hopecafe.com,""
4589,grannyxporn.com,""
4590,fantasymassage.com,""
4591,footjoiporn.com,""
4592,mastertrck.com,""
4593,thetrustproject.org,""
4594,femdom-cuckold.com,""
4595,pornfromfrance.com,""
4596,maturevporn.com,""
4597,spy26.com,""
4598,allstarsportscomplex.com,""
4599,ddfbusty.com,""
4600,gustavomagarit.com,""
4601,bookhouse.ru,""
4602,trovit.co.ke,""
4603,ibiaceh.id,""
4604,desadurensari.com,""
4605,madurasde40y50.com,""
4606,mylfdom.com,""
4607,sexpartyblogs.net,""
4608,pasionmujeres.com,""
4609,allme.com,""
4610,blog-sexe-porno.com,""
4611,wbmtllc.com,""
4612,flashscore.co.uk,""
4613,idi-asmat.org,""
4614,idi-batang.org,""
4615,theregister.com,""
4616,ibisulawesitenggara.id,""
4617,stripparadise.com,""
4618,pornjuan.com,""
4619,adulttime.com,""
4620,ibikotaambon.org,""
4621,pornwy.xyz,""
4622,rebates.jp,""
4623,bpsgameserver.com,""
4624,ddfnetwork.com,""
4625,hcbdsm.com,""
4626,japancupid.com,""
4627,pornocaseiro.xyz,""
4628,oceanasian.com,""
4629,pornday.org,""
4630,trovit.ae,""
4631,pizdefutute.com,""
4632,scrolller.com,""
4633,thefp.com,""
4634,kadencewp.com,""
4635,getcamsex.com,""
4636,99classic.com,""
4637,dadcrush.com,""
4638,1janacova.com,""
4639,hangzhou.com.cn,""
4640,pornomaison.net,""
4641,opledvanter.com,""
4642,greenrow.com,""
4643,gmx.es,""
4644,deutschepornofilme.net,""
4645,dbw.cn,""
4646,kakaocdn.net,""
4647,gotofreeporn.com,""
4648,keep2share.cc,""
4649,southdakotabids.us,""
4650,trovit.pl,""
4651,agah.com,""
4652,pornblogs.eu,""
4653,cncenter.cz,""
4654,wt-eu02.net,""
4655,depic.me,""
4656,idi-ambon.org,""
4657,ez.no,""
4658,templateparablogspot.com,""
4659,showhairy.com,""
4660,uicdn.net,""
4661,ucoz.de,""
4662,kudatotohoki.com,""
4663,sergiubaluta.com,""
4664,blueporn.xyz,""
4665,phonesexnumberlist.com,""
4666,pornfilms.website,""
4667,prismashop.fr,""
4668,fuq.one,""
4669,allgravure.com,""
4670,appchina.com,""
4671,pinterest.ca,""
4672,ibisumateraselatan.id,""
4673,mompornovideos.com,""
4674,noovomoi.ca,""
4675,idi-hulusungaiselatan.org,""
4676,wywyx.com,""
4677,freesexvideos.pro,""
4678,idi-buol.org,""
4679,nuasianporn.com,""
4680,webpush.jp,""
4681,pornmovievault.com,""
4682,33across.com,""
4683,embroiderybykcs.com,""
4684,pornchatting.com,""
4685,vogue.in,""
4686,xnxxclub.net,""
4687,chubbyfreeporn.com,""
4688,livepornbest.com,""
4689,pornvideoxxx.xyz,""
4690,eventbrite.ie,""
4691,xinhuaxmt.com,""
4692,discourse.org,""
4693,porn-daily.com,""
4694,sungaialang.info,""
4695,idi-banyuasin.org,""
4696,bravobookmarks.com,""
4697,jangrana-desa.id,""
4698,pornosz.com,""
4699,teenporn18.com,""
4700,msecure106.com,""
4701,desapabatangang.com,""
4702,hdmilfporno.com,""
4703,dashery.com,""
4704,eventbrite.fi,""
4705,adultporndirectory.com,""
4706,idi-banjarmasin.org,""
4707,girlfriendvids.net,""
4708,ccdi.gov.cn,""
4709,phonepervertsparadise.com,""
4710,teenslikeitbigger.net,""
4711,menjerkingoff.org,""
4712,mysexyporn.com,""
4713,escort24th.com,""
4714,freetxxx.com,""
4715,pornweirdo.com,""
4716,uustatus.no,""
4717,idi-berau.org,""
4718,blogspot.be,""
4719,gda.com,""
4720,interred.de,""
4721,taylorbow.com,""
4722,bangbrosonline.com,""
4723,kuncidunia.com,""
4724,lamiamammarestaurant.com,""
4725,homegrownvideo.com,""
4726,vrporngalaxy.com,""
4727,ibikotapekanbaru.id,""
4728,ckseafoodmn.com,""
4729,porn-xxx-streaming.com,""
4730,rsmitrahusadatangerang.com,""
4731,truevaultcdn.com,""
4732,vammjllc.com,""
4733,xxxhot.pro,""
4734,porntrial.net,""
4735,wanderwithnai.com,""
4736,porncamseeker.com,""
4737,fatptv.com,""
4738,sophisticatedhotties.com,""
4739,throatlust.com,""
4740,freepornadultvideos.com,""
4741,hackerone.com,""
4742,ibibandung.or.id,""
4743,www77036.com,""
4744,uploadstation.com,""
4745,idibanyumas.or.id,""
4746,acta.org.co,""
4747,real-cs.com,""
4748,matureanaltube.com,""
4749,pornmoviesxxx.com,""
4750,sexpcollection.com,""
4751,vip4k.com,""
4752,gamepur.com,""
4753,xvideoss3.com,""
4754,bakekatrans.it,""
4755,spacecadethtx.com,""
4756,yourmomdoesanal.com,""
4757,dayoo.com,""
4758,pornoaffe.xyz,""
4759,tamilsexvideo.me,""
4760,idi-ciamis.org,""
4761,viqeo.tv,""
4762,schoolgirls-porn.com,""
4763,idi-boyolali.org,""
4764,black-dicks-sweet-chicks.com,""
4765,101porno.com,""
4766,ibiriau.id,""
4767,adobeaemcloud.com,""
4768,atolls.com,""
4769,trovit.nl,""
4770,eatwritethink.com,""
4771,24counter.com,""
4772,xasiat.com,""
4773,realporn.cam,""
4774,9377o.com,""
4775,ibikotabandung.org,""
4776,watchonlineporns.com,""
4777,inuth.com,""
4778,pornoenjoytop.xyz,""
4779,grannyhdsexs.com,""
4780,sextronix.com,""
4781,pornox.info,""
4782,totaltraffictrader.com,""
4783,iabcolombia.com,""
4784,sriwijayamusi.com,""
4785,gamblersanonymous.se,""
4786,freenetworld.org,""
4787,fetish666.com,""
4788,xnxporno.com,""
4789,just.xxx,""
4790,jointhesoul.com,""
4791,eventbrite.hk,""
4792,accesstrade.net,""
4793,doubao.com,""
4794,idi-empatlawang.org,""
4795,akaledu.id,""
4796,sxrb.com,""
4797,eventbrite.co,""
4798,daumcdn.net,""
4799,filmeporno.click,""
4800,bigtitsroundasses.com,""
4801,pornvedios.xyz,""
4802,googleoptimize.com,""
4803,grannyhotvideo.com,""
4804,zloteprzeboje.pl,""
4805,aipornpics.net,""
4806,hipsiaceh.com,""
4807,ampqueen.com,""
4808,pepperdeals.se,""
4809,pornstarsnude.com,""
4810,commerce.gov,""
4811,ibikotabekasi.org,""
4812,iwantmature.com,""
4813,tgpteam.com,""
4814,tailrank.com,""
4815,corriereadriatico.it,""
4816,bjjubao.org,""
4817,steamgames.com,""
4818,khadkaa.com,""
4819,bestestpussy.com,""
4820,xvideosmovies.net,""
4821,tandalesbians.com,""
4822,ibijakarta.id,""
4823,uploading.com,""
4824,fullbigporn.com,""
4825,idi-gorontaloutara.org,""
4826,bravoporno.net,""
4827,punishments.com,""
4828,pornotime.net,""
4829,freehdfuck.com,""
4830,ibibali.id,""
4831,idi-halmaheratengah.org,""
4832,ibikotakediri.id,""
4833,bestpornvideos.vip,""
4834,behance.com,""
4835,latinafucktour.com,""
4836,vercel.app,""
4837,rkgeducationalcollege.com,""
4838,thetimes.com,""
4839,mehrsprachige-pornos.com,""
4840,pornedu.com,""
4841,people.cn,""
4842,eventbrite.fr,""
4843,mathoverflow.net,""
4844,gettranslationservices.com,""
4845,seksavid.com,""
4846,jschoolgirls.com,""
4847,ibikotamakassar.org,""
4848,rt-dc.ru,""
4849,pervertium.com,""
4850,amatorsex.net,""
4851,ibilampung.id,""
4852,my18pussy.com,""
4853,lrcontent.com,""
4854,sex-nhat.com,""
4855,hegre-art.com,""
4856,pornhub22.xyz,""
4857,myveryfirsttime.com,""
4858,estatepro.me,""
4859,gowalla.com,""
4860,idi-acehselatan.org,""
4861,hsforms.net,""
4862,desaneglasari.id,""
4863,sextracker.com,""
4864,jackoffwithmommy.com,""
4865,ibibanten.id,""
4866,nsfw247.to,""
4867,idi-acehbarat.org,""
4868,bestroughfuck.com,""
4869,japanvxxx.com,""
4870,russiasexygirls.com,""
4871,sexfotka.top,""
4872,readyporno.com,""
4873,trustx.org,""
4874,topasianvideo.com,""
4875,18hubporn.com,""
4876,bloggerthemes.net,""
4877,andscape.com,""
4878,blackpornmovies.org,""
4879,mfrck.com,""
4880,pornforfree.online,""
4881,nayami-free.com,""
4882,1637.com,""
4883,yourdoll.com,""
4884,pornxtubexx.xyz,""
4885,pornordo.com,""
4886,idi-halmaheraselatan.org,""
4887,ibikotamataram.id,""
4888,3xltube.com,""
4889,slushe.com,""
4890,dei.gr,""
4891,adulthotblogs.com,""
4892,hothindisex.com,""
4893,brutalanal.net,""
4894,adn.cloud,""
4895,explicitblogs.com,""
4896,ibikotatidore.id,""
4897,idi-bengkuluselatan.org,""
4898,freehdmovs.com,""
4899,purexbox.com,""
4900,idi-brebes.org,""
4901,gamelink.com,""
4902,idi-dairi.org,""
4903,xxx-porn-movies.net,""
4904,yourpornopark.com,""
4905,live-sex-cams.xxx,""
4906,av69s.com,""
4907,ibikotapangkalpinang.id,""
4908,porn-packs-magnets.net,""
4909,chicasmas.net,""
4910,idi-bitung.org,""
4911,shortpixel.ai,""
4912,gaysexq.com,""
4913,superbdsm.com,""
4914,assignmenthelpmaster.com,""
4915,silverbudhealthcare.com,""
4916,xpornverse.com,""
4917,xianyu176.com,""
4918,staticimgfarm.com,""
4919,realtimedentist.com,""
4920,myasiansites.com,""
4921,ry8lgwl.com,""
4922,mojepsychologie.cz,""
4923,girlfriendvideos.com,""
4924,fh50.com,""
4925,sexblogpimp.com,""
4926,hotwifecupid.com,""
4927,camhottiez.com,""
4928,edenfantasys.com,""
4929,trytitsporn.com,""
4930,idi-bartim.org,""
4931,pornogramxxx.com,""
4932,gambleaware.co.uk,""
4933,ccpg.org,""
4934,gxnews.com.cn,""
4935,114ic.com,""
4936,pornhjn.com,""
4937,gfreshporn.com,""
4938,ibibali.or.id,""
4939,idikabbutonutara.org,""
4940,ibikotakediri.org,""
4941,koreanpornmovie.com,""
4942,porn-factory.com,""
4943,rewrds-indian.com,""
4944,lesbofreep.com,""
4945,healthycognitionlab.org,""
4946,antarvasnaclips.com,""
4947,ibikotamanokwari.id,""
4948,painandporn.com,""
4949,escortsaffair.com,""
4950,videoeroticigratis.com,""
4951,javpub.me,""
4952,desasemagung.com,""
4953,dskgsd.com,""
4954,bbw-xxx.com,""
4955,porn78.top,""
4956,tokyohqporn.com,""
4957,pingdom.net,""
4958,profimedia.cz,""
4959,fastcomments.com,""
4960,adultreviews.com,""
4961,milfboobies.us,""
4962,sehuatang.org,""
4963,porn-country.com,""
4964,idi-bantaeng.org,""
4965,ibikotasamarinda.id,""
4966,submissivewhore.com,""
4967,the-independent.com,""
4968,viviannunciclass.it,""
4969,trovit.pt,""
4970,18videoz.com,""
4971,movieporn.com,""
4972,polsatmedia.pl,""
4973,lovalio.com,""
4974,xnxxyo.com,""
4975,betssongroup.com,""
4976,president.ir,""
4977,mdhcdn.com,""
4978,ibikotasemarang.id,""
4979,di-lampung.org,""
4980,pornpicshot.xyz,""
4981,trovit.ch,""
4982,ibikalbar.id,""
4983,idi-acehutara.org,""
4984,hdsexit.com,""
4985,rngfoundation.com,""
4986,monde-diplomatique.fr,""
4987,liveluxe.me,""
4988,leader.ir,""
4989,xvideow2.com,""
4990,fritchy.com,""
4991,genesysone.com,""
4992,ai-porn.hair,""
4993,qpornplanet.com,""
4994,watchpornomoviesfree.com,""
4995,tamilauntyxnxx.com,""
4996,ibikotasurabaya.id,""
4997,braze.com,""
4998,lucidfun.com,""
4999,bora-jetta.ru,""
5000,gedistatic.it,""
5001,postmedia.com,""
5002,recurly.com,""
5003,tube3.com,""
5004,xxxfilmclub.com,""
5005,kinosex.pw,""
5006,zemlinskyorchestra.com,""
5007,vburgers.net,""
5008,sexfilmpjesgratis.com,""
5009,prisa.com,""
5010,chickpassteens.com,""
5011,grannyhqporn.com,""
5012,thinkindot.com,""
5013,hotbdsmthumbs.com,""
5014,lisporn.com,""
5015,freeblackarchive.net,""
5016,adultgamescollector.com,""
5017,panteras.cyou,""
5018,got.sex,""
5019,hardbdsmsex.com,""
5020,straponsquad.com,""
5021,guzwiayz.com,""
5022,santoyosefpandan.id,""
5023,idi-garut.org,""
5024,freepornblogs.org,""
5025,pornsteel.com,""
5026,tentacleporn.net,""
5027,PornNodCams.com,""
5028,xxxtrio.net,""
5029,pornscribe.com,""
5030,asstr.xyz,""
5031,erotichdworld.com,""
5032,inafisjateng.org,""
5033,idi-barsel.org,""
5034,idi-acehtamiang.org,""
5035,allpornes.com,""
5036,ibikepulauanriau.id,""
5037,lloydsbankinggroup.com,""
5038,unityco-op.org,""
5039,sexblogdiary.com,""
5040,mybabysittersclub.com,""
5041,lesbianfreep.com,""
5042,trovit.lu,""
5043,transangelsnetwork.com,""
5044,pithylinks.me,""
5045,gaodun.com,""
5046,fourthwallarts.org,""
5047,kikdirty.com,""
5048,pornohypnosis.com,""
5049,ibikotapadang.id,""
5050,sexuria.net,""
5051,porn66.org,""
5052,legaldaily.com.cn,""
5053,diatravel.ru,""
5054,53.ru,""
5055,idi-halmaherabarat.org,""
5056,pornesex.com,""
5057,18YearsPorn.com,""
5058,pixual.co,""
5059,idi-grobogan.org,""
5060,newestteenpornstars.com,""
5061,ibikotabatam.org,""
5062,trovit.dk,""
5063,pornolimp.net,""
5064,idi-banggai.org,""
5065,asslickingclubbing.com,""
5066,aboutamazon.com,""
5067,orangelogic.com,""
5068,milfsex.website,""
5069,videosxxxamateur.org,""
5070,stylowi.pl,""
5071,candyai.co,""
5072,ohsexfilm.com,""
5073,pornoeb.com,""
5074,rosselcdn.net,""
5075,t8cdn.com,""
5076,flixbus.ca,""
5077,domainnamesales.com,""
5078,glaminogirls.com,""
5079,cinedjustice.org,""
5080,milfporntubez.com,""
5081,pornxxxtv.com,""
5082,idi-enrekang.org,""
5083,xxytube.com,""
5084,videoseksa.com,""
5085,hustlercash.com,""
5086,trovit.cl,""
5087,postbl.space,""
5088,idi-cimahi.org,""
5089,heavyfetish.com,""
5090,pushsquare.com,""
5091,ransporn.com,""
5092,favoritepornx.com,""
5093,wastedblogs.com,""
5094,miloosloos.com,""
5095,babesandstars.com,""
5096,pornlist18.com,""
5097,hentaied.com,""
5098,sweet18porn.com,""
5099,ibimedan.or.id,""
5100,tinggarsari.com,""
5101,fapdu.com,""
5102,pantheonsite.io,""
5103,findingporno.com,""
5104,stroeer-publishing.de,""
5105,baddiehub.com,""
5106,eventbritecareers.com,""
5107,tenchat.ru,""
5108,uibrlw.com,""
5109,am4teens.org,""
5110,fb.me,""
5111,storaqle.com,""
5112,ibikotamakassar.id,""
5113,eventbrite.se,""
5114,flameporn.com,""
5115,jeveuxunemeuf.com,""
5116,trovit.ca,""
5117,fuxxporn3.com,""
5118,nirngeiger.com,""
5119,kindredaffiliates.com,""
5120,coremg.org.br,""
5121,pornadds.com,""
5122,porno24.to,""
5123,yasuki.id,""
5124,gbga.gi,""
5125,pornbestsite.xyz,""
5126,factset.com,""
5127,tradingfinder.net,""
5128,tmdb.org,""
5129,pornodor.vip,""
5130,buysellads.com,""
5131,pornepix.com,""
5132,seduced.com,""
5133,linkdump.tv,""
5134,sexbam62.net,""
5135,idi-banjarnegara.org,""
5136,fcukblogs.com,""
5137,onlytarts.com,""
5138,digitalfirstmedia.com,""
5139,videosxxxcostarica.com,""
5140,idi-beltim.org,""
5141,trovit.com.ec,""
5142,sportfeeds.io,""
5143,ml314.com,""
5144,gymglish.com,""
5145,hqporn.xxx,""
5146,atlanticpsychotherapy.com,""
5147,addthisedge.com,""
5148,idibandaaceh.org,""
5149,attachmentsuk.com,""
5150,32r.com,""
5151,ibikalimantantengah.id,""
5152,ibikotabandaaceh.id,""
5153,squirted.com,""
5154,rawaheng.id,""
5155,pornomyxtube.xyz,""
5156,sonobi.com,""
5157,porncannon.com,""
5158,xxxdryfuck.com,""
5159,ccuhub.com,""
5160,novarion.net,""
5161,brealtime.com,""
5162,darkroomvr.com,""
5163,livesexfreepornvideo.com,""
5164,pornsitecorp.com,""
5165,bbwtubeclub.com,""
5166,idi-dumai.org,""
5167,lovefeetporn.com,""
5168,ptwmjmp.com,""
5169,aem.page,""
5170,blowjobfreeporn.com,""
5171,xxxpornhubvideos.com,""
5172,gin71.com,""
5173,uvzhan.com,""
5174,barthorenbeck.com,""
5175,masterofpussy.org,""
5176,realpornstarsvr.com,""
5177,ionos.de,""
5178,hotmail.fr,""
5179,watch2movie.net,""
5180,csf3.org,""
5181,ilpiccolemagazine.tv,""
5182,porn321.xyz,""
5183,urhh.sk,""
5184,delawarebids.us,""
5185,gammae.com,""
5186,ringpublishing.com,""
5187,yourpaysitepartner.com,""
5188,videopornomature.com,""
5189,pornx24.com,""
5190,freieporno.com,""
5191,salesforce-sites.com,""
5192,ghettogaggers.com,""
5193,agkn.com,""
5194,vote.gov,""
5195,konijambi.com,""
5196,vogue.co.jp,""
5197,wagerpartner.com,""
5198,cedsdigital.it,""
5199,penthousegold.com,""
5200,praguesex.biz,""
5201,operationsports.com,""
5202,horrorporntube.com,""
5203,japanxxxv.com,""
5204,digitaldesa.id,""
5205,mainpornsites.com,""
5206,ibikotakupang.id,""
5207,ukit.com,""
5208,sexspot.site,""
5209,ibikotasalatiga.org,""
5210,freesexblogs.org,""
5211,ntadalafil.com,""
5212,evbstatic.com,""
5213,abu-farhan.com,""
5214,trovit.cz,""
5215,fuckmesensei.com,""
5216,iqilu.com,""
5217,idi-balikpapan.org,""
5218,idi-hulusungaitengah.org,""
5219,stake.com,""
5220,desiaunty.org,""
5221,bbwpshow.com,""
5222,bbwadultvideos.com,""
5223,kxcdn.com,""
5224,crocoguide.com,""
5225,koreanhqxxx.com,""
5226,ibikotajayapura.org,""
5227,unila.ac.id,""
5228,xxx-xnxx.pro,""
5229,vandemataram150.in,""
5230,porntubi.com,""
5231,amyfc.link,""
5232,pasarpkr.com,""
5233,ibikotamamuju.org,""
5234,BuffPorn.com,""
5235,imagn.com,""
5236,trovit.jp,""
5237,ibikotatanjungselor.id,""
5238,ccm.gov.cn,""
5239,motherdaughterfuckcafe.com,""
5240,xxxborrachas.top,""
5241,theme-dev.com,""
5242,vintagepplanet.com,""
5243,blogspot.co.at,""
5244,courant.com,""
5245,idi-bintan.org,""
5246,pornraven.com,""
5247,911porno.com,""
5248,tscprts.com,""
5249,pornofilmek.org,""
5250,cm-trk6.com,""
5251,noovo.info,""
5252,ixxxtv.com,""
5253,htmedia.in,""
5254,idi-bulukumba.org,""
5255,ideal-teens.com,""
5256,nudz.com,""
5257,ibikotabekasi.id,""
5258,lygymdy77.com,""
5259,ngb.org.za,""
5260,xvideoshdporn.com,""
5261,videocasalinghigratis.com,""
5262,sexinblogs.com,""
5263,pepabo.com,""
5264,workingnews117.com,""
5265,atl-paas.net,""
5266,idi-acehtengah.org,""
5267,audiopornmusic.com,""
5268,bcra.gob.ar,""
5269,videosdepornosmaduras.com,""
5270,idi-bungo.org,""
5271,teenpornvideo.me,""
5272,pepperdeals.com,""
5273,ballbustingtube.com,""
5274,wwwgrandpashabet1605.com,""
5275,lezcuties.com,""
5276,juicymoms.net,""
5277,kuripan.id,""
5278,hairypornxxx.com,""
5279,trovit.hu,""
5280,cakepornhub.com,""
5281,110indiansummer.com,""
5282,dogachtigen.com,""
5283,freedporn.com,""
5284,asiandating.com,""
5285,sankei.co.jp,""
5286,worldbdsmp.com,""
5287,way2themes.com,""
5288,bobakhan.com,""
5289,famousboard.com,""
5290,pdfyou.com,""
5291,roughporntube.net,""
5292,transcend-cdn.com,""
5293,adultclipsb.com,""
5294,porn-hubpage.com,""
5295,hott.ml,""
5296,wifey.com,""
5297,hotpainsex.com,""
5298,boypost.com,""
5299,freegallerybdsm.com,""
5300,idi-bondowoso.org,""
5301,789830.com,""
5302,ijame.id,""
5303,GonzoXxxPorn.com,""
5304,ibikotatanjungpinang.id,""
5305,vbbwporn.com,""
5306,livestold.com,""
5307,ikiosek.cz,""
5308,masturbatinggirls.org,""
5309,idi-kotabaru.org,""
5310,hdsexphim.com,""
5311,primis.tech,""
5312,whiskey.gr,""
5313,ipornovideo.com,""
5314,kudatoto3d.com,""
5315,alltexgunshows.com,""
5316,freebdsmarchive.com,""
5317,ibijawatengah.id,""
5318,link.space,""
5319,ispen.id,""
5320,xxxanzeigen.com,""
5321,tstglobal.com,""
5322,gogobarauditions.com,""
5323,hindisexyvideos.com,""
5324,free-sexfilme.net,""
5325,collegephonesex.com,""
5326,adpk.org,""
5327,ai-porn.makeup,""
5328,aspnetcdn.com,""
5329,lesbianpplanet.com,""
5330,milehighmedia.com,""
5331,porncc.org,""
5332,trovit.com.pe,""
5333,crakrevenue.com,""
5334,idi-acehtimur.org,""
5335,erotiksuchmaschine.cc,""
5336,ibikotajayapura.id,""
5337,bnnbloomberg.ca,""
5338,sitesporn.net,""
5339,musculargrace.com,""
5340,ibikotagorontalo.org,""
5341,xbiz.com,""
5342,ryusushi.com,""
5343,BoobsPornVideo.com,""
5344,viafoura.co,""
5345,porntofly.com,""
5346,homelesschild.com,""
5347,japanvsex.com,""
5348,idi-asahan.org,""
5349,ibikalimantanutara.id,""
5350,amateur-sexvideos.net,""
5351,mongolporno.com,""
5352,mediagene.co.jp,""
5353,gangav.com,""
5354,ghettopornstar.com,""
5355,ilpiccolemagazine.it,""
5356,aussieporn.org,""
5357,touryourowncity.com,""
5358,mvpjoke.com,""
5359,culsexporn.com,""
5360,besttemplatesite.com,""
5361,videosxxxtrios.top,""
5362,onlivesexcams.com,""
5363,rfttax.com,""
5364,najva.com,""
5365,sexblogle.com,""
5366,ai-porn.promo,""
5367,thaixxxtubes.com,""
5368,u8qa0i4.top,""
5369,sportovniprogram.cz,""
5370,javuporn.com,""
5371,fap18.net,""
5372,eventbrite.com.br,""
5373,funkedigital.de,""
5374,dorcelclub.com,""
5375,cdn.tax,""
5376,idi-bangkalan.org,""
5377,pornclose.com,""
5378,pusakaumkm.id,""
5379,adok.ai,""
5380,lesb-porno.com,""
5381,trovit.co.ve,""
5382,uncams.com,""
5383,mincrs.sk,""
5384,joinfirefish.org,""
5385,pcgamestorrents.com,""
5386,7YapPorn.com,""
5387,filmxfrancais.com,""
5388,eventbrite.pt,""
5389,nudestreams.eu,""
5390,filmpornovecchi.com,""
5391,media24.com,""
5392,attackofthefanboy.com,""
5393,ganjing.com,""
5394,thewatchlog.com,""
5395,ads-abc.com,""
5396,fnbtic.com,""
5397,thepornfan.com,""
5398,pornfreefull.xyz,""
5399,tailstold.com,""
5400,pornobisexuel.com,""
5401,eventbrite.cl,""
5402,kemenaghaltim.id,""
5403,escortshouse.com,""
5404,pornofilme.cyou,""
5405,sleepdisordersclinic.org,""
5406,xxx-vids.pro,""
5407,pornbeeg.site,""
5408,replit.com,""
5409,cryptorealestateschool.com,""
5410,theme-sphere.com,""
5411,mississippibids.us,""
5412,PornsHemalEpics.com,""
5413,lge.co.kr,""
5414,big-boobs-porn.com,""
5415,ehotporno.com,""
5416,newsburst.com,""
5417,pornocaseromaduras.com,""
5418,jcosplay.com,""
5419,worldsexblogs.net,""
5420,idmnet.pl,""
5421,observatornews.ro,""
5422,blinklist.com,""
5423,bpornomovies.com,""
5424,iporn88.com,""
5425,trovit.com.pk,""
5426,pornthank.com,""
5427,musaporn.com,""
5428,rurimito.com,""
5429,persianepochtimes.com,""
5430,incendar.com,""
5431,moltofood.it,""
5432,eventbrite.com.mx,""
5433,funkemediasales.de,""
5434,pizzahousemons.com,""
5435,ijinshan.com,""
5436,bakekaboys.it,""
5437,idi-barut.org,""
5438,sunsethomesanguilla.com,""
5439,adultpornosearch.com,""
5440,filmpornocompleto.com,""
5441,idi-balangan.org,""
5442,idi-bovendigoel.org,""
5443,hbzhan.com,""
5444,dirtygirlphonesexsite.com,""
5445,trovit.ma,""
5446,girlsxxx.net,""
5447,tbao.com,""
5448,pornstuck.com,""
5449,newdreamglobal.com,""
5450,carrd.co,""
5451,badfamilypov.com,""
5452,salemmedia.com,""
5453,lesbianpussyp.com,""
5454,fuckingmovies.xyz,""
5455,exotic-land.com,""
5456,eventbrite.de,""
5457,atresmedia.com,""
5458,cool-experts.com,""
5459,lusciousphonesex.com,""
5460,ocast.com,""
5461,pornblogdump.com,""
5462,cleverpush.com,""
5463,nudehotmilfs.com,""
5464,pulselive.com,""
5465,ibikotasamarinda.org,""
5466,9hentai.to,""
5467,idi-bontang.org,""
5468,analespanol.com,""
5469,voicy.jp,""
5470,postmedia.digital,""
5471,bulecams.com,""
5472,ibikotapalangkaraya.id,""
5473,postmediasolutions.com,""
5474,ibikotabengkulu.id,""
5475,maximusmg.com,""
5476,lifullconnect.com,""
5477,pornogratis.vlog.br,""
5478,dragonbyte-tech.com,""
5479,idi-bangkabarat.org,""
5480,freexsex.com,""
5481,rvohealth.com,""
5482,ibikotapalu.id,""
5483,ebony-pornography.com,""
5484,indienudes.com,""
5485,poopeegirls.com,""
5486,favgayporn.com,""
5487,videogameschronicle.com,""
5488,mediaad.org,""
5489,xxxbb88.com,""
5490,xvideoss2.com,""
5491,desiporn.tube,""
5492,xxxxxx88x88.com,""
5493,asianxmovs.com,""
5494,pornsexporn.com,""
5495,adevinta.com,""
5496,dlakaveporno.com,""
5497,idi-bulungan.org,""
5498,digitallocker.gov.in,""
5499,gz.gov.cn,""
5500,stopspillet.dk,""
5501,tuidang.org,""
5502,tnlmediagene.com,""
5503,xtsporn.com,""
5504,vintagepussyp.com,""
5505,forina.org,""
5506,x3699.com,""
5507,znakomka.ru,""
5508,rsms.me,""
5509,taketimetothink.co.uk,""
5510,bukkakefreeporn.com,""
5511,nosvideo.com,""
5512,lavie.fr,""
5513,ibtimes.sg,""
5514,pornoston.com,""
5515,gog.cn,""
5516,ibipapuabarat.id,""
5517,pornoizl.xyz,""
5518,sexusblog.com,""
5519,idi-acehjaya.org,""
5520,3d-sex.net,""
5521,caltagironeeditore.com,""
5522,porno.cymru,""
5523,idi-gowa.org,""
5524,visaeurope.com,""
5525,xxxsites.org,""
5526,myrealporncom.com,""
5527,hotloveasiansexxx.com,""
5528,xn--pckua2a7gp15o89zb.com,""
5529,gig-porn.com,""
5530,dprdkotabitung.com,""
5531,countryxxxsex.com,""
5532,jolokawek.com,""
5533,topsexygirlsxxx.com,""
5534,ididenpasar.org,""
5535,10BiggestProblems.com,""
5536,desipornxxx.com,""
5537,holisticvitalgoods.com,""
5538,idi-agam.org,""
5539,myporndepot.com,""
5540,porn-for-you.xyz,""
5541,vrporncoin.com,""
5542,spreadshirt.fr,""
5543,ibinusatenggaratimur.id,""
5544,ibijawabarat.id,""
5545,ilpanuozzo.com,""
5546,transexjapan.com,""
5547,floss.social,""
5548,theoldminehouse.com,""
5549,klarnacdn.net,""
5550,pufu-pufu.com,""
5551,www777684.com,""
5552,a2naacp.org,""
5553,maxient.com,""
5554,lifepornstories.com,""
5555,luckyspinvoyage.com,""
5556,forskalia.com,""
5557,amourangels.com,""
5558,blogspot.it,""
5559,asianso.com,""
5560,seondf.com,""
5561,LesbianHardPorn.com,""
5562,9win.me,""
5563,idi-bangka.org,""
5564,sexvideodansk.com,""
5565,adult.xyz,""
5566,friendfinder.com,""
5567,ibisulawesitengah.id,""
5568,tgirls.xxx,""
5569,theporncollection.com,""
5570,ladbrokes.com.au,""
5571,masturbate.us,""
5572,idikabbursel.org,""
5573,idi-batola.org,""
5574,pornolarca.xyz,""
5575,idi-blora.org,""
5576,yunnan.cn,""
5577,diamondescort-frankfurt.de,""
5578,unimailer.com,""
5579,culioneros.com,""
5580,luckypussies.com,""
5581,sdchina.com,""
5582,welcometothejungle.com,""
5583,condor-affiliates.com,""
5584,soleyleveadultdayhealth.com,""
5585,arclight-champion.com,""
5586,aggressivetransformation365.com,""
5587,melhoresvideoporno.com,""
5588,sexfilmnl.com,""
5589,pornogirl.xyz,""
5590,smailymedia.com,""
5591,orlabrasil.com,""
5592,idi-hulusungaiutara.org,""
5593,hostinger.com,""
5594,porncomixvideos.com,""
5595,PornstarCream.com,""
5596,livefreshporn.com,""
5597,skinartbyrandy.com,""
5598,findpics.com,""
5599,ai-porn.top,""
5600,evbuc.com,""
5601,idibadung.or.id,""
5602,porno.lease,""
5603,oriental-fuck.com,""
5604,blackhairypussy.org,""
5605,preisjaeger.at,""
5606,bootyliciousmag.com,""
5607,yottaa.com,""
5608,mobilporncu.com,""
5609,filmepornoerotico.com,""
5610,ruleporn.com,""
5611,povr.com,""
5612,mncdn.com,""
5613,epic.partners,""
5614,pornicifilmovi.com,""
5615,kannadasexy.com,""
5616,iportal.ru,""
5617,ibiyogyakarta.id,""
5618,hotmomszone.com,""
5619,vipsexpornoizle.com,""
5620,5startube.com,""
5621,idi-baubau.org,""
5622,papafickttochter.com,""
5623,xxx6638.com,""
5624,theboroschool.com,""
5625,tonightsgirlfriend.com,""
5626,freeonlineliveporn.com,""
5627,hjd2048.com,""
5628,sendtonews.com,""
5629,themecraft.net,""
5630,pornofilmmom.com,""
5631,hentaidude.com,""
5632,pornclipsa.com,""
5633,askci.com,""
5634,lindylist.org,""
5635,babestationcams.com,""
5636,leru.org,""
5637,saltwaterfishing247.com,""
5638,danni.com,""
5639,ibikepulauanbangkabelitung.id,""
5640,simplify.hr,""
5641,phonesexinfo.com,""
5642,tokyopornox.com,""
5643,sexevideo.org,""
5644,ampbiscuit.com,""
5645,wbmttphonesexjobs.com,""
5646,pornizlevideos.com,""
5647,orangeclickmedia.com,""
5648,cdn77.com,""
5649,bbwpornz.com,""
5650,ibikotadenpasar.id,""
5651,cwnhhja9jd45.info,""
5652,luxure.live,""
5653,hdmaturexxxx.com,""
5654,fruityblox.com,""
5655,onepodcast.it,""
5656,ibikotamagelang.id,""
5657,1tsporn.com,""
5658,markandgraham.com,""
5659,roughsexualvideos.com,""
5660,hzppw.com,""
5661,venusporn.com,""
5662,aiporn.sbs,""
5663,wct.link,""
5664,nightporn4k.com,""
5665,s-nbcnews.com,""
5666,therapyasmr.com,""
5667,walmartimages.com,""
5668,centrohelp.com,""
5669,fetish-stars.com,""
5670,ro89.com,""
5671,filmysex.net,""
5672,nude-gals.com,""
5673,bbwfatporn.com,""
5674,xxxgames.biz,""
5675,technologyadvice.com,""
5676,pornanimals.site,""
5677,bellesaplus.co,""
5678,cfnmteens.com,""
5679,attire-apparel.com,""
5680,loveasmr.com,""
5681,mybdsmlibrary.com,""
5682,zjwyfg.com,""
5683,trustedshops.de,""
5684,kwai.com,""
5685,trovit.co.za,""
5686,ibikotatanjungpinang.org,""
5687,mamiporno.net,""
5688,maxroll.gg,""
5689,porn-discounts.xxx,""
5690,ilan.gov.tr,""
5691,myhotpics.com,""
5692,getviagrax.com,""
5693,bezzy.com,""
5694,livecampay.com,""
5695,ibimalukuutara.id,""
5696,eventbrite.be,""
5697,newsgator.com,""
5698,trannypornda.com,""
5699,suominettikasino.com,""
5700,strategicbusinessexpansion.info,""
5701,portalistana.id,""
5702,freebbwporn.xyz,""
5703,joipal.com,""
5704,pornoxhub.com,""
5705,adultporncamsex.com,""
5706,pishkhanak.com,""
5707,maturepelose.com,""
5708,ropebondageporn.com,""
5709,trovit.ph,""
5710,pornzoog.com,""
5711,pornprovide.com,""
5712,idi-buleleng.org,""
5713,bestestass.com,""
5714,livepornbabes.com,""
5715,ibikotajakarta.id,""
5716,stackoverflowteams.com,""
5717,play-wise.com,""
5718,pornovieux.com,""
5719,xmovies.porn,""
5720,progameguides.com,""
5721,virgul.com,""
5722,verisign.com,""
5723,tokyosextubes.com,""
5724,teen-porn-mpegs.com,""
5725,asiafriendfinder.com,""
5726,radiopogoda.pl,""
5727,idikotadepok.org,""
5728,planetpokemon.com,""
5729,hangingverticalgarden.info,""
5730,galaxyaffiliates.com,""
5731,pornoxyz.website,""
5732,nonstopporn.com,""
5733,magicfind.us,""
5734,nyporno.com,""
5735,teenporndiscounts.net,""
5736,fattyworldp.com,""
5737,amateurporn.co,""
5738,ibisulawesiselatan.id,""
5739,mrvintageporn.com,""
5740,thelesbianexperience.com,""
5741,ibikotabandung.id,""
5742,cocklovingmoms.com,""
5743,idi-fakfak.org,""
5744,pornoart.net,""
5745,lesbporn.net,""
5746,emi2023ic.com,""
5747,contentsquare.net,""
5748,90sheji.com,""
5749,hot-sex-movies.com,""
5750,bdsmmix.com,""
5751,magyarporno.org,""
5752,babestare.com,""
5753,figurinhasparavoce.shop,""
5754,houseoftaboo.com,""
5755,transformourworldhawaii.com,""
5756,truehits.in.th,""
5757,idi-dompu.org,""
5758,ahxxxtube.net,""
5759,linkagogo.com,""
5760,ibikotaparepare.id,""
5761,teenpies.com,""
5762,hotbdsmtgp.com,""
5763,ibikotaprobolinggo.org,""
5764,kentuckybids.us,""
5765,18yoporntube.com,""
5766,idi-mongondow.org,""
5767,zyanhu.com,""
5768,adultterra.com,""
5769,milfbundle.com,""
5770,1366xnxx.com,""
5771,bakekaescort.it,""
5772,idi-bengkulutengah.org,""
5773,pornlust.xyz,""
5774,idi-biak.org,""
5775,sapp.ir,""
5776,gd.gov.cn,""
5777,socdm.com,""
5778,lelamantin.com,""
5779,paramounttextiles.net,""
5780,gimvongamete.com,""
5781,incometax.gov.in,""
5782,familyxxx.com,""
5783,trackonomics.net,""
5784,sdrrestaurant.com,""
5785,huiyi8.com,""
5786,footparisien.com,""
5787,glendaloughhermitage.com,""
5788,pornworks.app,""
5789,sphdigital.com.sg,""
5790,businessinsider.tw,""
5791,ooxxx.com,""
5792,ibikotaserang.org,""
5793,aiporn.win,""
5794,pornobrot.com,""
5795,porn1212.com,""
5796,porn3dx.com,""
5797,porn4e.com,""
5798,ibikotabandaaceh.org,""
5799,bratperversions.com,""
5800,saucytime.com,""
5801,sensualwriter.com,""
5802,thumbnailseries.com,""
5803,idi-gunungmas.org,""
5804,bestestdicks.com,""
5805,ibikotapekanbaru.org,""
5806,metartnetwork.com,""
5807,ss88271.com,""
5808,pussyvideos.club,""
5809,idi-belitung.org,""
5810,xxxme.net,""
5811,statcounter.hu,""
5812,ibikotagorontalo.id,""
5813,aacip.net,""
5814,hotmaturewomensexcams.com,""
5815,imlive.top,""
5816,trovit.co.uk,""
5817,porngranny.net,""
5818,recepty.cz,""
5819,qertasa.com,""
5820,1hconline.org,""
5821,vtexassets.com,""
5822,resemom.jp,""
5823,xxx2019.pro,""
5824,elegantanal.com,""
5825,pornofilmi.org,""
5826,ghettotube.com,""
5827,taincash.com,""
5828,mediacont.net,""
5829,ibikotabitung.id,""
5830,townhallmedia.com,""
5831,pornofilmeket.com,""
5832,pizdeparoase.com,""
5833,xgroovy.com,""
5834,epornotubes.com,""
5835,hdsexin.com,""
5836,slext2.com,""
5837,customvideotheatre.com,""
5838,crlindia.com,""
5839,19girlstube.com,""
5840,rapescenesite.com,""
5841,cartoonporn.pro,""
5842,zjtdnbydsapp.com,""
5843,porn-girl.xyz,""
5844,xnxx1.tube,""
5845,akumbuh.org,""
5846,ibikotatidore.org,""
5847,smesgoonline.com,""
5848,adult-fanfiction.org,""
5849,gstarcad.com,""
5850,trovit.ie,""
5851,porn-dvd-store.com,""
5852,guvenpansiyon.com,""
5853,haiwahgroup.com,""
5854,ibikotadepok.id,""
5855,old-ladies.com,""
5856,wisskomm.social,""
5857,videosxgratuits.com,""
5858,dailyracingnews.com,""
5859,hotactionsports.com,""
5860,ibipapua.id,""
5861,media.gov.az,""
5862,lesbian8.com,""
5863,idi-bojonegoro.org,""
5864,timbulrejo-desa.id,""
5865,trovit.co.nz,""
5866,ibikotabatam.id,""
5867,rabbits.webcam,""
5868,sgs.gov.cn,""
5869,amy.gs,""
5870,trovit.ng,""
5871,ahacdn.me,""
5872,richrelevance.com,""
5873,ringieraxelspringer.com,""
5874,loveamateur.com,""
5875,hdpornlist.net,""
5876,trovit.com.sg,""
5877,xxxweb.info,""
5878,idi-demak.org,""
5879,javaspiceshop.com,""
5880,protectionmaxusa.com,""
5881,booking.ir,""
5882,asianpreality.com,""
5883,pornzy1.xyz,""
5884,adultcamzlive.com,""
5885,videospornosveteranas.com,""
5886,envato.market,""
5887,escrow.com,""
5888,idi-donggala.org,""
5889,mycams.com.pl,""
5890,cnwest.com,""
5891,ddfcash.com,""
5892,transcend.io,""
5893,snuffphonesex.com,""
5894,xem.one,""
5895,trovit.com.uy,""
5896,idi-cianjur.org,""
5897,eventbrite.it,""
5898,4porn4.com,""
5899,pornic.biz,""
5900,sexclipsb.com,""
5901,rojo.com,""
5902,japaninporn.com,""
5903,477bryantstreet.com,""
5904,betssongroupaffiliates.com,""
5905,pornisporn.com,""
5906,besthotxpornx.xyz,""
5907,wildpornreviews.com,""
5908,wgmods.net,""
5909,desapandes.id,""
5910,777.porn,""
5911,tokyoxxxporn.com,""
5912,pornzo.xyz,""
5913,frankaffiliates.com,""
5914,freepornofilme.org,""
5915,ibikotaserang.id,""
5916,upcomer.com,""
5917,ibikotadepok.org,""
5918,sexporncul.com,""
5919,smushcdn.com,""
5920,analdin.top,""
5921,vpsvc.com,""
5922,izihun.com,""
5923,flashb.id,""
5924,itn.ac.id,""
5925,seksfilmsgratis.com,""
5926,trovit.co.cr,""
5927,uimserv.net,""
5928,granny-pornpics.com,""
5929,mexicanasfollando.top,""
5930,aagm.link,""
5931,blogsforporn.com,""
5932,freeproom.com,""
5933,icomoon.io,""
5934,atubex.com,""
5935,xxxjogos.com,""
5936,desaangkasa.com,""
5937,femjoy-erotica.com,""
5938,puffynetwork.com,""
5939,sissysluthut.com,""
5940,thewpsummit.com,""
5941,trannydiscounts.net,""
5942,libiainpalopo.com,""
5943,jav698.com,""
5944,sexhay3x.info,""
5945,idi-bombana.org,""
5946,Instagram.com,""
5947,quotidianodipuglia.it,""
5948,indapass.hu,""
5949,ibikotabogor.org,""
5950,nudestan.com,""
5951,fanvue.com,""
5952,3897ei48q40q.xyz,""
5953,firecams.com,""
5954,pornpro.xyz,""
5955,ibikotamanokwari.org,""
5956,ibikotamalang.org,""
5957,cedscdn.it,""
5958,pepper.com,""
5959,fortisenergyservlces.com,""
5960,ibikotakendari.id,""
5961,ukrhot.com,""
5962,fappedia.com,""
5963,ibikotasemarang.org,""
5964,pornbdsmpics.com,""
5965,SurvivorPorn.com,""
5966,vintageclassicp.com,""
5967,bipividiyo.com,""
5968,trovitargentina.com.ar,""
5969,filmsexearabe.com,""
5970,business-live.co.uk,""
5971,hitskin.com,""
5972,sexychamp.com,""
5973,camsexportal.net,""
5974,ibikotabandarlampung.id,""
5975,xxnxx.live,""
5976,washingtonbids.us,""
5977,maminka.cz,""
5978,wpenjoy.com,""
5979,f-cdn.com,""
5980,hornygrail.com,""
5981,grovatube.com,""
5982,zjtdnbydsayu.com,""
5983,trovit.com.tw,""
5984,pornflair.com,""
5985,inzestgeschichtenxxx.com,""
5986,bigwinaffiliates.com,""
5987,toptransclass.it,""
5988,kevindausmd.com,""
5989,greatcorollaclub.id,""
5990,trustpielote.com,""
5991,gagaholics.biz,""
5992,fuckaliciousfreaks.com,""
5993,spectateprod.com,""
5994,hdsxporno.com,""
5995,worldclassicp.com,""
5996,eventbritestatus.com,""
5997,babe45.org,""
5998,youwatch.org,""
5999,amatorporno.org,""
6000,boomboomporn.com,""
6001,fuck-girls-hd.com,""
6002,exactdn.com,""
6003,videosxxxespanol.com,""
6004,martinchiropracticwellness.com,""
6005,porn-school.xyz,""
6006,moms-xxx.com,""
6007,familydesiresphonesex.com,""
6008,virginiabids.us,""
6009,xvideos-fr.com,""
6010,xxxkoreaporn.com,""
6011,koreanxxxxvideo.com,""
6012,newsensations.com,""
6013,innerthriveco.com,""
6014,ladyboy-ladyboy.com,""
6015,sex4arab.xxx,""
6016,leaguespy.gg,""
6017,silocarbondale.com,""
6018,porn-porn.space,""
6019,dumpstertrailerrentalsflorida.com,""
6020,icra.org,""
6021,yetiaffiliates.com,""
6022,themesdna.com,""
6023,votehealth2020.com,""
6024,fleshbot.com,""
6025,javpornone.com,""
6026,bbwpworld.com,""
6027,remembering.ca,""
6028,holidaybowllanes.com,""
6029,gamingcommission.gov.gr,""
6030,fbestporn.com,""
6031,pcinvasion.com,""
6032,rejuvenation.com,""
6033,bestsexmovies.net,""
6034,buminabungilir.id,""
6035,iwank.click,""
6036,otgovorna-igra.com,""
6037,thesafeporn.com,""
6038,wfcdn.com,""
6039,src-play.com,""
6040,moviespornfree.com,""
6041,brazilian-transsexuals.com,""
6042,scooore.be,""
6043,deutsche-pornostars.info,""
6044,chatgirlsfree.com,""
6045,ibikotajakarta.org,""
6046,matureandporn.com,""
6047,itrasgressivi.it,""
6048,mediascope.net,""
6049,pizzascaramouche.com,""
6050,mybloggertemplates.org,""
6051,mastodon.cloud,""
6052,sriwijayatoto.org,""
6053,cliniczibayi.com,""
6054,chunyuxh1.xyz,""
6055,affiliationcloud.com,""
6056,gendigital.com,""
6057,hqmatureporn.com,""
6058,ibigorontalo.id,""
6059,trafficgate.net,""
6060,hjelpelinjen.no,""
6061,redditinc.com,""
6062,indianmaidservice.com,""
6063,polishbigboobs.net,""
6064,fhgte.com,""
6065,protemplateslab.com,""
6066,ghost-porn.com,""
6067,bik.gov.tr,""
6068,driving.ca,""
6069,bralessavs.com,""
6070,ibtimes.com.au,""
6071,shemalewebcams.org,""
6072,canoe.com,""
6073,pubnation.com,""
6074,ma3ion.com,""
6075,blowjobpornhd.com,""
6076,rebelmouse.com,""
6077,mediaimpact.de,""
6078,eventbrite.co.nz,""
6079,tenshigao.com,""
6080,eventbrite.com.ar,""
6081,pornlhub.xyz,""
6082,stepsonporn.com,""
6083,playporn.xxx,""
6084,rawapanjang-desa.id,""
6085,trovit.ro,""
6086,hardbondageart.com,""
6087,511taobao.com,""
6088,nudelive.com,""
6089,thefornicationstation.com,""
6090,peachsite.com,""
6091,idigresik.or.id,""
6092,ibikotakupang.org,""
6093,tsp.li,""
6094,blackpornhq.com,""
6095,pinpaibao.com.cn,""
6096,naughtyamericavr.com,""
6097,videogratiserotici.com,""
6098,simplyporn.tv,""
6099,beta-follower.ir,""
6100,sph.com.sg,""
6101,thogenhaven.com,""
6102,itubex.com,""
6103,ibikotaprobolinggo.id,""
6104,efxporn.com,""
6105,fetish-cams-live.com,""
6106,ibikotamamuju.id,""
6107,ioam.de,""
6108,x-angels.com,""
6109,tegalharum.desa.id,""
6110,plyr.io,""
6111,xxx18girl.com,""
6112,trovit.com.co,""
6113,pornoreino.com,""
6114,StreamingBokePindo.org,""
6115,fuckingblogs.net,""
6116,sriwijayatoto.id,""
6117,eventbrite.com.pe,""
6118,bhabhixxx.pro,""
6119,hentaibros.net,""
6120,taikankyohou.com,""
6121,18porn.wtf,""
6122,aff-handler.com,""
6123,idi-boalemo.org,""
6124,moviesda2.com,""
6125,porn03.xyz,""
6126,onlineadultcams.com,""
6127,sensualdirectory.com,""
6128,blogaboutporn.com,""
6129,trovit.com.hk,""
6130,bcash4you.com,""
6131,bhasiw.com,""
6132,hardcorepornlivesex.com,""
6133,rapeporntube.net,""
6134,bandlab.com,""
6135,freefvideos.com,""
6136,idi-bengkayang.org,""
6137,camwhorescloud.com,""
6138,porn-xnxx.com,""
6139,484829a0.top,""
6140,porn-china.xyz,""
6141,apptjmp.com,""
6142,deviantdownloads.com,""
6143,camrabbit.sex,""
6144,porntdh.com,""
6145,phpbb.com,""
6146,kenyaadultblog.com,""
6147,idikabburu.org,""
6148,ibikotabanjarmasin.org,""
6149,trueanal.com,""
6150,69games.xxx,""
6151,trovit.se,""
6152,minkabu.co.jp,""
6153,moneycult.com,""
6154,idideliserdang.com,""
6155,amateurelivesex.com,""
6156,videomaturegratis.com,""
6157,mvmco.ir,""
6158,efilli.com,""
6159,thepornvideos.pro,""
6160,telugu.cyou,""
6161,pornexpress.net,""
6162,williamhill.co,""
6163,forecast7.com,""
6164,cached.icu,""
6165,lasvegasescortasian.com,""
6166,copyright.gov,""
6167,analcreampietube.com,""
6168,bigbootyporn.tv,""
6169,pinksexblogs.com,""
6170,usk.de,""
6171,cision.com,""
6172,sugeng.id,""
6173,fatsexstar.com,""
6174,sinsexcams.com,""
6175,vermontbids.us,""
6176,vogueadria.com,""
6177,go.cam,""
6178,lightboxcdn.com,""
6179,hornypornblogs.com,""
6180,arkansascougars.com,""
6181,dicksongirls.com,""
6182,rimjobtube.com,""
6183,desisex.cc,""
6184,livesexcams.rocks,""
6185,xnxxxxxxarab.best,""
6186,imali.media,""
6187,goldbbw.com,""
6188,doggystyletube.com,""
6189,mallcom.com,""
6190,glueup.com,""
6191,amateursexstart.nl,""
6192,wayfair.ie,""
6193,adultsitesmenu.com,""
6194,shemalegate.com,""
6195,justteencams.com,""
6196,jcrb.com,""
6197,alaskatransvestites.com,""
6198,fhdporn.com,""
6199,thepornarea.com,""
6200,videoporcheitaliane.com,""
6201,seksivideot.info,""
6202,agrvt.com,""
6203,ai-porn.pw,""
6204,rosseladvertising.be,""
6205,blogspot.ae,""
6206,livedosti.com,""
6207,premiumcash.com,""
6208,fuze.dj,""
6209,pornvideosinc.com,""
6210,publicagent.com,""
6211,sexfreehd.xxx,""
6212,realityjunkies.com,""
6213,kostenlosreifefrauen.com,""
6214,ipresso.pl,""
6215,zwcad.com,""
6216,asianpinkporno.com,""
6217,japaneseasmr.com,""
6218,ibiblio.org,""
6219,storylist.com,""
6220,calstate.edu,""
6221,sintips.com,""
6222,mercurytheme.com,""
6223,asianescortslasvegas.com,""
6224,mediadesk.al,""
6225,claro.com.sv,""
6226,ep89.com,""
6227,slide.com,""
6228,changsha.cn,""
6229,tinyasiantube.com,""
6230,sportmonks.com,""
6231,bmlink.com,""
6232,ai-porn.red,""
6233,xnxxx.lol,""
6234,adncdn.net,""
6235,pornoviolento.net,""
6236,paintgp.com,""
6237,wondershare.ae,""
6238,arkansasdominatrix.com,""
6239,milfslesbian.com,""
6240,impactradius-event.com,""
6241,orimeskyries.com,""
6242,drpornofilme.com,""
6243,hearstautos.com,""
6244,alabamadominatrix.com,""
6245,zos-asp.jp,""
6246,townsquareblogs.com,""
6247,indianhiddencams.com,""
6248,tubeasiaxxx.com,""
6249,builtinnyc.com,""
6250,vivastreet.ie,""
6251,redporn.video,""
6252,elog-ch.net,""
6253,flip.bg,""
6254,geni.us,""
6255,david-nudes.com,""
6256,kintoneapp.com,""
6257,flixbus.com.br,""
6258,flux-cdn.com,""
6259,kamababa.com,""
6260,nmheagle.sk,""
6261,british-phone-sex.com,""
6262,sexemulator.com,""
6263,xxxpornstars.co,""
6264,zaol.hu,""
6265,arizonadominatrix.net,""
6266,videoscaserosfollando.com,""
6267,computersweden.se,""
6268,onlytease.com,""
6269,pilgrimstore.ru,""
6270,reddvideo.tube,""
6271,rakuten.ca,""
6272,cytimy.com,""
6273,camsex-topliste.com,""
6274,pornoteque.club,""
6275,userzoom.com,""
6276,pateh.com,""
6277,xvldeoes.com,""
6278,pornxxx.fun,""
6279,rimtubes.com,""
6280,chatfly.sex,""
6281,pm.by,""
6282,annuairedeforums.com,""
6283,mobifcuk.com,""
6284,instagr.am,""
6285,olympics.com,""
6286,breezy.hr,""
6287,wenku365.com,""
6288,de01trckingmic.com,""
6289,fuck-hardcore-tube.com,""
6290,edreams.com.mx,""
6291,livesexcafe.org,""
6292,bnia.cn,""
6293,gaypornvideos.club,""
6294,bigtopsites.com,""
6295,pornokrasive.com,""
6296,nbcsportsbayarea.com,""
6297,barebackplus.com,""
6298,24.co.za,""
6299,maturehqtube.com,""
6300,xnxx-tube.com,""
6301,iid.co.jp,""
6302,bodgirls.com,""
6303,pornx.fr,""
6304,provisionskiss.com,""
6305,hdtokyosex.com,""
6306,ebra.fr,""
6307,japanlust.com,""
6308,asianpornpussy.xxx,""
6309,myteentgp.com,""
6310,desipornvideos.tv,""
6311,newamateurtube.com,""
6312,topadultgames.biz,""
6313,amigos.com,""
6314,roughporn.love,""
6315,gscn.com.cn,""
6316,track-mind.com,""
6317,wyomingbids.us,""
6318,camcaza.es,""
6319,swingersexvideo.com,""
6320,teensdoporn.com,""
6321,arizonabikers.net,""
6322,sexnxx.org,""
6323,poptorso.com,""
6324,myclassicp.com,""
6325,flixbus.gr,""
6326,sex-videos.xxx,""
6327,nookies.com,""
6328,linklist.bio,""
6329,twinkshub.com,""
6330,musculartube.com,""
6331,hentaivideoworld.com,""
6332,pornharry.com,""
6333,fruitylinks.com,""
6334,yrwzfeb.cc,""
6335,qnewporn.com,""
6336,hot-xxx.net,""
6337,newzit.com,""
6338,dvcorporate.com,""
6339,vrpornchat.com,""
6340,spaceexplored.com,""
6341,hdsexer.com,""
6342,sweetsinner.com,""
6343,sharecash.org,""
6344,jabletv.org,""
6345,podtrac.com,""
6346,hairypussyporn.me,""
6347,fuckmachinetube.com,""
6348,hotgamequest.com,""
6349,flashybabes.com,""
6350,hdsexvideo.xxx,""
6351,czechvrfetish.com,""
6352,mylfvideos.com,""
6353,filmxgratuitfrancais.com,""
6354,sexcams247.net,""
6355,tamilxxx.tv,""
6356,1tvporn.com,""
6357,vid1234.online,""
6358,webcamporn.online,""
6359,urbndata.com,""
6360,sexbule.net,""
6361,912688.com,""
6362,ugurus.com,""
6363,iwebtool.com,""
6364,beascoremodel.com,""
6365,bmn.ir,""
6366,pornohammer.com,""
6367,kunming.cn,""
6368,nylons4ever.com,""
6369,gitee.com,""
6370,alabamacrossdressers.com,""
6371,livesex.win,""
6372,myawesomeporn.com,""
6373,hotadultpornblogs.com,""
6374,readspeaker.com,""
6375,webengage.com,""
6376,enf-cmnf.com,""
6377,retrooh.com,""
6378,free-porn-tube.net,""
6379,townsquaremedia.com,""
6380,deb.gs,""
6381,vogue.gr,""
6382,alanna.life,""
6383,beautybbwtube.com,""
6384,jyotu.net,""
6385,qrrro.com,""
6386,pornohd.icu,""
6387,multiplication.com,""
6388,ideil.com,""
6389,cmadclicks000.com,""
6390,dlaf.jp,""
6391,4euplus.eu,""
6392,franks-tgirlworld.com,""
6393,subscribestar.adult,""
6394,fistbump-news.jp,""
6395,popengines.com,""
6396,k-img.com,""
6397,porntaboo.org,""
6398,exoticflame.com,""
6399,sexreife.com,""
6400,prsmedia.fr,""
6401,stepsiblingscaught.com,""
6402,alaskamilfs.net,""
6403,shemalesandladyboys.com,""
6404,ebit.com.br,""
6405,forcedporn.cc,""
6406,naked-videos.com,""
6407,pornav.net,""
6408,mcall.com,""
6409,ebonyadulttube.com,""
6410,responsiblegambling.co.za,""
6411,fantasyliga.cz,""
6412,gogirlsp.com,""
6413,eztvx.to,""
6414,carcareplus.jp,""
6415,24.com,""
6416,watch4beauty.com,""
6417,ltwebstatic.com,""
6418,epochtimes.cz,""
6419,blackporn.ooo,""
6420,justbet.help,""
6421,pornoenespanolgratis.com,""
6422,onlyhotporn.com,""
6423,iconscout.com,""
6424,gayporntube.cc,""
6425,webcontentassessor.com,""
6426,pollster.pl,""
6427,cctime.com,""
6428,freeksex.com,""
6429,xfantacyx.com,""
6430,apornstories.com,""
6431,javsexmovie.com,""
6432,foxadvertising.com,""
6433,revistavanityfair.es,""
6434,sexgifs.tv,""
6435,comicsporn.pro,""
6436,ionos.ca,""
6437,desipornfilms.com,""
6438,alaskatransexuals.com,""
6439,videossexegratuit.com,""
6440,gam-anon.org,""
6441,contador-de-visitas.com,""
6442,onebbw.com,""
6443,fetishfootporn.com,""
6444,responsiblegambling.org.za,""
6445,jia.com,""
6446,pornbbwvideos.com,""
6447,melligold.com,""
6448,krasporno.com,""
6449,nuderedtube.com,""
6450,lalsace.fr,""
6451,brasilvr.com,""
6452,freeadultgames.eu,""
6453,grandmatubesex.com,""
6454,xonlyswallows.com,""
6455,lactatingtube.com,""
6456,bumble.com,""
6457,wondershare.it,""
6458,alabamatransvestites.com,""
6459,viva.ro,""
6460,familyporn.ooo,""
6461,legalmente.net,""
6462,navdmp.com,""
6463,ucoz.pl,""
6464,filmatixxx.com,""
6465,xxxcasero.tv,""
6466,interracialporn.tv,""
6467,vogue.fr,""
6468,porndwn.com,""
6469,frumph.net,""
6470,kreo-agency.com,""
6471,myerovideos.com,""
6472,rboltonsmith.com,""
6473,sexcams.name,""
6474,xcum.com,""
6475,grupazpr.pl,""
6476,marchespublics-eurolegales.com,""
6477,myfattube.com,""
6478,guy69.com,""
6479,idahobids.us,""
6480,gohoneygo.com,""
6481,porn-selection.net,""
6482,hotasiannudes.com,""
6483,realitypornguys.com,""
6484,xl.pt,""
6485,service-public.gouv.fr,""
6486,muratorplus.pl,""
6487,davidnudesworld.com,""
6488,helplessteens.com,""
6489,weekli.de,""
6490,rtl.com,""
6491,pornofint.net,""
6492,arizonacougars.com,""
6493,oldwomantube.com,""
6494,fuck6teen.com,""
6495,reifetitten.net,""
6496,shemale8.com,""
6497,freegayporn.club,""
6498,liveseductivecougars.com,""
6499,flixbus.al,""
6500,topfreshporn.com,""
6501,spiegel.media,""
6502,fatfuckmov.com,""
6503,18-xx.com,""
6504,indiatoday.in,""
6505,flixbus.cz,""
6506,hubpeople.ai,""
6507,youporn-sexvideos.tv,""
6508,transpornlovers.com,""
6509,criew.com,""
6510,rimgirl.com,""
6511,nekrologi.net,""
6512,jipc.jp,""
6513,podiumpodcast.com,""
6514,totallynsfw.com,""
6515,algolia.com,""
6516,jxcn.cn,""
6517,wildanimalporn.shop,""
6518,schlampenporno.com,""
6519,stumbleuporn.org,""
6520,porngameshd.com,""
6521,asiansuckers.com,""
6522,betstop.gov.au,""
6523,unilad.com,""
6524,xxxpornbase.net,""
6525,gab.com,""
6526,exoticbotswana.com,""
6527,wildclassic.com,""
6528,flixbus.be,""
6529,hotdesiporn.com,""
6530,pornoteque.net,""
6531,footballco.com,""
6532,redcam.vip,""
6533,camvideoshub.com,""
6534,mobilityoutlook.com,""
6535,timtales.com,""
6536,realwebcamporn.com,""
6537,vosgesmatin.fr,""
6538,fuktxxx.com,""
6539,kaspersky-labs.com,""
6540,jakarta-escorts.com,""
6541,sg-video.com,""
6542,sawsells.com,""
6543,arizonapussy.net,""
6544,cadenadial.com,""
6545,n.cn,""
6546,medietall.no,""
6547,japxxhd.com,""
6548,airregi.jp,""
6549,oldgaybearsex.com,""
6550,hotmomporno.com,""
6551,g.com.cn,""
6552,gamingbible.com,""
6553,tgirlworship.com,""
6554,globista.de,""
6555,hugetits.me,""
6556,porngay.me,""
6557,ca.tf,""
6558,ehonnavi.net,""
6559,myfamilypies.com,""
6560,mylesbogf.com,""
6561,ocxxx.com,""
6562,ahindian.com,""
6563,apowersoft.info,""
6564,femdomin8.com,""
6565,webcamgaycum.com,""
6566,gratispornofilmen.net,""
6567,pornoteque.eu,""
6568,mfcimg.com,""
6569,alabamashemales.com,""
6570,marble-asp.jp,""
6571,theporn1.co,""
6572,edreams.jp,""
6573,domainname.de,""
6574,alabamalesbians.net,""
6575,veecinema.com,""
6576,dtiserv.com,""
6577,informatechtarget.com,""
6578,community.forum,""
6579,bankid.com,""
6580,iab.com,""
6581,guvendamgasi.org.tr,""
6582,blogspot.is,""
6583,pics4men.com,""
6584,forced-porn.net,""
6585,free-xxx-tubes.com,""
6586,porngifs.info,""
6587,tnlmedia.com,""
6588,bbwerp.com,""
6589,planeta.pl,""
6590,vdulz.org,""
6591,xlinkz.to,""
6592,pornotube.club,""
6593,justlesbianpussy.com,""
6594,matureexgf.com,""
6595,garena.my,""
6596,williamhill.se,""
6597,gdjubao.cn,""
6598,palibzh.tech,""
6599,shemaletalk.com,""
6600,porngo.xxx,""
6601,realtabooporn.net,""
6602,adultblog.net,""
6603,nangivideo.com,""
6604,video-porno.pro,""
6605,clubtug.com,""
6606,cartera.com,""
6607,hdnux.com,""
6608,cumeatingtube.com,""
6609,sexmature.xxx,""
6610,daddydaughterroleplay.com,""
6611,shemale3dx.com,""
6612,camsexers.com,""
6613,adult-movies.pro,""
6614,puneescorts.in,""
6615,sexvideoskostenlos.net,""
6616,maturevsex.com,""
6617,gammaesecure.com,""
6618,wankitnow.com,""
6619,stronapodrozy.pl,""
6620,sexydollsasia.com,""
6621,evlook.com,""
6622,porncomixonline.net,""
6623,nude-milfs.live,""
6624,ebonyporn.love,""
6625,bonprix.ch,""
6626,nulab.com,""
6627,bilalmajzoubbookstore.com,""
6628,tuwan.com,""
6629,gayscamsex.com,""
6630,safechat.com,""
6631,okxxxvideo.com,""
6632,stronazdrowia.pl,""
6633,livestorm.co,""
6634,boosj.com,""
6635,digi-follower.com,""
6636,livesexhub.cc,""
6637,alaskacrossdressers.com,""
6638,femout.xxx,""
6639,yomyboks.org,""
6640,abcjip.monster,""
6641,au.com,""
6642,bdsmfocus.info,""
6643,spicychat.ai,""
6644,vxnbill.com,""
6645,metartmoney.com,""
6646,audible.in,""
6647,hentaicore.com,""
6648,sexxtalklive.com,""
6649,911jerkoff.com,""
6650,pervnana.com,""
6651,habrastorage.org,""
6652,xpaja.net,""
6653,tailtarget.com,""
6654,rocketasian.com,""
6655,most.gov.cn,""
6656,tabroom.jp,""
6657,grannytube.net,""
6658,gaycamshows.com,""
6659,ashemalet7be.com,""
6660,mindmegette.hu,""
6661,sharechat.com,""
6662,givecampus.com,""
6663,lesbischesex.net,""
6664,literot.com,""
6665,sea.com,""
6666,newadultblogs.com,""
6667,flix.com,""
6668,addme.com,""
6669,nudecamgirls.chat,""
6670,match2one.net,""
6671,golezene.net,""
6672,azurefd.net,""
6673,contortionist.info,""
6674,twistedporn.com,""
6675,bonniernews.se,""
6676,OrgyFuck.com,""
6677,tabooporn.xxx,""
6678,duol.hu,""
6679,hotnewbabes.com,""
6680,bootcdn.net,""
6681,leaked.tube,""
6682,adzonestatic.com,""
6683,webcamreports.com,""
6684,barelylegal.com,""
6685,bloxinformer.com,""
6686,kebuena.com.mx,""
6687,taskle.jp,""
6688,onlygaybear.com,""
6689,tahsilbama.com,""
6690,penisbot.com,""
6691,fatmoviessex.com,""
6692,clitlickinglesbianporn.com,""
6693,broadcom.cn,""
6694,flixbus.fi,""
6695,lanasbigboobs.com,""
6696,edreams.hk,""
6697,24media.gr,""
6698,hotvintagefuck.com,""
6699,asianclipstube.com,""
6700,sweet-eva.com,""
6701,maxporntube.com,""
6702,101boyvideos.com,""
6703,ibro1.info,""
6704,reifesexfilme.org,""
6705,shemalefansforever.com,""
6706,asianpornteens.net,""
6707,adobeccstatic.com,""
6708,flixbus.com.au,""
6709,asspoint.com,""
6710,adoredblogs.com,""
6711,grandmakiss.com,""
6712,asiansfuck.net,""
6713,wspolczesna.pl,""
6714,povjp.com,""
6715,westminsterpasadena.org,""
6716,adultcams.name,""
6717,nbcsportsphiladelphia.com,""
6718,shumali.net,""
6719,join-adf.ly,""
6720,mon-sejour-en-montagne.com,""
6721,bdsmx.tube,""
6722,ngentotxsex.com,""
6723,animeanime.jp,""
6724,flixbus.in,""
6725,16pic.com,""
6726,chinalovecupid.com,""
6727,amateurporn.pro,""
6728,porn2img.com,""
6729,networkadvertising.org,""
6730,hemaleorshemale.com,""
6731,vogue.pt,""
6732,videosfilmsporno.com,""
6733,ladyboydong.com,""
6734,ebonysexreview.com,""
6735,home-xxx-videos.com,""
6736,tamilsextube.me,""
6737,qwantz.com,""
6738,pornsite123.com,""
6739,porn1img.com,""
6740,spinpalacecasino.com,""
6741,space-girls.com,""
6742,actiondesk.com,""
6743,cmbilisim.com,""
6744,filmsexi.top,""
6745,lastxxxmovies.com,""
6746,shemalepornonly.com,""
6747,instaimgs.com,""
6748,bangmyteenass.com,""
6749,tokyoxxxvideos.com,""
6750,pixel-vault.com,""
6751,flixbus.it,""
6752,flixbus.lv,""
6753,exhibitioniststrangers.com,""
6754,porno.college,""
6755,jpnurse.com,""
6756,22opt.ru,""
6757,mojposao.hr,""
6758,shownews.pl,""
6759,xxx-desi.name,""
6760,livetrannys.com,""
6761,extract.me,""
6762,freeporn.cafe,""
6763,allindianp.com,""
6764,piratecams.com,""
6765,arizonacrossdressers.com,""
6766,tabooxtube.com,""
6767,meghamalik.com,""
6768,publicsexhub.com,""
6769,voxfm.pl,""
6770,wondershare.cn,""
6771,pilotonline.com,""
6772,blogspot.se,""
6773,cumhall.com,""
6774,anjouanoffshorefinanceauthority.org,""
6775,alabamabooty.net,""
6776,fuckableteens.net,""
6777,daftsex.com.es,""
6778,tranzvr.com,""
6779,dicksoutdoors.com,""
6780,globalsign.com,""
6781,pornmage.com,""
6782,kartuliporno.net,""
6783,ahxtube.com,""
6784,indiancumporn.com,""
6785,allpfree.com,""
6786,newxtube.com,""
6787,cashdorado.com,""
6788,femboyaddict.com,""
6789,freecartoonporn.xyz,""
6790,lejsl.com,""
6791,mrlivecam.com,""
6792,milfprime.com,""
6793,filmepornoarabe.com,""
6794,vogue.mx,""
6795,xnxxvideohot.com,""
6796,asianfuckthumbs.com,""
6797,thebrexitparty.org,""
6798,sabado.pt,""
6799,dirtyshack.com,""
6800,tgirlfondle.com,""
6801,glamour.hu,""
6802,alabamamistress.com,""
6803,privatefeeds.com,""
6804,radiofrance.com,""
6805,indianxxx2021.com,""
6806,blogspot.com.au,""
6807,fromgeek.com,""
6808,smcloud.net,""
6809,thaisexx.com,""
6810,centroarts.com,""
6811,everydayhealthgroup.com,""
6812,xvideos-sexfilme.net,""
6813,ai-porn.monster,""
6814,kaspersky.ca,""
6815,mom50.com,""
6816,pinayflixhd.com,""
6817,transdelight.com,""
6818,musehub.com,""
6819,lemoncams.com,""
6820,shkulev.ru,""
6821,ecal.com,""
6822,pornclipsasian.com,""
6823,adultfeet.com,""
6824,sc.gov.cn,""
6825,sweetsext.com,""
6826,birdsandblooms.com,""
6827,officelife.media,""
6828,pornfinder.biz,""
6829,edreams.tw,""
6830,richmondelt.com,""
6831,desixxxhindi.com,""
6832,sexysexdoll.com,""
6833,uk-flashers.net,""
6834,pornovergewaltigung.pro,""
6835,bigboobworship.com,""
6836,eventticketprotection.com,""
6837,pro-atmedia.jp,""
6838,onlocationexp.com,""
6839,ionos.at,""
6840,eroticartwebring.org,""
6841,cwg.tw,""
6842,behaartevagina.com,""
6843,fscs.org.uk,""
6844,fidibo.com,""
6845,aebs.or.jp,""
6846,videosxxxcastellano.com,""
6847,ebonyhottube.com,""
6848,dzienniklodzki.pl,""
6849,porrn.tv,""
6850,zexy.net,""
6851,xxxhdsex.fun,""
6852,nuerotica.com,""
6853,to.com.pl,""
6854,beyondwords.io,""
6855,qeraera.com,""
6856,mediapanda.ru,""
6857,lostporntube.com,""
6858,galaxiemedia.fr,""
6859,thegay.porn,""
6860,ariansystem.net,""
6861,newsroom.bi,""
6862,forcedorgasmsite.com,""
6863,1-800-phonesex.com,""
6864,crjmpx.com,""
6865,asians247.com,""
6866,tgclick.com,""
6867,onlyporn123.com,""
6868,hugginsassociates.com,""
6869,eldoce.tv,""
6870,fuck-hd-movies.com,""
6871,alabamacrossdressing.com,""
6872,vologda-portal.ru,""
6873,recruit-card.jp,""
6874,adult-hd-movies.com,""
6875,weborama.fr,""
6876,szon.hu,""
6877,mdgamblinghelp.org,""
6878,xxxx.show,""
6879,amateur-community24.com,""
6880,desi-cum.com,""
6881,concept3d.com,""
6882,bollywoodxxx.pro,""
6883,blogspot.hr,""
6884,republicain-lorrain.fr,""
6885,porn3img.com,""
6886,vrpornlist.com,""
6887,sakhtemanpezeshkan.com,""
6888,0772sn.com,""
6889,urlcash.net,""
6890,mjakmama24.pl,""
6891,gannettclassifieds.com,""
6892,motofakty.pl,""
6893,porn1videos.com,""
6894,williamhill.it,""
6895,runsky.com,""
6896,spiegelgruppe.de,""
6897,ojd.es,""
6898,xxx2024.com,""
6899,truvixjelzolvrxufvtrikmor.com,""
6900,bestcamsites.me,""
6901,sexblogbilly.com,""
6902,hottestfatsite.com,""
6903,sexshoplot.com,""
6904,edreams.ph,""
6905,pornonastya.tv,""
6906,womansexold.com,""
6907,pyzam.com,""
6908,dailymirror.lk,""
6909,123apps.com,""
6910,moanxxx.com,""
6911,ersties.com,""
6912,thesexteachers.com,""
6913,riskified.com,""
6914,tube1xxx.com,""
6915,mrbbwporn.com,""
6916,omgteens.com,""
6917,yue365.com,""
6918,lifeline.org.au,""
6919,makehimcuckold.com,""
6920,szexvideokingyen.top,""
6921,hubite.com,""
6922,boyporntube.com,""
6923,torels.ru,""
6924,adsinoo.com,""
6925,oiledtube.com,""
6926,hypnohub.net,""
6927,hindixnxx.pro,""
6928,redcdn.pl,""
6929,radioeksen.com,""
6930,free-youporn.org,""
6931,flixbus.cat,""
6932,scatkings.com,""
6933,feetsexvids.com,""
6934,alabamabdsm.com,""
6935,66wz.com,""
6936,trip.ir,""
6937,media-innovation.jp,""
6938,animalpornxxxsexvideos.club,""
6939,familypornhd.com,""
6940,premiumpornlist.com,""
6941,blogspot.lt,""
6942,rakuten.tv,""
6943,indiacode.nic.in,""
6944,system1.com,""
6945,sexcash.com,""
6946,moderna.com.br,""
6947,joyfreepornvids.com,""
6948,vrhump.com,""
6949,sexdelights.com,""
6950,amateurporn.ooo,""
6951,goldshemales.com,""
6952,buddylead.com,""
6953,garudavega.com,""
6954,slotspilot.com,""
6955,hdtabooporn.com,""
6956,sonline.hu,""
6957,sibirani.com,""
6958,xfanshub.com,""
6959,gayzooporn.shop,""
6960,thesexlist.com,""
6961,tube-teen-18.com,""
6962,protect-x.com,""
6963,alaskabdsm.net,""
6964,seratea.com,""
6965,mensadultshop.com,""
6966,cholitas.top,""
6967,k-entame.jp,""
6968,adhigh.net,""
6969,ufreeporn.org,""
6970,bestindiansex.com,""
6971,moshkestan.com,""
6972,tiantibooks.org,""
6973,shenyunperformingarts.org,""
6974,pluck.com,""
6975,dpglosseverkoop.nl,""
6976,grupogodo.com,""
6977,libramemoria.com,""
6978,fanduel.careers,""
6979,sosushka.tv,""
6980,69dir.com,""
6981,seductivehdporn.com,""
6982,strefabiznesu.pl,""
6983,oma-pornofilme.net,""
6984,ibradome.com,""
6985,forcedporn.fun,""
6986,dolat.ir,""
6987,3dshemale.com,""
6988,38dddjuggs.com,""
6989,ashemaletjbe.com,""
6990,originalfetish.com,""
6991,vrpornranked.com,""
6992,dgepress.com,""
6993,skinny.red,""
6994,wondershare.tw,""
6995,pornmegaload.com,""
6996,voguescandinavia.com,""
6997,pornseek6.com,""
6998,ladyboyshub.com,""
6999,sail-personalize.com,""
7000,pornl.com,""
7001,jellypages.com,""
7002,sexblogplanet.com,""
7003,bildschirmengel.com,""
7004,supermedia.pl,""
7005,uloversdoll.com,""
7006,deutschepornovideos.net,""
7007,sextpanther.com,""
7008,youporn-sexvideos.info,""
7009,virtualjav.com,""
7010,realxnxx.com,""
7011,arabsex.cc,""
7012,0juvwr6r.com,""
7013,sybiantube.com,""
7014,houstonescorts.app,""
7015,strefaedukacji.pl,""
7016,one.one,""
7017,literia.pl,""
7018,clickiocmp.com,""
7019,abbywinters.com,""
7020,javbest.tv,""
7021,fuck-xxx-tube.com,""
7022,321sexchat.com,""
7023,prettysexclips.com,""
7024,newsnetworkofindia.com,""
7025,sscdn.co,""
7026,manytoon.com,""
7027,trustcommander.net,""
7028,cartune.me,""
7029,jiumodiary.com,""
7030,candyai.gg,""
7031,homo.xxx,""
7032,painfulanalporn.com,""
7033,profile.ne.jp,""
7034,liz-walker.org,""
7035,nativeplanet.com,""
7036,xxxhub123.com,""
7037,dailypress.com,""
7038,12365auto.com,""
7039,meta.ai,""
7040,abebooks.it,""
7041,japanesebase.com,""
7042,otakubaymax.xyz,""
7043,oklahomabids.us,""
7044,yelp-support.com,""
7045,cimpress.com,""
7046,appmagshop.us,""
7047,hatabhidio.com,""
7048,domosex.com,""
7049,edtechzine.jp,""
7050,adition.com,""
7051,gocar.be,""
7052,blogspot.hk,""
7053,novinirana.com,""
7054,tamilhotmovies.net,""
7055,grannylovesbbc.com,""
7056,allyant.com,""
7057,hentaizilla.com,""
7058,homemadeporn.fun,""
7059,canovel.com,""
7060,usi32.com,""
7061,yenimedya.com.tr,""
7062,humor.is,""
7063,unitedmedia.net,""
7064,livefatporn.com,""
7065,fynkelto.com,""
7066,hdxxxhub.com,""
7067,bitent.com,""
7068,icams.com,""
7069,rabota.by,""
7070,semenax.com,""
7071,ozost.com,""
7072,ndrc.gov.cn,""
7073,awecrptjmp.com,""
7074,staticcache.org,""
7075,flixbus.co.uk,""
7076,telva.com,""
7077,eroticvideos.org,""
7078,womenolder.net,""
7079,smassets.net,""
7080,pornocasero.ooo,""
7081,vwfastdelivery.com,""
7082,freecamgirls.name,""
7083,vogue.nl,""
7084,4fappers.com,""
7085,ivass.it,""
7086,yeshen.com,""
7087,dziennikpolski24.pl,""
7088,videosxxxguatemala.com,""
7089,slack.engineering,""
7090,linkingout.com,""
7091,vogue.sg,""
7092,freexxxvideos.vip,""
7093,pornbus.com,""
7094,williamhill.es,""
7095,annoncesexe.eu,""
7096,forums.net,""
7097,newsbank.com,""
7098,madepics.com,""
7099,amandalist.com,""
7100,edna.bg,""
7101,bigtitszone.com,""
7102,uiiiuiii.com,""
7103,porno.surf,""
7104,dickeomas.com,""
7105,zootubesex.shop,""
7106,servimg.com,""
7107,pornshemales.com,""
7108,777livecams.com,""
7109,blackshemalesclub.com,""
7110,sexyxxx.ooo,""
7111,arkansastransvestites.com,""
7112,gasgoo.com,""
7113,vogue.com.au,""
7114,adultblogsdir.com,""
7115,blogspot.li,""
7116,aepd.es,""
7117,propertysex.com,""
7118,asian18.com,""
7119,admjmp.com,""
7120,milfexgf.com,""
7121,fabplay.in,""
7122,southcarolinabids.us,""
7123,wpconsent.com,""
7124,poranny.pl,""
7125,xtorso.com,""
7126,stockingfetishvideo.com,""
7127,omranmodern.com,""
7128,mystrikingly.com,""
7129,suropachi-line.com,""
7130,nowiny24.pl,""
7131,jav-subtitles.com,""
7132,gamban.com,""
7133,8muses.io,""
7134,photos.com,""
7135,yogaporn.net,""
7136,aiporn.hair,""
7137,forcedporn.name,""
7138,xnxxporn.work,""
7139,voguehk.com,""
7140,945.com.tw,""
7141,bootyoftheday.co,""
7142,captivate.fm,""
7143,officesexjp.com,""
7144,freecams.name,""
7145,ebonycamchat.com,""
7146,newsweek.ro,""
7147,666bukkake.com,""
7148,gpp.io,""
7149,ehi-siegel.de,""
7150,shopabctv.com,""
7151,adultism.com,""
7152,javbraze.com,""
7153,dexnxx.com,""
7154,top-porn-videos.com,""
7155,xn--aa-wl5eb.com,""
7156,bdsmfettish.com,""
7157,fatpcollection.com,""
7158,creampiethais.com,""
7159,fmweb.jp,""
7160,utherverse.com,""
7161,epochtimes-romania.com,""
7162,eforms.nic.in,""
7163,ow.gr,""
7164,netinfo.bg,""
7165,filipinocupid.com,""
7166,khodroshop.ir,""
7167,chatterboxnorth.ca,""
7168,fyptt.to,""
7169,springporno.com,""
7170,pornindiaxxx.com,""
7171,disgracetube.com,""
7172,theporn.eu,""
7173,longhoo.net,""
7174,tokuyutai.com,""
7175,blogspot.my,""
7176,universe.com,""
7177,baon.hu,""
7178,scorepass.com,""
7179,galussothemes.com,""
7180,career-theory.net,""
7181,epochtimes.nl,""
7182,vogue.de,""
7183,businesstimes.com.sg,""
7184,ai-porn.pink,""
7185,riverasian.com,""
7186,supersologirls.com,""
7187,realcuckoldporn.net,""
7188,sucksex.com,""
7189,sex-studentok.com,""
7190,schoolgirlstube.com,""
7191,enable-javascript.com,""
7192,convert.io,""
7193,allagentreports.com,""
7194,speeddatingsex.com,""
7195,cityofsin3d.com,""
7196,ppstatic.pl,""
7197,ichigocandy.com,""
7198,milflove.live,""
7199,azb-cuw.pl,""
7200,bdsmdirect.com,""
7201,livesexcams9.org,""
7202,zp32.com,""
7203,rapevideosite.com,""
7204,e-planning.net,""
7205,sexchat.bar,""
7206,yisu.com,""
7207,sexyporn.ooo,""
7208,pdf.io,""
7209,vogue.pl,""
7210,gravito.net,""
7211,bpornclips.com,""
7212,gay1.org,""
7213,jixie.io,""
7214,alaskacrossdressing.com,""
7215,germanpornamateur.com,""
7216,52solution.com,""
7217,glxgroup.com,""
7218,autobild.es,""
7219,jpmilfs.com,""
7220,assspankingtube.com,""
7221,flashingporntube.com,""
7222,the-sex-videos.com,""
7223,freelesbianporn.xyz,""
7224,xxx.tax,""
7225,pornemovies.com,""
7226,extremepornsite.com,""
7227,massagerepublic.com,""
7228,teencurves.com,""
7229,erotikfilme.fun,""
7230,tippmix.hu,""
7231,hdkantotin.com,""
7232,porndata888.com,""
7233,ovhcloud.com,""
7234,kkj58.com,""
7235,vervesex.com,""
7236,mamaslatinas.com,""
7237,longfattube.com,""
7238,erotikasekes.com,""
7239,flixbus.hr,""
7240,luv2chat.com,""
7241,ladyboyshemalefemboy.com,""
7242,alaskabikers.net,""
7243,mdm51p.com,""
7244,pornsitespace.com,""
7245,xxxpornstar.today,""
7246,bigtitsx.net,""
7247,hlcommission.org,""
7248,hentaiprn.com,""
7249,interracialporn.club,""
7250,flixbus.dk,""
7251,sweetsuzie.com,""
7252,emxdgt.com,""
7253,24fastload.net,""
7254,computrabajo.com,""
7255,pornmn.com,""
7256,xxxelf.app,""
7257,rossel.be,""
7258,porn4img.com,""
7259,desisexmms.net,""
7260,roughporn.me,""
7261,alabamapussy.net,""
7262,polskapress.pl,""
7263,epochtimes.com.br,""
7264,indexjump.com,""
7265,shemalepornb.com,""
7266,pubexchange.com,""
7267,yelp-ir.com,""
7268,4fappers99.com,""
7269,pornseek123.com,""
7270,fapservice.com,""
7271,superpartners.com,""
7272,behaartevotzen.com,""
7273,bigassporn.tv,""
7274,ordenacionjuego.es,""
7275,sexualfat.com,""
7276,mytubepress.com,""
7277,bbwpclips.com,""
7278,cheapphonesexmilfs.com,""
7279,saleszine.jp,""
7280,ucoz.co.il,""
7281,indianpworld.com,""
7282,thaicupid.com,""
7283,shaafm.lk,""
7284,porn69video.com,""
7285,somee.com,""
7286,stroeermediabrands.de,""
7287,unidadeditorial.es,""
7288,Taunhanh.us,""
7289,innogamescdn.com,""
7290,desipornvideos.cc,""
7291,xgaytube.com,""
7292,erotikvideoturkish.com,""
7293,hot-free-porn.com,""
7294,hdxxxa.com,""
7295,sexvideos.host,""
7296,nosvamosdecrucero.com,""
7297,snapcraft.io,""
7298,adultelite.com,""
7299,pornbigass.com,""
7300,sweet-peaches.net,""
7301,ionos.co.uk,""
7302,davespornplace.com,""
7303,imguol.com,""
7304,u-site.jp,""
7305,fansoda.com,""
7306,hustlerunlimited.com,""
7307,sexvideos-xxx.com,""
7308,wavesideentertainment.com,""
7309,arizonacrossdressing.com,""
7310,xinjiangnet.com.cn,""
7311,redlightarea.com,""
7312,bustybus.com,""
7313,adultgaming.net,""
7314,japesex.com,""
7315,grabo.bg,""
7316,tebilisim.com,""
7317,xxxdasi.net,""
7318,howtravel-gourmet.com,""
7319,facials4k.com,""
7320,addcn.com,""
7321,fittaporr.com,""
7322,speculumtube.com,""
7323,flixbus.nl,""
7324,sexcamly.xxx,""
7325,xxxx.cafe,""
7326,momvxxx.com,""
7327,tubeteencam.com,""
7328,asianbangtube.com,""
7329,sexcamshub.cc,""
7330,flirtational.com,""
7331,greatfuckvideos.com,""
7332,fetishes.cam,""
7333,hellowork.com,""
7334,dziennikzachodni.pl,""
7335,tits3.com,""
7336,porndiscountslive.com,""
7337,av69.tv,""
7338,wbmdstatic.com,""
7339,indianpplanet.com,""
7340,ic37.com,""
7341,pdst.fm,""
7342,tandahousewives.com,""
7343,hustlaz.com,""
7344,kaysis.gov.tr,""
7345,northcarolinabids.us,""
7346,spicyasianporn.com,""
7347,e-rasaneh.ir,""
7348,reifensex.org,""
7349,fotohard.org,""
7350,forbes.cz,""
7351,kameleoon.io,""
7352,teamlancer.jp,""
7353,dogusyayingrubu.com.tr,""
7354,mlfhelp.com,""
7355,netbilling.com,""
7356,porntasia.app,""
7357,thjpg10.top,""
7358,strawberrybeauty.com,""
7359,teengayboys.org,""
7360,gaypornq.com,""
7361,ftvcash.com,""
7362,edreams.qa,""
7363,hardcore.red,""
7364,vogue.com.tr,""
7365,xnxx123.net,""
7366,kisalfold.hu,""
7367,livebbwporn.com,""
7368,naszahistoria.pl,""
7369,edreams.ma,""
7370,sextube.pro,""
7371,fantasyasian.com,""
7372,lolhentai.net,""
7373,ahvideoscdn.net,""
7374,lps.go.id,""
7375,audible.fr,""
7376,gostosanovinha.com,""
7377,pilluporno.com,""
7378,flixbus.no,""
7379,ionos.com,""
7380,hdstudionudes.com,""
7381,ladyboytube.com,""
7382,marathipornvideos.com,""
7383,careers-page.com,""
7384,delmagyar.hu,""
7385,gra.pl,""
7386,watch-cams.com,""
7387,shadows.com,""
7388,6dude.com,""
7389,pakistaniwife.com,""
7390,stroeermb.de,""
7391,tudn.com,""
7392,rikunabi-yakuzaishi.jp,""
7393,tubemaximum.com,""
7394,hot-sex-videos.net,""
7395,amatube.tv,""
7396,coimbra-group.eu,""
7397,fap666.com,""
7398,dstillery.com,""
7399,utahbids.us,""
7400,literoticavod.com,""
7401,beegcom.pro,""
7402,cuckold69.com,""
7403,spotible.com,""
7404,australianracinggreyhound.com,""
7405,headhunter.kg,""
7406,timesinternet.in,""
7407,porndex.com,""
7408,indianporn.love,""
7409,sibautomation.com,""
7410,stroeer.de,""
7411,vids18.site,""
7412,sexwa.net,""
7413,bbwphonesluts.com,""
7414,safeanal.com,""
7415,sooriyanfm.lk,""
7416,sexbule.xxx,""
7417,lesbiansgranny.net,""
7418,pornofrog.com,""
7419,kroniqa.cz,""
7420,energy.partners,""
7421,qqt-ask.com,""
7422,affilirise.com,""
7423,jc001.cn,""
7424,kemma.hu,""
7425,hot-pussies.com,""
7426,teenpornvideo.xxx,""
7427,scoregroup.com,""
7428,xxxpornstarradio.com,""
7429,4kxxxtube.com,""
7430,jschina.com.cn,""
7431,babesrater.com,""
7432,paymenter.store,""
7433,hdssex.com,""
7434,tetasgrandes.tv,""
7435,ibctamil.com,""
7436,r-agent.com,""
7437,yun89.top,""
7438,strictlyshemales.com,""
7439,ucoz.hu,""
7440,sweetzuzanna.com,""
7441,garena.sg,""
7442,paddelberg.de,""
7443,xktube.com,""
7444,pornvideoszone.com,""
7445,almacareer.com,""
7446,6nude.com,""
7447,green-economy.jp,""
7448,x.gd,""
7449,xxxcounter.com,""
7450,mzansi-porn.com,""
7451,topsexygames.com,""
7452,clmbtech.com,""
7453,simplecast.com,""
7454,hatalike.jp,""
7455,amfiles.site,""
7456,ionos.fr,""
7457,uralesbian.com,""
7458,billionuploads.com,""
7459,5minutequickie.net,""
7460,videofilmerotique.com,""
7461,javporn.love,""
7462,cumxxxporn.com,""
7463,sexcams.fans,""
7464,gs24.pl,""
7465,adultop.com,""
7466,performax.cz,""
7467,asianamericantgirls.com,""
7468,radiofrance.fr,""
7469,sanjanakaur.in,""
7470,amabitch.com,""
7471,vivastreet.be,""
7472,suzuri.jp,""
7473,polarbyte.com,""
7474,demandingdiscipline.com,""
7475,chillizet.pl,""
7476,aedi.ai,""
7477,filmsxamateur.com,""
7478,swagxxx.com,""
7479,pornovieux.net,""
7480,baberotica.com,""
7481,allpornsites.net,""
7482,shope.ee,""
7483,ycwb.com,""
7484,toptravclass.it,""
7485,tsplaygirl.com,""
7486,oeltek.com,""
7487,gedi.it,""
7488,robotaiporn.com,""
7489,pigtailstube.com,""
7490,malepornmovies.com,""
7491,hoodamateurs.com,""
7492,teendvdtube.com,""
7493,hard-coreroughporn.com,""
7494,number1affiliates.com,""
7495,bigtitsgallery.net,""
7496,freshscat.com,""
7497,GamblingHelpLineMA.org,""
7498,porngifs.tv,""
7499,erabaru.net,""
7500,irtyc.com,""
7501,tgirljapan.com,""
7502,radyovoyage.com,""
7503,spicomi.net,""
7504,elitelove.com,""
7505,bakkou.com,""
7506,videospornoguatemala.com,""
7507,camcontacts.com,""
7508,teenrapeporn.com,""
7509,epochtimes.se,""
7510,zillowgroup.com,""
7511,overwolf.com,""
7512,videosxxx.biz,""
7513,chudaixxnx.com,""
7514,pussyhothub.com,""
7515,jetztlive.com,""
7516,gallery-dump.com,""
7517,povtrans.com,""
7518,bigcontent.io,""
7519,glamourhound.com,""
7520,elecfans.com,""
7521,babestation.com,""
7522,tracfonewirelessinc.com,""
7523,online-voice-recorder.com,""
7524,familyporn.love,""
7525,gaysexanal.com,""
7526,airslate.com,""
7527,sweet-regina.com,""
7528,oldvintagefuck.com,""
7529,pornxxxvideosfree.com,""
7530,alabamasluts.net,""
7531,arizonalesbians.net,""
7532,gratisreifefrauen.com,""
7533,bracestube.com,""
7534,transexualidols.com,""
7535,livesexcamsxxx.org,""
7536,sod.co.jp,""
7537,centraldisputesystem.com,""
7538,tia-tanaka.com,""
7539,sexcam.bar,""
7540,anymind360.com,""
7541,errotica-archives.com,""
7542,gamer.network,""
7543,amateur-pussies.com,""
7544,betsafe.pe,""
7545,readzone.cz,""
7546,tbado.com,""
7547,teen-depot.com,""
7548,bestfromxnxx.com,""
7549,santillanacompartir.com,""
7550,aolcdn.com,""
7551,filmpornovecchie.casa,""
7552,helpscoutdocs.com,""
7553,oldmaturexxxx.com,""
7554,finalsense.com,""
7555,babesandvids.com,""
7556,fbookofsex.com,""
7557,twinklounge.com,""
7558,chatchecks.com,""
7559,xxxvids.skin,""
7560,fizzy.do,""
7561,audioeye.com,""
7562,computerworld.pl,""
7563,milehighcams.com,""
7564,tynauri.net,""
7565,ottplay.com,""
7566,cozycams.com,""
7567,loasex.com,""
7568,totalping.com,""
7569,italianshemales.com,""
7570,familycuckolds.com,""
7571,flixbus.fr,""
7572,candy-ai.co.uk,""
7573,trybdsmporn.com,""
7574,ucalc.pro,""
7575,sexkahani.xyz,""
7576,gujaratisexvideo.com,""
7577,gritwire.com,""
7578,coveredincumtube.com,""
7579,only-opaques.com,""
7580,boon.hu,""
7581,cho-animedia.jp,""
7582,louishachettegroup.com,""
7583,aiporn.stream,""
7584,ru.com,""
7585,vomedia.ru,""
7586,wayfair.de,""
7587,vntsm.com,""
7588,shiba-teire.com,""
7589,freehairypusssy.com,""
7590,gaggingtube.com,""
7591,gothicsluts.com,""
7592,pornsitelabs.com,""
7593,growthbook.io,""
7594,webpshow.com,""
7595,xcar.com.cn,""
7596,schibstedforbusiness.com,""
7597,words.com,""
7598,camgirlsites.net,""
7599,porn7.xxx,""
7600,etisalat.af,""
7601,tightanalx.com,""
7602,epornovideos.com,""
7603,uecdn.es,""
7604,blogspot.am,""
7605,lesbianimation.com,""
7606,cucinare.tv,""
7607,stylestore.jp,""
7608,gov.im,""
7609,vforum.org,""
7610,sexdollplus.co.uk,""
7611,girlgaze.com,""
7612,comicskingdom.com,""
7613,ya6j.com,""
7614,bigboobsmafia.com,""
7615,oyeloca.com,""
7616,radioplus.pl,""
7617,analsexvideos.cc,""
7618,entietribunali.it,""
7619,girlfriend-nude.com,""
7620,5593931.cc,""
7621,flix.com.mx,""
7622,ezodn.com,""
7623,tubealliance.com,""
7624,meloradio.pl,""
7625,freesexvideos.tv,""
7626,sportslocalmedia.com,""
7627,atriumcursos.com.br,""
7628,tokyopornhd.com,""
7629,asianphonezone.com,""
7630,digicert.com,""
7631,sapra.ir,""
7632,espreso.co.rs,""
7633,indexvas.hu,""
7634,trafficjunky.net,""
7635,worldlovesexxxgranny.com,""
7636,gol24.pl,""
7637,anorexictube.com,""
7638,shiofuky.com,""
7639,ftporno.com,""
7640,fullstory.com,""
7641,hdxxxu.com,""
7642,westernjournal.com,""
7643,theice.com,""
7644,hotgaylist.com,""
7645,indiansexmassage.com,""
7646,flixbus.ch,""
7647,ujizz.xxx,""
7648,dirtypornworld.com,""
7649,kingbbw.com,""
7650,n1.ru,""
7651,atcom.gr,""
7652,contortionistporn.net,""
7653,cashstar.com,""
7654,myibtimes.com,""
7655,euroteenerotica.com,""
7656,altefrau.com,""
7657,baligirls.net,""
7658,gqjapan.jp,""
7659,zoig1.com,""
7660,21ks.net,""
7661,templatezy.com,""
7662,careerindia.com,""
7663,pornblogsubmitter.com,""
7664,eechina.com,""
7665,edreams.net,""
7666,nursexfilme.com,""
7667,vuukle.com,""
7668,sweetmarci.com,""
7669,porno-izmeny.com,""
7670,dpic.me,""
7671,bonprix.at,""
7672,kinotip2.cz,""
7673,deutsche-sexseiten.top,""
7674,flash.pt,""
7675,liveexoticwebcamstrippers.com,""
7676,pornworld.com,""
7677,fullhindisex.com,""
7678,fapellino.net,""
7679,24xxx.men,""
7680,deseret.com,""
7681,maxima.pt,""
7682,jwsbill.com,""
7683,flixbus.mk,""
7684,feralslut.blog,""
7685,rapeporn.xyz,""
7686,wikis.world,""
7687,ixxxzh.com,""
7688,novoporn.com,""
7689,kinkbiz.com,""
7690,endof10.org,""
7691,kangismet.net,""
7692,cambeauties.net,""
7693,ozeex.com,""
7694,widen.net,""
7695,smutstone.com,""
7696,bbwporn.love,""
7697,machotube.tv,""
7698,clima.com,""
7699,thegayteentube.com,""
7700,garena.kr,""
7701,seductiveinsights.com,""
7702,sweetlucky.com,""
7703,tubev.sex,""
7704,closuptube.com,""
7705,camjog.com,""
7706,lesbianup.com,""
7707,wondershare.kr,""
7708,podio-shoes.ru,""
7709,viedessocietes-eurolegales.com,""
7710,18fu.com,""
7711,gaytrial.com,""
7712,outster.com,""
7713,sexywomeninlingerie.com,""
7714,wowgirls.com,""
7715,ibxk.com.br,""
7716,huibo.com,""
7717,hit.ua,""
7718,lg.co.kr,""
7719,siteimproveanalytics.com,""
7720,teen-pussy-tube.com,""
7721,onlymyhealth.com,""
7722,sxgov.cn,""
7723,mutinycdn.com,""
7724,footfetishcollection.com,""
7725,pmatehunter.com,""
7726,fartingtube.com,""
7727,hotxxxteens.net,""
7728,pussypornvideos.com,""
7729,geopost.com,""
7730,japaneseasianxxx.com,""
7731,pornhuber-pornos.com,""
7732,virtualstrippers.pro,""
7733,pornandxxx.com,""
7734,edreams.co.kr,""
7735,williamhillgroup.com,""
7736,blogspot.dk,""
7737,warnermediacdn.com,""
7738,hud.gov,""
7739,voyeurpapa.com,""
7740,caoyuanrenjia.com,""
7741,privatetgirls.com,""
7742,plporno.com,""
7743,asianstubex.com,""
7744,camstreams.tv,""
7745,shatteredsilicon.net,""
7746,epochtimes.it,""
7747,hujis.org,""
7748,xrope.com,""
7749,cloudevo.ai,""
7750,alabamatransexuals.com,""
7751,reviews.io,""
7752,omexxx.com,""
7753,persiansafar.net,""
7754,arizonamilfs.com,""
7755,pornorent.me,""
7756,pander.pro,""
7757,asldating1.com,""
7758,anardoni.com,""
7759,sextoysex.com,""
7760,faq.porn,""
7761,hokench.com,""
7762,eroticasians.com,""
7763,t2dvd.com,""
7764,fresta-memories.com,""
7765,livepartners.com,""
7766,kuaidou3.top,""
7767,onindiansex.com,""
7768,win7china.com,""
7769,pornojenny.com,""
7770,naughty-camgirls.com,""
7771,usablenet.com,""
7772,sweet-vicky.com,""
7773,accelerate360.com,""
7774,haon.hu,""
7775,love-donetsk.ru,""
7776,cdn-national-lottery.co.uk,""
7777,lucahtudung.com,""
7778,scat.gold,""
7779,tmwnews.it,""
7780,adultepic.com,""
7781,eritonetwork.com,""
7782,livesexcams.cc,""
7783,dineoncampus.com,""
7784,bendingspoons.com,""
7785,netvideogirls.com,""
7786,nudefiles.net,""
7787,spyfam.com,""
7788,globalpeople.com.cn,""
7789,gannettcontests.com,""
7790,ebony8.com,""
7791,theporndude.eu,""
7792,fenoxo.com,""
7793,h-cdn.com,""
7794,hotmovies.me,""
7795,sexypornxxxvideo.com,""
7796,pornrusskoe.ru,""
7797,edreams.com.tr,""
7798,scoreclassics.com,""
7799,pryvqhfr.cc,""
7800,ztupic.com,""
7801,rimjob.eu,""
7802,imeighteentoday.com,""
7803,int.tf,""
7804,alt-sex.net,""
7805,babeasiantube.com,""
7806,thespankingpages.com,""
7807,videosxxxmaduras.com,""
7808,playforceone.com,""
7809,recu.me,""
7810,bienpublic.com,""
7811,nomooo.jp,""
7812,asthub.com,""
7813,nude-tgirls.com,""
7814,dotomi.com,""
7815,sexcamscafe.com,""
7816,telefonsexcam.online,""
7817,fikfap.com,""
7818,ami-admin.com,""
7819,clasroomtube.com,""
7820,erotic-hentai.com,""
7821,virtualrealtrans.com,""
7822,mhradio.org,""
7823,asiaamuse.com,""
7824,goldponline.com,""
7825,fictionmania.tv,""
7826,callesco.com,""
7827,j-money.jp,""
7828,marieclaire.hu,""
7829,nzn.io,""
7830,ebra-medias.fr,""
7831,alaskacougars.com,""
7832,porn18.xxx,""
7833,stunners.com,""
7834,urlporn.com,""
7835,pornpictureshq.com,""
7836,maturegoldenladies.com,""
7837,linkfame.com,""
7838,gitbook.io,""
7839,kanojotoys.com,""
7840,iwantporn.net,""
7841,hyperlinkomatic.com,""
7842,rapeporn.me,""
7843,teensforall.com,""
7844,adult-bank.jp,""
7845,isnaini.com,""
7846,notecnt.com,""
7847,reelsmunkey.com,""
7848,sluttyasiantube.com,""
7849,freesylviasaint.com,""
7850,smutclinic.com,""
7851,adultsexblogs.com,""
7852,sheflix.com,""
7853,flirt.com,""
7854,e-nenpi.com,""
7855,dditscdn.com,""
7856,freshfattube.com,""
7857,onlysilkandsatin.com,""
7858,moreadultvideos.com,""
7859,adnradio.cl,""
7860,iabsverige.se,""
7861,porn.ventures,""
7862,superpornofoto.com,""
7863,bloggertheme9.com,""
7864,girlsonlyporn.com,""
7865,digitalio.jp,""
7866,bazis.ru,""
7867,bigtitsporn.xxx,""
7868,mangazoneapp.com,""
7869,hotlegsporn.com,""
7870,cquotient.com,""
7871,shoplocator.williamhill,""
7872,nowosci.com.pl,""
7873,li.ru,""
7874,ivr.xxx,""
7875,nool.hu,""
7876,lnd.com.cn,""
7877,sda1.dev,""
7878,internetmodeling.com,""
7879,physicaltips.org,""
7880,lesbianpservice.com,""
7881,ebonybeautiful.com,""
7882,cdnclouder.com,""
7883,pornlive.fun,""
7884,pornok.org,""
7885,de04trckingmic.com,""
7886,hotpornvideos.pro,""
7887,lesbianmagic.com,""
7888,donneporno.org,""
7889,vintagepreality.com,""
7890,rahatupu.net,""
7891,myasianmassage.com,""
7892,gayporn.name,""
7893,goadopt.io,""
7894,lechepussy.com,""
7895,e-disclosure.ru,""
7896,nation.africa,""
7897,xxxspacegirls.net,""
7898,pornteen123.com,""
7899,ionos.it,""
7900,mon-ja.net,""
7901,waskucity.com,""
7902,indianpspace.com,""
7903,fatpussysluts.com,""
7904,rejoy.hu,""
7905,wierdjapan.com,""
7906,hyperdreams.com,""
7907,yobt.com,""
7908,buffalopartners.com,""
7909,bgsex.info,""
7910,vintagepornhome.com,""
7911,freshpornhouse.com,""
7912,carmenbanks.com,""
7913,scissoringtube.com,""
7914,slutgate.com,""
7915,cuteporn.media,""
7916,freeporn.ooo,""
7917,sbcmadrid.com,""
7918,insidewasteland.com,""
7919,sexychubbyporn.com,""
7920,onlydudes.com,""
7921,supergroup.com,""
7922,data.gouv.fr,""
7923,anyfoxy.com,""
7924,minnesotabids.us,""
7925,servicedesk.nic.in,""
7926,povav.com,""
7927,wondershare.fr,""
7928,guruofporn.com,""
7929,r2.dev,""
7930,madville.com,""
7931,loom-app.com,""
7932,betsson.gr,""
7933,github.blog,""
7934,alaskapussy.net,""
7935,lesbea.com,""
7936,latinpayperview.com,""
7937,drpornsite.com,""
7938,favoriteptv.com,""
7939,bigclittube.com,""
7940,penispictures.com,""
7941,pevlonthlvrybhsarendrexil.com,""
7942,ulmf.org,""
7943,novo-sibirsk.ru,""
7944,afgis.de,""
7945,pornpin.com,""
7946,creampieinasia.com,""
7947,xxxmovies.world,""
7948,kissingshemales.com,""
7949,yazhouse8.com,""
7950,lustylist.com,""
7951,realfamilyporn.com,""
7952,autobacklinks.biz,""
7953,6sc.co,""
7954,mstdn.social,""
7955,phb123.com,""
7956,healingheartpassages.com,""
7957,wegcash.com,""
7958,milfpornostars.com,""
7959,clubelitechat.com,""
7960,daddygetslucky.com,""
7961,dwango.co.jp,""
7962,pornoplanetxxx.com,""
7963,babevr.com,""
7964,sexlifelocal.com,""
7965,icegay.tv,""
7966,cinemacafe.net,""
7967,blogspot.si,""
7968,pornosusi.com,""
7969,hottytube.com,""
7970,iranmojo.com,""
7971,videosexlive.net,""
7972,03477043.com,""
7973,eskarock.pl,""
7974,pubhtml5.com,""
7975,hoken-teacher.jp,""
7976,ionos-group.com,""
7977,springbreakspycam.com,""
7978,camsex-telefon.com,""
7979,trwl1.com,""
7980,maturewildwomen.com,""
7981,mhthemes.com,""
7982,alabamabikers.net,""
7983,getsex.xxx,""
7984,bdsmvidtube.com,""
7985,ohnamama.bg,""
7986,hsoubcdn.com,""
7987,francetelevisions.fr,""
7988,visakhapatnamescorts.com,""
7989,madepics.org,""
7990,amateure-xtreme.com,""
7991,freesexcams.name,""
7992,forcedporn.club,""
7993,betwayarabia1.com,""
7994,trustedmediabrands.com,""
7995,shareaholic.net,""
7996,teendreams.com,""
7997,yolomediagroup.com,""
7998,analfingeringtube.com,""
7999,tugpass.com,""
8000,ashemaletuge.com,""
8001,livesexfans.org,""
8002,nsfwgifs.net,""
8003,revsharecash.com,""
8004,pornblade.com,""
8005,360che.com,""
8006,ingatlanbazar.hu,""
8007,digitaldesire.com,""
8008,4greedy.com,""
8009,tdsystem.ru,""
8010,redhottvts.com,""
8011,zhengjian.org,""
8012,alabamatranny.com,""
8013,39yst.com,""
8014,voglioporno.gratis,""
8015,fuckingsexyporn.com,""
8016,chubbyptv.com,""
8017,lovehoney.com,""
8018,californiatransexuals.net,""
8019,toestube.com,""
8020,pchouse.com.cn,""
8021,fanza.co.jp,""
8022,tezfiles.com,""
8023,lesben-pornovideos.com,""
8024,voyeurparents.com,""
8025,iplsc.com,""
8026,hentaibabes.net,""
8027,discuz.vip,""
8028,thehealthy.com,""
8029,aiporn.party,""
8030,subtitulado.cyou,""
8031,jiatingseqing.com,""
8032,globalbdsm.com,""
8033,lesbianlov.com,""
8034,hotbbwgalleries.com,""
8035,centralmediacsoport.hu,""
8036,ibaotu.com,""
8037,betway.mx,""
8038,japteenx.com,""
8039,trip.com,""
8040,freelivesexcams.me,""
8041,intescort.com,""
8042,100.com.tw,""
8043,alaskasluts.com,""
8044,hdporn.love,""
8045,give.org,""
8046,stpd.cloud,""
8047,ahmovs.com,""
8048,premicloud.net,""
8049,sexwebsuche.net,""
8050,probbwporn.com,""
8051,myporngay.com,""
8052,dicebreaker.com,""
8053,ebonyporn.ooo,""
8054,16888.com,""
8055,18plusbegin.com,""
8056,ucoz.es,""
8057,rocketcdn.me,""
8058,blackpornsite.org,""
8059,sekasividiyo.net,""
8060,a2z.com,""
8061,vixenbrand.com,""
8062,epornfilms.com,""
8063,dianapost.com,""
8064,bestshemaleporntube.com,""
8065,alabamacougars.net,""
8066,manabinavi.net,""
8067,ladyboysfuckedbareback.com,""
8068,epochtimestr.com,""
8069,fullnelsontube.com,""
8070,sexcam-sexchat123.com,""
8071,vivastreet.co.in,""
8072,hotasiangallery.com,""
8073,grungejohn.com,""
8074,videosxxxgratis.org,""
8075,unijapan.org,""
8076,hot-board.net,""
8077,ucoz.ae,""
8078,premiumpornsearch.com,""
8079,freeasiahotsex.com,""
8080,luvy.ai,""
8081,sweetorientaldolls.com,""
8082,theporntoplist.com,""
8083,nullphpscript.com,""
8084,ipokabu.net,""
8085,publichandjobs.com,""
8086,flixbus.ro,""
8087,leovegasaffiliates.com,""
8088,peliculascompletas.cyou,""
8089,pics-x.com,""
8090,pukingtube.com,""
8091,escortsliaison.com,""
8092,filmsexfrancais.com,""
8093,edreams.com.ar,""
8094,hf9fp3.cc,""
8095,gayboys18tube.com,""
8096,sitetrail.com,""
8097,blogspot.md,""
8098,livesexcams9.cc,""
8099,bloggertemplateplace.com,""
8100,pcdn.co,""
8101,videobezkoshtovno.com,""
8102,legendaffiliates.com,""
8103,sekasi.org,""
8104,ebonytube.tv,""
8105,indianpornsites.net,""
8106,dev.to,""
8107,webcamsdot.com,""
8108,bestpornstars.xxx,""
8109,ussearch.com,""
8110,livesexcams.name,""
8111,kiandigital.com,""
8112,cosplaysexvideos.com,""
8113,hardcorefuck.me,""
8114,danskporno.info,""
8115,sexdansk.com,""
8116,nudevintage.com,""
8117,sundaytimes.lk,""
8118,bigtitstube.xxx,""
8119,pornjke.com,""
8120,livedoor.co.jp,""
8121,r-staffing.co.jp,""
8122,cuckhunter.com,""
8123,paid-to-promote.net,""
8124,amateurbangers.com,""
8125,aeplcdn.com,""
8126,costory.jp,""
8127,nastyasiansluts.com,""
8128,pornocaseiro.cyou,""
8129,culonas.tv,""
8130,docoic.com,""
8131,younggayporn.org,""
8132,xxlook24.com,""
8133,flixbus.ua,""
8134,livecamsites.me,""
8135,heapanalytics.com,""
8136,thedicksuckers.com,""
8137,camsites.me,""
8138,robotstart.info,""
8139,wifeloversmix.com,""
8140,eunsetee.com,""
8141,porrno.info,""
8142,ibctamilnadu.com,""
8143,bigbootyxxx.net,""
8144,videosdemadura.com,""
8145,recruit-dc.co.jp,""
8146,japaneseporn.love,""
8147,usuarios-online.com,""
8148,webcamgirls.watch,""
8149,commonsense.org,""
8150,sweetdenisa.com,""
8151,ballsondolls.com,""
8152,4freestories.com,""
8153,nsfw.menu,""
8154,lustyshemales.com,""
8155,hustlerhollywood.com,""
8156,nexstar.tv,""
8157,africanlesbians.com,""
8158,feol.hu,""
8159,bestasianpics.com,""
8160,wired.cz,""
8161,flixbus.se,""
8162,omgsexvideos.com,""
8163,forextester.biz,""
8164,hentaihere.com,""
8165,porninspector.com,""
8166,vidverto.io,""
8167,prostasex.cc,""
8168,homekoo.com,""
8169,expressilustrowany.pl,""
8170,nxnews.net,""
8171,pornotube69.com,""
8172,pornforw.com,""
8173,hellotux.com,""
8174,erophotos.org,""
8175,adulto.vip,""
8176,videosxxxdeveteranas.com,""
8177,x-tube.pro,""
8178,court.gov.cn,""
8179,uaporn.net,""
8180,clintoncards.co.uk,""
8181,abebooks.fr,""
8182,asiabroadcasting.lk,""
8183,sarmady.net,""
8184,d-style.biz,""
8185,celebrityporn1.com,""
8186,kabusyo.com,""
8187,nsfw.la,""
8188,literoti.com,""
8189,danskesex.net,""
8190,insider.com,""
8191,xanga.com,""
8192,wwf.ru,""
8193,2chmatomeru.info,""
8194,rimming.club,""
8195,pornication.com,""
8196,wildpornx.com,""
8197,livesexchat.us,""
8198,sexshow.media,""
8199,dga.gov.sa,""
8200,wradio.com.mx,""
8201,pornleech.ch,""
8202,pornq.com,""
8203,oldsexwomen.net,""
8204,flixbus.bg,""
8205,tetas.cc,""
8206,mature-beauties.com,""
8207,bonprix.nl,""
8208,tildacdn.com,""
8209,incestvidz.com,""
8210,avstockings.com,""
8211,lalajuhe.com,""
8212,fastcmp.com,""
8213,cioffindia.org,""
8214,ukrporno.com,""
8215,hairyhdvideos.com,""
8216,c4slive.com,""
8217,g6c.net,""
8218,arizonamistress.com,""
8219,prondot.com,""
8220,prestige-av.com,""
8221,primgorod.ru,""
8222,urchat.info,""
8223,gotitsporn.com,""
8224,pornofilme.best,""
8225,flipboard.social,""
8226,magic.ly,""
8227,litimgs.com,""
8228,xhamsterlive.io,""
8229,nudecelebrities.top,""
8230,sootoo.com,""
8231,heureporno.com,""
8232,sexcityguide.com,""
8233,pornmilfvideos.com,""
8234,jacquieetmichel.net,""
8235,ifl-porn.com,""
8236,gansudaily.com.cn,""
8237,arkansasbikers.net,""
8238,bachehayeaseman.org,""
8239,kargo.com,""
8240,ladyboybookmarks.com,""
8241,beijing.gov.cn,""
8242,flixbus.com.tr,""
8243,alphaxcdn.com,""
8244,xxxblogpost.com,""
8245,audible.it,""
8246,hdhole.com,""
8247,wildskymedia.com,""
8248,xxx-3d.com,""
8249,ufabet-vip.com,""
8250,cum-desi.com,""
8251,bbwsex.name,""
8252,turkic.world,""
8253,azernews.az,""
8254,tuba.pl,""
8255,fgirl.ch,""
8256,francemarches.com,""
8257,chinese-xxx.com,""
8258,staticstack.net,""
8259,flixbus.sk,""
8260,8891.com.tw,""
8261,porncold.com,""
8262,vogue.me,""
8263,thebarchive.com,""
8264,gk24.pl,""
8265,telugu.icu,""
8266,shemalerehab.com,""
8267,roughbbc.com,""
8268,smutdiary.com,""
8269,blogspot.co.nz,""
8270,teploset.org,""
8271,fotospeludas.com,""
8272,prosolutionpills.com,""
8273,sexesex.com,""
8274,cuckoldporn.tv,""
8275,hairlesstube.com,""
8276,egotastic.com,""
8277,xwuuunxa.xyz,""
8278,modelarea.com,""
8279,hotsexstoriespictures.com,""
8280,i.pl,""
8281,level9.cz,""
8282,hlidacipes.org,""
8283,dailyfootporn.com,""
8284,xxxxnxx.pro,""
8285,epochtimes.com.ua,""
8286,bitrix24.team,""
8287,j-a-net.jp,""
8288,changyou.com,""
8289,cctv.cn,""
8290,ntvradyo.com.tr,""
8291,18magazine.com,""
8292,bb-bb.ru,""
8293,besthardcoremovies.com,""
8294,wondershare.de,""
8295,mature-videos.com,""
8296,bpornhq.com,""
8297,gayvsex.com,""
8298,xbookcn.net,""
8299,geilepflaume.com,""
8300,kyrvrybhsovashordoblarmek.com,""
8301,xxxlucah.org,""
8302,hdgrandmaxnxx.com,""
8303,bbwhunter.com,""
8304,sexdollplus.com.au,""
8305,elitemate.com,""
8306,1877cutebbw.com,""
8307,twpornstars.com,""
8308,pezeshk24.com,""
8309,laowang.vip,""
8310,sexysites.info,""
8311,shufflesex.com,""
8312,wtfpass.com,""
8313,veol.hu,""
8314,nva.org.uk,""
8315,link.cam,""
8316,myusaporn.com,""
8317,littlemissbrat.com,""
8318,bama.hu,""
8319,lwadm.com,""
8320,hardteentube.com,""
8321,figma.com,""
8322,xxxmsbhavin.com,""
8323,bolasport.com,""
8324,nikogem.com,""
8325,shtaoke.com,""
8326,koloporno.com,""
8327,greekporno.info,""
8328,sweetheartvideo.com,""
8329,endlesssex.fun,""
8330,v1.ru,""
8331,meetsuckandfuck.com,""
8332,sweettiffany.net,""
8333,winterporno.com,""
8334,parshipmeet.com,""
8335,hqboobs.com,""
8336,kingsextube.com,""
8337,shingaku-soudan.com,""
8338,netsecurity.ne.jp,""
8339,webwidesex.com,""
8340,videopornonacional.com,""
8341,tamilsexpadam.com,""
8342,gp24.pl,""
8343,strefaagro.pl,""
8344,gilfxtube.com,""
8345,igamingserver.com,""
8346,bubbaporn.com,""
8347,maduras.monster,""
8348,pn.vg,""
8349,reddithelp.com,""
8350,deluxetemplates.net,""
8351,cybersex.co,""
8352,maturehqxxx.com,""
8353,arizonatransvestites.com,""
8354,indapool.com,""
8355,jppol.dk,""
8356,gloswielkopolski.pl,""
8357,sportal365images.com,""
8358,wobmkgm.xyz,""
8359,tsfap.com,""
8360,gazetakrakowska.pl,""
8361,for-me-on-sale.biz,""
8362,bigbagmanagement.com,""
8363,livesexcams.fans,""
8364,9to5toys.com,""
8365,bworldporn.com,""
8366,numberfire.com,""
8367,hotchubbyporn.com,""
8368,opencritic.com,""
8369,studysapuri.jp,""
8370,bigasia.ru,""
8371,d4t4.io,""
8372,menjackingoff.org,""
8373,chinatibetnews.com,""
8374,shenudes.com,""
8375,ohotniki.ru,""
8376,chartiran.com,""
8377,bloggertut.com,""
8378,hentaiworld.tv,""
8379,nangiphotos.com,""
8380,sexcam.cafe,""
8381,furl.net,""
8382,fullhdxxx.me,""
8383,cjwrightxxxlips.com,""
8384,xxxpornmovies.net,""
8385,ucloud150.xyz,""
8386,arkansasbdsm.com,""
8387,pornoculonas.cc,""
8388,beyond.com,""
8389,xxxcom.one,""
8390,pinterest.com.au,""
8391,bbbprograms.org,""
8392,othershemaleporn.com,""
8393,vogue.cz,""
8394,brutalporn.tv,""
8395,amateurecommunity.net,""
8396,boobsfat.com,""
8397,lotodealer.ru,""
8398,sayuncle.com,""
8399,freelivep.com,""
8400,maturemomporno.com,""
8401,webcampornoxxx.net,""
8402,planetsluts.com,""
8403,flip.ro,""
8404,bi-sexualbabes.com,""
8405,clicsex.com,""
8406,asmrstripped.com,""
8407,newcocksformywife.com,""
8408,domashneporno.com,""
8409,assanalized.com,""
8410,arkansasbooty.com,""
8411,evolutionadv.it,""
8412,poradyplus.pl,""
8413,jualalatdrumband.com,""
8414,xporn.gay,""
8415,fuckteen.xxx,""
8416,uoledtech.com.br,""
8417,noodlesporn.com,""
8418,pornvidx.com,""
8419,edreams.cz,""
8420,royalnahal.com,""
8421,pomorska.pl,""
8422,ukraine.ua,""
8423,synottip.com,""
8424,spinemedia.com,""
8425,black-tgirls.com,""
8426,sodapdf.com,""
8427,bildirt.com,""
8428,sekasi.net,""
8429,youfap.mom,""
8430,xnxxfamily.com,""
8431,hypersmash.com,""
8432,brazzerspornvideos.com,""
8433,xxxbullet.com,""
8434,ds.tl,""
8435,homemadeporn.love,""
8436,adultfantasypark.com,""
8437,tabdeal.org,""
8438,visakhapatnamescort.com,""
8439,hzcdn.io,""
8440,cjn.cn,""
8441,pornvideosfreexxx.com,""
8442,hotxnxx.tube,""
8443,vogue.com.cn,""
8444,kannadasexyvideos.com,""
8445,gladcam.com,""
8446,shitaraba.co.jp,""
8447,hishop.com.cn,""
8448,flixbus.hu,""
8449,cartoonporno.xxx,""
8450,desisexscandals.net,""
8451,ratite.com,""
8452,redcodewebservices.com,""
8453,pornsiteplace.com,""
8454,xobile.com,""
8455,gloryholeswallow.com,""
8456,sexoagora.net,""
8457,trannyplanet.com,""
8458,loan4k.com,""
8459,ladbiblegroup.com,""
8460,gamebusiness.jp,""
8461,insidefemdom.com,""
8462,69story.com,""
8463,nudecams.name,""
8464,amsi.or.id,""
8465,kurierlubelski.pl,""
8466,vteximg.com.br,""
8467,highdefinitiontube.com,""
8468,itslive.com,""
8469,fthemes.com,""
8470,arkansasmilfs.com,""
8471,heroaffiliates.com,""
8472,ferame.com,""
8473,edreams.com.au,""
8474,trustyfine.com,""
8475,grindr.com,""
8476,glamoursmokers.com,""
8477,indianptv.com,""
8478,ct-stc.com,""
8479,sweetirena.com,""
8480,qhimg.com,""
8481,videosxgratuite.org,""
8482,RG-help.com,""
8483,pornfidelity.com,""
8484,nextgenporn-store.net,""
8485,thisvid.io,""
8486,pornoa.org,""
8487,eurobabeindex.com,""
8488,anpara.com,""
8489,arkansassluts.com,""
8490,pornstarnetwork.com,""
8491,stepmomhdporn.com,""
8492,dangjian.cn,""
8493,dirtylivesex.net,""
8494,clearbit.com,""
8495,zipansion.com,""
8496,brpporn.com,""
8497,alaskatranny.com,""
8498,asianporn.bar,""
8499,vintageptv.com,""
8500,bowlatstrike.com,""
8501,viva-images.com,""
8502,angelptube.com,""
8503,vibefm.pl,""
8504,sessoanalevideo.com,""
8505,myfavicon.com,""
8506,tram-pararam.com,""
8507,arizonabdsm.net,""
8508,deviantclip.com,""
8509,arizonasluts.net,""
8510,credly.com,""
8511,tvg.com,""
8512,momslickteens.com,""
8513,anshinkuruma.jp,""
8514,alabamamilfs.com,""
8515,zweiporn.com,""
8516,youradchoices.ca,""
8517,omeda.com,""
8518,santillana.com,""
8519,imtest.de,""
8520,nakedsword.com,""
8521,hairymaturemovies.com,""
8522,pornstars.today,""
8523,nlc.hu,""
8524,branc.jp,""
8525,heol.hu,""
8526,xxxforfree.info,""
8527,allhotcams.com,""
8528,nothingtoxic.com,""
8529,twitch.com,""
8530,williamhill.eu,""
8531,orsm.net,""
8532,shenookie.com,""
8533,fantasyvintage.com,""
8534,eroxia.com,""
8535,porn-discounts.com,""
8536,fotor.com.cn,""
8537,storiesx.com,""
8538,softorgasms.com,""
8539,alaskalesbians.net,""
8540,kintoreclub.jp,""
8541,flixbus.lt,""
8542,hubtraffic.com,""
8543,templateclue.com,""
8544,pickinguppussy.com,""
8545,flix.careers,""
8546,shdfree.com,""
8547,hornywhores.net,""
8548,bitchesgirls.com,""
8549,grubstreet.com,""
8550,evolv.ai,""
8551,wolfgangs.com,""
8552,my399.com,""
8553,adobedc.net,""
8554,videosxxxgratuit.net,""
8555,wifesexmovie.com,""
8556,ladyboyfreeporn.com,""
8557,isize.com,""
8558,nakedgfs.com,""
8559,tgirlfans.com,""
8560,ifcert.cn,""
8561,livecamsex.show,""
8562,lockposht.com,""
8563,hairyblackpussy.org,""
8564,deepswap.ai,""
8565,stripskunk.com,""
8566,hh1.az,""
8567,naked.com,""
8568,top100sexgames.com,""
8569,xxxbanla.com,""
8570,anotherbabe.com,""
8571,sextingfinder.com,""
8572,ucoz.com.br,""
8573,crimestoppers-uk.org,""
8574,propornfree.com,""
8575,alipayobjects.com,""
8576,video-converter.com,""
8577,18asianpussy.com,""
8578,hardcoreporn.tv,""
8579,televisaunivision.com,""
8580,headhunter.ge,""
8581,asianmatchmate.com,""
8582,nto.pl,""
8583,404media.co,""
8584,fisglobal.com,""
8585,edreams.pt,""
8586,connectthewatts.com,""
8587,wondershare.com.br,""
8588,adxpansion.com,""
8589,paysafe.com,""
8590,ionos.es,""
8591,falconstudios.com,""
8592,scspvp.com,""
8593,pornoxxx.mobi,""
8594,elfxxx.net,""
8595,cumpornhub.com,""
8596,sportmanija.mk,""
8597,getcheex.com,""
8598,lupaland.com,""
8599,teol.hu,""
8600,techno-edge.net,""
8601,amateursex-community.net,""
8602,bookofp.com,""
8603,xmoviesland.com,""
8604,24xxx.me,""
8605,kralmuzik.com.tr,""
8606,epochtimes.jp,""
8607,freshworks.com,""
8608,mt.ru,""
8609,zhoushan.cn,""
8610,awswaf.com,""
8611,videossexogratis.net,""
8612,pgslot36.com,""
8613,uvnimg.com,""
8614,realdoll.com,""
8615,faperoni.com,""
8616,toulouse.fr,""
8617,hqew.com,""
8618,bestkebabz.com,""
8619,beol.hu,""
8620,kalporn.com,""
8621,teenphonesex.com,""
8622,joannaangelbucks.com,""
8623,tk-elko.ru,""
8624,vaol.hu,""
8625,flixbus.ee,""
8626,hotweirdporn.com,""
8627,lesbiansexnation.com,""
8628,pornbondagegalleries.com,""
8629,vgwort.de,""
8630,fromindian.com,""
8631,mangahome.com,""
8632,roundup-gamers.jp,""
8633,thepornbin.com,""
8634,flarephd.com,""
8635,androidadult.com,""
8636,south-indian-sex.com,""
8637,bonprix.cz,""
8638,tasker.com.tw,""
8639,asiansexclub.com,""
8640,shingakunet.com,""
8641,thespacestation.co.za,""
8642,fairasian.com,""
8643,computerwoche.de,""
8644,netinfocompany.bg,""
8645,qubit.com,""
8646,arkansascrossdressing.com,""
8647,rabbtrk.com,""
8648,pornoatom.org,""
8649,bigboss.video,""
8650,hornychat.net,""
8651,wanitadewasa.net,""
8652,wavesidelive.com,""
8653,regulations.gov,""
8654,saadatrent.com,""
8655,celebcafe.net,""
8656,chatzy.com,""
8657,candyschoolgirls.com,""
8658,101hotguys.com,""
8659,videoboytube.com,""
8660,vogue.co.uk,""
8661,domashneeporno.org,""
8662,hot-sex-videos.com,""
8663,erocurves.com,""
8664,emag.android,""
8665,sexfilmgratiskijken.com,""
8666,shecockorgy.com,""
8667,edreams.gr,""
8668,african-porn.info,""
8669,filmporno.it,""
8670,yitservice.ru,""
8671,eroticsunshine.com,""
8672,porn-vr.asia,""
8673,adultchat.cc,""
8674,yelpcdn.com,""
8675,desiporn.site,""
8676,onlyfinder.com,""
8677,tophindisexyvideo.com,""
8678,betway.es,""
8679,rubberhotties.com,""
8680,123-counters.com,""
8681,6bangs.com,""
8682,aquashrimps.ru,""
8683,tmgrup.com.tr,""
8684,tokyomo.net,""
8685,ostkcdn.com,""
8686,lygymdy000.com,""
8687,culonasxxx.cc,""
8688,onelinesexaddict.org,""
8689,bollywoodsexvideos.org,""
8690,theporno1.com,""
8691,onejapanese.com,""
8692,mychannels.video,""
8693,pornovater.com,""
8694,joiparadise.com,""
8695,b2.is,""
8696,sexbule.com,""
8697,sinpartner.com,""
8698,bareshemale.com,""
8699,desi-sex-movies.com,""
8700,pornteque.com,""
8701,heyepiphora.com,""
8702,videolucahmelayu.net,""
8703,gdalabel.org.uk,""
8704,sexstorieserotic.com,""
8705,chubbyporn.ooo,""
8706,gold10.ru,""
8707,aixcdn.com,""
8708,extremebondagepictures.com,""
8709,goodvibes.com,""
8710,bpornplanet.com,""
8711,claropr.com,""
8712,madcheddar.com,""
8713,templatemo.com,""
8714,getscorecash.com,""
8715,milftrip.com,""
8716,realincestvideos.org,""
8717,wildteens.com,""
8718,16honeys.com,""
8719,hot-teens.com,""
8720,ionos.mx,""
8721,btemplates.com,""
8722,xvirtual.com,""
8723,trahkino.me,""
8724,unoi.com,""
8725,veikkausgroup.com,""
8726,audio-joiner.com,""
8727,tel-rose.com,""
8728,welcomekit.co,""
8729,xxxcore.tv,""
8730,alphafreecams.com,""
8731,pornoaffe.com,""
8732,worldtitsp.com,""
8733,milfpornstars.net,""
8734,mutterfickt.com,""
8735,bitch-show.com,""
8736,nairobihot.com,""
8737,kaplog.com,""
8738,campaign-archive.com,""
8739,epochtimes.sk,""
8740,tube1.com,""
8741,ai-porn.bond,""
8742,newarabporn.com,""
8743,bidr.io,""
8744,comicspornvideos.com,""
8745,beeghindi.pro,""
8746,RTALabel.org,""
8747,babeland.com,""
8748,gismeteo.st,""
8749,xlovecash.com,""
8750,femdom-tube.com,""
8751,foodbible.com,""
8752,1tubehd.com,""
8753,aiporn.men,""
8754,cmnftube.com,""
8755,szoljon.hu,""
8756,com.de,""
8757,betwaygroup.com,""
8758,sitedossier.com,""
8759,porevohd.com,""
8760,edreams.travel,""
8761,flixbus.ie,""
8762,glassdoor.com.br,""
8763,epochtimes.pl,""
8764,htmlhelp.com,""
8765,cbsinteractive.com,""
8766,netfapx.com,""
8767,musclegirldirectory.com,""
8768,everesttech.net,""
8769,epornomovies.com,""
8770,eurostartv.com.tr,""
8771,jtopia.co.jp,""
8772,tsvirtuallovers.com,""
8773,goldfm.lk,""
8774,flixbus.cl,""
8775,zaya.link,""
8776,iranianpornmovie.com,""
8777,livesex.run,""
8778,520xnxx.com,""
8779,videosgratispornolatino.com,""
8780,edit.co.jp,""
8781,manhwahentai.me,""
8782,gays-live.com,""
8783,jakartaescorts.info,""
8784,teengaysvideo.com,""
8785,loqueleo.com,""
8786,pornhd.cc,""
8787,topgear.es,""
8788,spunkyangels.com,""
8789,yelp.android,""
8790,pariteni.bg,""
8791,affect3dnetwork.com,""
8792,playtoys.jp,""
8793,seksfilmsgratis.top,""
8794,marriage-consultant.jp,""
8795,gb.com,""
8796,gettranny.com,""
8797,ai-porn.me,""
8798,pussy.org,""
8799,extremeroughporn.org,""
8800,epochstats.com,""
8801,bigpoint.net,""
8802,fsa.go.jp,""
8803,newsandmedia.sk,""
8804,abellalist.com,""
8805,logi.com,""
8806,bestgaysites.com,""
8807,30min.jp,""
8808,cremz.com,""
8809,manojob.com,""
8810,porndudecasting.com,""
8811,chat2gether.com,""
8812,gochubbygirls.com,""
8813,linkby.com,""
8814,livesex.surf,""
8815,mom.com,""
8816,ireceptar.cz,""
8817,shemalesclub.com,""
8818,arizonatranny.com,""
8819,trckaffgn.com,""
8820,porntaboo.tv,""
8821,gamingadult.com,""
8822,sytt520.shop,""
8823,freeporn.cab,""
8824,sexnhatbankhongche.com,""
8825,imageflea.com,""
8826,taboothepornmovie.com,""
8827,shemalecandi.com,""
8828,hogtiedtube.com,""
8829,pushwoosh.com,""
8830,horsebetting.com.au,""
8831,shopperapproved.com,""
8832,madurasvideos.top,""
8833,hotbbwgallery.com,""
8834,freebondagetorture.com,""
8835,moengage.com,""
8836,reddit.tube,""
8837,ohsexotube.com,""
8838,f1jouhou2.com,""
8839,tomoviee.ai,""
8840,ocn.com.cn,""
8841,secretgfs.au,""
8842,ftvmilfs.com,""
8843,dziennikbaltycki.pl,""
8844,tyla.com,""
8845,lesbiananalsluts.com,""
8846,ocreampies.com,""
8847,voyeurhouse.com,""
8848,weknowporn.com,""
8849,flixbus.pt,""
8850,germanthreesome.com,""
8851,bts.gov,""
8852,vogue.ua,""
8853,progress.com,""
8854,teens4all.com,""
8855,myxxvideoslive.com,""
8856,indianpreality.com,""
8857,flexiblesex.net,""
8858,onlyteens.porn,""
8859,buyaccs.com,""
8860,monohost.com,""
8861,houseofblues.com,""
8862,chinesenakedporn.com,""
8863,porn-star.com,""
8864,pornforwomen.co.uk,""
8865,huke88.com,""
8866,garena.ph,""
8867,glamourfilms.com,""
8868,stronakuchni.pl,""
8869,schoolgirl-uniform.com,""
8870,firebase.com,""
8871,blogspot.nl,""
8872,lashworld.ru,""
8873,japanesematures.com,""
8874,clothedtube.com,""
8875,deutschepornos.icu,""
8876,indianporn.ooo,""
8877,analfuckvideo.com,""
8878,pornx.co,""
8879,hardbdsmpics.com,""
8880,alaskamistress.com,""
8881,forcedporn.tv,""
8882,xtube6.com,""
8883,pornophotowomans.com,""
8884,hindiporn.tv,""
8885,mycar-life.com,""
8886,controlc.com,""
8887,bonprix.no,""
8888,contortion.net,""
8889,armporno.cc,""
8890,videospornosexe.com,""
8891,anal-angels.com,""
8892,v4ip.cyou,""
8893,sexfortokens.com,""
8894,shemaleone.com,""
8895,pascalssubsluts.com,""
8896,amateurxmovs.com,""
8897,githubstatus.com,""
8898,kika.de,""
8899,realpornclips.com,""
8900,illinoisbids.us,""
8901,myracequeens.com,""
8902,glamourtryouts.com,""
8903,littletitsite.com,""
8904,a1.ro,""
8905,hoteljorge1.net,""
8906,fanDuel.com,""
8907,stronakobiet.pl,""
8908,flixbus.es,""
8909,poselenia.ru,""
8910,porntrial.mx,""
8911,xmeat.com,""
8912,arkansascrossdressers.com,""
8913,ladyboydongs.com,""
8914,hottestpornvideos.com,""
8915,arc-cdn.net,""
8916,videosxx.info,""
8917,banksepah.ir,""
8918,soulgen.net,""
8919,opmnstr.com,""
8920,hotgirlsexcams.com,""
8921,webstatsdomain.com,""
8922,bestseximages.com,""
8923,pornjourney.com,""
8924,isarclinic.com,""
8925,inkmaginecms.com,""
8926,nbcsportsboston.com,""
8927,sexykittenporn.com,""
8928,rgf-hragent.asia,""
8929,filminiamatoriali.com,""
8930,besteverp.com,""
8931,markaone.ru,""
8932,badgirlsbible.com,""
8933,taylorstevensblog.com,""
8934,alaskabondage.com,""
8935,arizonashemales.com,""
8936,toranet.jp,""
8937,buttplugtube.com,""
8938,mom4k.com,""
8939,nyt.com,""
8940,alaskashemales.com,""
8941,18avx.com,""
8942,picsaiporn.com,""
8943,asianvideohot.com,""
8944,arkansaspussy.net,""
8945,xxxbdsmpornvideos.com,""
8946,pornvsex.com,""
8947,alabamabondage.com,""
8948,national-lottery-healthyplay.co.uk,""
8949,bikeindex.org,""
8950,pornorabais.com,""
8951,slotxo-gold.com,""
8952,sekasividiyosekasi.com,""
8953,ai-porn.sbs,""
8954,venicevisitpass.com,""
8955,asianxnxxmovies.com,""
8956,sexdansk.net,""
8957,dpbolvw.net,""
8958,polsat.pl,""
8959,tlfw.net,""
8960,transmodeldatabase.com,""
8961,rbbtoday.com,""
8962,atlassianfoundation.org,""
8963,netcraft.com,""
8964,amicrobikini.com,""
8965,ucoz.com.ro,""
8966,maturenue.net,""
8967,giga-video.de,""
8968,fantasyvintagep.com,""
8969,climaxtube.com,""
8970,titanicporn.com,""
8971,networkdel.com,""
8972,tcccdn.com,""
8973,edreams.in,""
8974,feichangquan.com,""
8975,ai-porn.icu,""
8976,jisaka.com,""
8977,diavgeia.gov.gr,""
8978,bigtithitomi.com,""
8979,pakistanixnxx.net,""
8980,gaytwerk.com,""
8981,revistagq.com,""
8982,kaktuz.com,""
8983,nmgnews.com.cn,""
8984,movieroom.com,""
8985,lovethots.com,""
8986,talktome.com,""
8987,blog.com,""
8988,emofid.com,""
8989,fevad.com,""
8990,computerworld.es,""
8991,dna.fr,""
8992,sex-gif.com,""
8993,americamovil.com,""
8994,can-amelectric.com,""
8995,bigcockshemaleporn.com,""
8996,tetona.tv,""
8997,pornhubxvideos.com,""
8998,mennation.com,""
8999,minecraftstation.com,""
9000,afp.com,""
9001,xx722.com,""
9002,arabsexvideo.net,""
9003,im-g.pl,""
9004,transfucks.com,""
9005,urldefense.com,""
9006,pleasuregirl.net,""
9007,mobilite-verte.com,""
9008,familyporntaboo.org,""
9009,preggocams.live,""
9010,megastock.com,""
9011,themebeez.com,""
9012,gettingporn.com,""
9013,0768070.cc,""
9014,semalt.com,""
9015,pornlivenews.com,""
9016,flixbus.rs,""
9017,kumo-funding.com,""
9018,arfreaks.com,""
9019,mafra.cz,""
9020,expressbydgoski.pl,""
9021,dronedj.com,""
9022,golf-jalan.net,""
9023,ladyboydevotion.com,""
9024,otempo.pt,""
9025,tsuhan-ec.jp,""
9026,upteenxxx.com,""
9027,forrester.com,""
9028,abbonamenti.it,""
9029,sweet-monika.com,""
9030,beste-sexcams.com,""
9031,elitebabes.com,""
9032,cdn.gob.mx,""
9033,teluguporn.tv,""
9034,hacktoberfest.com,""
9035,tgirlxl.com,""
9036,spassets.com,""
9037,gototraining.com,""
9038,flixbus.pl,""
9039,kc-usercontent.com,""
9040,europornstar.com,""
9041,bdsmlibrary.com,""
9042,arkansastranny.com,""
9043,uniladtech.com,""
9044,nudeyoga.net,""
9045,vivastreet.cl,""
9046,pussyold.net,""
9047,baristatube.com,""
9048,zhuichaguoji.org,""
9049,bettercollective.com,""
9050,chatterms.com,""
9051,fld30.com,""
9052,manties.us,""
9053,szexfilmek.top,""
9054,buzzsprout.com,""
9055,faterotic.com,""
9056,javhdcom.com,""
9057,sss.xxx,""
9058,btwporn.com,""
9059,blackporn.fun,""
9060,bstatic.com,""
9061,flixbus.ba,""
9062,csaom.org,""
9063,hugeDomains.com,""
9064,czechav.com,""
9065,artear.com,""
9066,sexvideokostenlos.com,""
9067,sweetira.com,""
9068,phonesexmistresses.com,""
9069,garena.co.th,""
9070,privateamateurpornos.com,""
9071,edreams.de,""
9072,pornvideodeutsch.com,""
9073,xxxfuck.pro,""
9074,newgaybearclips.com,""
9075,pornoteque.com,""
9076,chudayikahani.com,""
9077,divly.ru,""
9078,doodhwali.xxx,""
9079,guz.ru,""
9080,sexfilmsgratis.com,""
9081,nikki-nova-nude-pics-gallery.com,""
9082,taline.ir,""
9083,pornbbwpics.com,""
9084,weglot.com,""
9085,abouttwinks.com,""
9086,toonsearch.net,""
9087,asxem.link,""
9088,datasubject.com,""
9089,tattooedtube.com,""
9090,animeporn.me,""
9091,vivalocal.pt,""
9092,rferl.org,""
9093,bestxnxxclips.com,""
9094,epochtimes.fr,""
9095,epersianhotel.com,""
9096,statsaholic.com,""
9097,gaysjerkoff.com,""
9098,fetish-island.com,""
9099,greendh.org,""
9100,usatodaystore.com,""
9101,alaskadominatrix.com,""
9102,bbwtubevideox.com,""
9103,xlvirdr.com,""
9104,goldpvids.com,""
9105,xxxhdtube8.com,""
9106,livesex.cafe,""
9107,esexv.com,""
9108,javxvids.com,""
9109,gayplex.com,""
9110,francetvpub.fr,""
9111,upfy.com.br,""
9112,flowly.com,""
9113,townsquare.media,""
9114,nudeyogasex.com,""
9115,top.pl,""
9116,xnxxvideos.rest,""
9117,coimbatorequeen.com,""
9118,youporn-gratis.net,""
9119,glassestube.com,""
9120,flixbus.si,""
9121,fantime.com,""
9122,edreams.co.uk,""
9123,vintageaiporn.com,""
9124,hostingadvice.com,""
9125,fonious.com,""
9126,ghettoblacktail.com,""
9127,zohocdn.com,""
9128,belamionline.com,""
9129,qihucdn.com,""
9130,bbwphq.com,""
9131,fulltaboo.tv,""
9132,pornxk.com,""
9133,flabber.nl,""
9134,froma.com,""
9135,freakydoctor.com,""
9136,adultbloghunter.com,""
9137,githubassets.com,""
9138,iporn.win,""
9139,garena.mx,""
9140,arkansasbondage.com,""
9141,amatuerporn.club,""
9142,entekhabeman.com,""
9143,nshoneys.com,""
9144,gazetalubuska.pl,""
9145,aklamator.com,""
9146,polyfill.io,""
9147,sexocasero.tv,""
9148,femtechlab-online.com,""
9149,sexvideocasting.com,""
9150,kingdom-of-porn.com,""
9151,69-pornos.com,""
9152,yunos.com,""
9153,sexeporno.org,""
9154,prostasex.org,""
9155,netflixer.cz,""
9156,hornybutt.com,""
9157,uhairy.com,""
9158,asianxhq.com,""
9159,babestationx.tv,""
9160,lesbiandiscounts.club,""
9161,drbna.cz,""
9162,fishnetstube.com,""
9163,5minutequickie.com,""
9164,healthshots.com,""
9165,hh.uz,""
9166,strefaobrony.pl,""
9167,nippleclampstube.com,""
9168,arkansaslesbians.net,""
9169,raptive.com,""
9170,cumforgay.com,""
9171,switchsoku.com,""
9172,villagevoice.com,""
9173,seores.com,""
9174,filmsgratisesso.com,""
9175,nosplogs.com,""
9176,heroine.cz,""
9177,exhacked.com,""
9178,hotnakedwomen.com,""
9179,fic.gov.za,""
9180,goepe.com,""
9181,reanimal.jp,""
9182,escortiz.com,""
9183,edziecko.pl,""
9184,massbids.us,""
9185,deeppenetration.lol,""
9186,freeindianporn.xyz,""
9187,solarbe.com,""
9188,digiday.jp,""
9189,pornofisch.com,""
9190,vogue.co.kr,""
9191,webcamera.io,""
9192,gutdolls.com,""
9193,kajabi-cdn.com,""
9194,mediateka.pl,""
9195,silvercartoon.com,""
9196,seemyporn.com,""
9197,incestvideo.net,""
9198,pckcdn.net,""
9199,kostenlos.best,""
9200,yourpornpartner.com,""
9201,nudeballetdancers.com,""
9202,exoticmali.com,""
9203,nscash.com,""
9204,instaread.co,""
9205,boltdns.net,""
9206,sportowy24.pl,""
9207,computer.com,""
9208,bananocams.com,""
9209,toplist18.com,""
9210,mklr.pl,""
9211,porno.vin,""
9212,bigassporn.love,""
9213,imagez.io,""
9214,pornoleon.com,""
9215,googlepages.com,""
9216,zexvids.com,""
9217,gayvideochatroom.com,""
9218,webcamgirls.name,""
9219,seksestri.com,""
9220,bongacams5.com,""
9221,mrman.com,""
9222,linkr.bio,""
9223,adtechus.com,""
9224,jazzhr.com,""
9225,pornovideoxxx69.com,""
9226,allwyn.co.uk,""
9227,blogspot.ie,""
9228,objectic.io,""
9229,bjq6gw.cc,""
9230,newscafe.ne.jp,""
9231,adultpfree.com,""
9232,teluguporn.cc,""
9233,koreancupid.com,""
9234,mno7.top,""
9235,nipoto.com,""
9236,frtyi.com,""
9237,cdnbetcity.com,""
9238,bigbootytube.xxx,""
9239,sharesome.com,""
9240,metrika-informer.com,""
9241,bnkmsr.com,""
9242,echodnia.eu,""
9243,arizonabooty.com,""
9244,dirtcheapanal.com,""
9245,pornteengirl.com,""
9246,FindomCenter.com,""
9247,vogue.ph,""
9248,pornozot.com,""
9249,theartporn.com,""
9250,adultgamesworld.com,""
9251,chinese-porno.com,""
9252,arizonabondage.com,""
9253,avanti24.pl,""
9254,phimxxx.casa,""
9255,livechat.com,""
9256,appdynamics.com,""
9257,bimeh.com,""
9258,fetishpapa.com,""
9259,dpgmedia.be,""
9260,chinapp.com,""
9261,1plus1.video,""
9262,collegefuckparties.com,""
9263,teimg.com,""
9264,urzadzamy.pl,""
9265,media.gov.gr,""
9266,szexvideokingyen.xyz,""
9267,vrbonk.com,""
9268,thecontentbible.com,""
9269,tokyobang.com,""
9270,ai-porn.kim,""
9271,fpcdn.io,""
9272,alaskabooty.com,""
9273,loveptv.com,""
9274,avanquestgroup.com,""
9275,longhairtube.com,""
9276,parenting.pl,""
9277,eros.com,""
9278,dictionarymedia.com,""
9279,vogue.co.th,""
9280,livecamgirls.name,""
9281,premiumpass.com,""
9282,kostenlospornos.com,""
9283,tiedvirgins.com,""
9284,squirt4real.com,""
9285,videoamatorialigratuiti.com,""
9286,cdntvn.pl,""
9287,7eer.net,""
9288,indomodeling.com,""
9289,freejapanesetube.com,""
9290,marsflag.com,""
9291,bynder.com,""
9292,arkansasshemales.com,""
9293,videosexeamateur.com,""
9294,suumocounter.jp,""
9295,mygaysites.com,""
9296,erotic-live-webcams.com,""
9297,finesexfilms.com,""
9298,stepfatherxxx.com,""
9299,osuosl.org,""
9300,romevaticancard.com,""
9301,tdremont.ru,""
9302,bustyandcurvy.com,""
9303,emta.ee,""
9304,hustlermagazine.com,""
9305,maturepornqueens.net,""
9306,sunfm.lk,""
9307,africanporn.tv,""
9308,tipico.fr,""
9309,antiyoutuber.cz,""
9310,gujarati.cyou,""
9311,analporn.me,""
9312,irnote.jp,""
9313,upyun.com,""
9314,area51.to,""
9315,architonic.com,""
9316,bettingsite.com.au,""
9317,megaupload.com,""
9318,charitynavigator.org,""
9319,gratispornofilmen.com,""
9320,erocast.me,""
9321,archive.ph,""
9322,teen-video.net,""
9323,wupload.com,""
9324,qustodio.com,""
9325,recurrent.io,""
9326,aiporn.city,""
9327,sexy6tube.com,""
9328,diariomedico.com,""
9329,amateurporntips.com,""
9330,res-x.com,""
9331,rimjob-girls.com,""
9332,nudecontortionsex.com,""
9333,analpornvideos.xxx,""
9334,reelgalleries.com,""
9335,fuckdolltube.com,""
9336,lovercash.com,""
9337,cyclestyle.net,""
9338,famousinternetgirls.com,""
9339,gooschool.jp,""
9340,newpornhome.com,""
9341,nicheporno.com,""
9342,thaitubex.com,""
9343,hot-xnxx-tube.com,""
9344,edreams.pe,""
9345,cachefly.net,""
9346,photophoto.cn,""
9347,noodledude.io,""
9348,freegrannyxxx.com,""
9349,autoscout24.net,""
9350,asian-sirens.net,""
9351,erotic.today,""
9352,coozeporn.com,""
9353,roomie.jp,""
9354,vintagetube.pro,""
9355,ionos.ly,""
9356,freeasiananal.com,""
9357,cuckoldporn.fun,""
9358,pornoteque.it,""
9359,flixbus.at,""
9360,pornosexiteen.com,""
9361,allanal.com,""
9362,edreams.ch,""
9363,thematureporn.net,""
9364,leoclassified.com,""
9365,freeporno.xxx,""
9366,livesexcams.cafe,""
9367,cadremploi.fr,""
9368,indianporno.org,""
9369,xxfind24.com,""
9370,usaphonesex.com,""
9371,witchhut.com,""
9372,trans500.com,""
9373,monday.com,""
9374,arkansasmistress.com,""
9375,youtube-porno.net,""
9376,tneca.com,""
9377,evvnt.com,""
9378,myindianp.com,""
9379,sexfilme.work,""
9380,15gifts.com,""
9381,gol20.com,""
9382,gaypornwebsite.com,""
9383,chickpt.com.tw,""
9384,mybookie.com,""
9385,sensic.net,""
9386,sextb.net,""
9387,hs-analytics.net,""
9388,regiodom.pl,""
9389,employinc.com,""
9390,javstore.net,""
9391,wondershare.co.id,""
9392,onehack.us,""
9393,sexverzeichnis.net,""
9394,evokeplc.com,""
9395,bonprix.se,""
9396,tamilporn.tv,""
9397,vedetexxx.com,""
9398,nuasian.com,""
9399,canalaonline.com,""
9400,epochtimes.ru,""
9401,latinshemale.com,""
9402,pornmovies.name,""
9403,picthumbs.com,""
9404,yourdirtymind.com,""
9405,hintaopas.fi,""
9406,massagecum.com,""
9407,saikyo-jump.com,""
9408,vid123.net,""
9409,dollforum.com,""
9410,summertimesaga.com,""
9411,tekilan.com,""
9412,russian-tgirls.com,""
9413,gnolia.com,""
9414,topblogs.com.ph,""
9415,phimxxx.monster,""
9416,titsorama.com,""
9417,amaterski.sbs,""
9418,pornmsc.com,""
9419,oxtube.tv,""
9420,365.com.mk,""
9421,out.com,""
9422,monixplay.com,""
9423,norge-casino.com,""
9424,hornyporn.online,""
9425,awekmelayusex.com,""
9426,winterreise.com,""
9427,eand.com,""
9428,gratispornofilmen.org,""
9429,myherro.com,""
9430,phimsexcotrang.casa,""
9431,xxxblackbook.com,""
9432,viparea.com,""
9433,bgbet.co.uk,""
9434,homepage.ninja,""
9435,laopinion.com,""
9436,blowjobdiscounts.com,""
9437,2serdtsa.ru,""
9438,akinoncdn.com,""
9439,wolf-327b.com,""
9440,xotic.ai,""
9441,hocalwire.com,""
9442,tdtparatodos.tv,""
9443,lesershop24.de,""
9444,slotcatalog.com,""
9445,bisnode.si,""
9446,pizdefutute.top,""
9447,woopic.com,""
9448,37.com,""
9449,hn.cz,""
9450,fucknmedia.com,""
9451,brattyteenphonesex.com,""
9452,ispyhentai.com,""
9453,glamour.es,""
9454,betandplay.partners,""
9455,akado-telecom.ru,""
9456,publiesp.es,""
9457,qualitygames.media,""
9458,007swz.com,""
9459,immovlan.be,""
9460,irpocket.com,""
9461,sexy-models.net,""
9462,bikinipageone.com,""
9463,shemalesexq.com,""
9464,stickyadstv.com,""
9465,gayroom.com,""
9466,videosespanolas.top,""
9467,audible.com.au,""
9468,profootballhof.com,""
9469,cysoku.com,""
9470,nudebeachpussy.com,""
9471,yoyocasino.se,""
9472,georglenta.ru,""
9473,gankana.com,""
9474,mzansi-porn.co.za,""
9475,bulstraffic.com,""
9476,gry-hazardowe-zadarmo.com,""
9477,mapmyindia.com,""
9478,affiliatelab.io,""
9479,hindi-porno-movies.com,""
9480,realityvintage.com,""
9481,paylab.com,""
9482,kavkazki.cc,""
9483,tda.link,""
9484,londontransgirls.com,""
9485,playtimecasino.ca,""
9486,metrohd.com,""
9487,wetvr.com,""
9488,cmgadx.com,""
9489,casinohrv.com,""
9490,viacomcbs.legal,""
9491,boobdump.com,""
9492,qichemen.com,""
9493,pedsovet.su,""
9494,lesbiansistas.com,""
9495,only-th.com,""
9496,mein-mmo.de,""
9497,megaphone.fm,""
9498,gamelounge.com,""
9499,mozillafoundation.org,""
9500,top-blogs.com,""
9501,xpics.me,""
9502,thesexclip.com,""
9503,pickupfuck.com,""
9504,brightermonday.co.ke,""
9505,rockettube.com,""
9506,straplez.com,""
9507,kaspersky.co.kr,""
9508,pinktacostand.com,""
9509,ldmnq.com,""
9510,asiaxxxhot.com,""
9511,nudegayvideos.com,""
9512,transistor.fm,""
9513,reffpa.com,""
9514,nushemale.com,""
9515,meendo.com,""
9516,s12.com.br,""
9517,srviral.com,""
9518,yourjob.de,""
9519,aniworld.to,""
9520,tube8.photography,""
9521,hd315.gov.cn,""
9522,21myip.monster,""
9523,3dsexgalleries.com,""
9524,glassdoor.ie,""
9525,nulondon.ac.uk,""
9526,islay.tech,""
9527,mujeresdesnudasenlaplaya.com,""
9528,kisantak.in,""
9529,idman.biz,""
9530,cpamatica.com,""
9531,12kuala.com,""
9532,casinosonline.com,""
9533,ing.com,""
9534,lngtd.com,""
9535,layered-nylons.com,""
9536,nexx360.io,""
9537,amcnetworks.com,""
9538,eroticchubby.com,""
9539,vintageeroticatube.com,""
9540,classicvixens.com,""
9541,cwlearning.com.tw,""
9542,chat24seven.com,""
9543,collegefashionista.com,""
9544,cwacanada.ca,""
9545,chubbyasianporn.com,""
9546,tgpamateur.com,""
9547,permissionslipcr.com,""
9548,phathoes.net,""
9549,n1betpartners.com,""
9550,hdcosplaysex.com,""
9551,ydstatic.com,""
9552,freyalist.com,""
9553,myporn.club,""
9554,lowbudgetsex.com,""
9555,thesportsgoat.com,""
9556,celebrityslips.com,""
9557,ibt.media,""
9558,vids.io,""
9559,miiwiki.org,""
9560,desi-porn.org,""
9561,asiansexqueens.com,""
9562,adjust.io,""
9563,thefreeadultdirectory.com,""
9564,cams.vegas,""
9565,lynmonkel.com,""
9566,hotpornblogs.com,""
9567,videosreifefrauen.com,""
9568,excelaffiliates.com,""
9569,motka.ru,""
9570,abbonatiqui.it,""
9571,jable.tv,""
9572,linkedIn.com,""
9573,some.porn,""
9574,newspack.com,""
9575,vmimg.jp,""
9576,videoamateur.top,""
9577,thaixxporn.com,""
9578,jennymovies.com,""
9579,jpwz1.xyz,""
9580,take2games.com,""
9581,reamporn.com,""
9582,sexfeedlist.com,""
9583,tube8.marketing,""
9584,grannyslut.info,""
9585,allsitesaccess.com,""
9586,huanghuagang.org,""
9587,harpersbazaar.in,""
9588,allpnow.com,""
9589,classicsexblogs.com,""
9590,botfap.com,""
9591,futures.org,""
9592,canlitv.me,""
9593,abandonedspaces.com,""
9594,sankeishop.jp,""
9595,adu.org.za,""
9596,gayboyswebcam.com,""
9597,skygroup.sky,""
9598,mypornwebsites.com,""
9599,greathomemadesex.com,""
9600,vip-grinders.com,""
9601,topindianxxxvideo.com,""
9602,dailyiporn.com,""
9603,wildassmovies.com,""
9604,polskiesloty.com,""
9605,r0.ru,""
9606,144dh.com,""
9607,cnhan.com,""
9608,evilangellive.com,""
9609,gaotie.cn,""
9610,bestofxnxx.com,""
9611,sexting18.com,""
9612,315che.com,""
9613,hdrxxx.com,""
9614,tugboatinstitute.com,""
9615,jackpotcitycasino.com,""
9616,camgirls-portal.com,""
9617,island.lk,""
9618,jansamarth.in,""
9619,eros-guide.ru,""
9620,sabr.org,""
9621,casinos-online.es,""
9622,teenbabetube.com,""
9623,aggeliessex.gr,""
9624,freeadultpornblogs.com,""
9625,milf-xxx-tube.com,""
9626,hardfucktales.com,""
9627,sureporn.com,""
9628,brothersistersex.me,""
9629,man-gay.net,""
9630,satakunnankansa.fi,""
9631,porn-star-videos.com,""
9632,foxaivs.info,""
9633,shorelinescasinos.com,""
9634,megawin.mk,""
9635,henneomagazines.com,""
9636,easygirls.org,""
9637,3sexmovies.net,""
9638,momsbangteens.com,""
9639,gaypornmake.com,""
9640,sinfulmaturesex.com,""
9641,retroporno.pro,""
9642,open-et.org,""
9643,tgirls.porn,""
9644,pccw.com,""
9645,wildsecrets.com.au,""
9646,historicbondage.com,""
9647,cfi.fr,""
9648,flippingbook.com,""
9649,desi-sex-xxx.com,""
9650,allenai.org,""
9651,erotikfilme.top,""
9652,amadorasquentes.com,""
9653,gamblezens.com,""
9654,exterro.net,""
9655,inbound.com,""
9656,profesia.cz,""
9657,cnjxol.com,""
9658,glassdoor.es,""
9659,hqcollect.net,""
9660,cuntgallery.com,""
9661,tgirljapanhardcore.com,""
9662,picasso12.com,""
9663,chinaott.com,""
9664,51wyt.com,""
9665,babyboomerspuertorico.com,""
9666,transerotica.com,""
9667,madurasvideos.cyou,""
9668,policystat.com,""
9669,g.pl,""
9670,rescreatu.com,""
9671,grannytubevideo.com,""
9672,eroticax.com,""
9673,paidpornguide.com,""
9674,yelp.com.au,""
9675,kostenloseponofilme.de,""
9676,axxab.com,""
9677,arabsexwebtube.net,""
9678,campaigner.com,""
9679,babe8.net,""
9680,18jms.vip,""
9681,jisc.ac.uk,""
9682,minimumdepositbettingsites.com,""
9683,largecdn.com,""
9684,optinmonster.com,""
9685,leadconnectorhq.com,""
9686,24smi.net,""
9687,naverfincorp.com,""
9688,freelancer.no,""
9689,xxxmoviesfuck.club,""
9690,mossport.ru,""
9691,gra.gi,""
9692,sinara-group.com,""
9693,animezilla.com,""
9694,steamysexblogs.com,""
9695,inwestoronline.pl,""
9696,plto.com,""
9697,de02trckingmic.com,""
9698,j.mp,""
9699,rotatepdf.net,""
9700,vnecdn.net,""
9701,purewebpower.com,""
9702,top-asian-girls.com,""
9703,ideracorp.com,""
9704,2265.com,""
9705,hdindianporn.net,""
9706,bigdicksgallore.com,""
9707,nieonline.com,""
9708,cherrypiesexdoll.com,""
9709,ahanat.com,""
9710,commchest.org.my,""
9711,qhottestporn.com,""
9712,vidgyor.com,""
9713,cheerleadershardcore.com,""
9714,pandamovies.us,""
9715,jogadoresanonimos.com.br,""
9716,freeemail.biz,""
9717,lesbify.com,""
9718,glamourstarslive.com,""
9719,decart.bg,""
9720,fb.gg,""
9721,bodensee-models.net,""
9722,anacams.com,""
9723,queerclick.com,""
9724,oungx.com,""
9725,famous-comics.com,""
9726,hprofits.com,""
9727,forceporn.org,""
9728,xxxsexvideos.pro,""
9729,memondo.com,""
9730,vecer.mk,""
9731,vrutal.com,""
9732,eharmony.co.uk,""
9733,totalmoney.pl,""
9734,nationalarchives.gov.uk,""
9735,twnmm.com,""
9736,aglobally.com,""
9737,maformation.fr,""
9738,hot-gayporn.com,""
9739,refinery89.com,""
9740,aidegelin.cn,""
9741,bigporn365.com,""
9742,citizen.digital,""
9743,sexy-amateure.net,""
9744,vwonehub.io,""
9745,football360.ir,""
9746,bedstespiludenomrofus.com,""
9747,foxdeportes.com,""
9748,supjav.com,""
9749,myrimmingporn.com,""
9750,hf365.com,""
9751,s3img.cloud,""
9752,dumpxxl.net,""
9753,masturbate2gether.vip,""
9754,donnebellenude.com,""
9755,18hdh.com,""
9756,foxweather.com,""
9757,netent.com,""
9758,livenationentertainment.com,""
9759,sexgames3d.eu,""
9760,danskesex.com,""
9761,69douyin.com,""
9762,ratemycuckoldwife.com,""
9763,u001.top,""
9764,lovewiki.faith,""
9765,freeuporn.com,""
9766,hosterion.ro,""
9767,pornovelhas.com,""
9768,bragg.group,""
9769,booming-games.com,""
9770,teamtailor.com,""
9771,olyboost.eu,""
9772,justforthewin.com,""
9773,finalaffiliates.com,""
9774,bestmallunude.com,""
9775,80gays.com,""
9776,alicesw.com,""
9777,corruptbabes.com,""
9778,amateur-photos.com,""
9779,pornpornmovies.com,""
9780,dongchedi.com,""
9781,dwkm.xyz,""
9782,tmconst.com,""
9783,emailprofi.cz,""
9784,mypussyblog.com,""
9785,sloppydeep.com,""
9786,jumia.com.dz,""
9787,max.porn,""
9788,numericalcio.it,""
9789,teeniesgoporn.com,""
9790,txtx.live,""
9791,sexoamateurvideos.com,""
9792,arkansasbids.us,""
9793,sxygrl.com,""
9794,bayvoice.net,""
9795,mm4k.live,""
9796,sexypornpictures.org,""
9797,chinairn.com,""
9798,12seoul.com,""
9799,siliconflorist.com,""
9800,anasianaffair.com,""
9801,porn300.casa,""
9802,creator-spring.com,""
9803,playamopartners.com,""
9804,pornspree.com,""
9805,softswiss.net,""
9806,daguav.com,""
9807,gq.com.mx,""
9808,affision.com,""
9809,plfexa.com,""
9810,angelsinstockings.co.uk,""
9811,kaspersky.ro,""
9812,chudaivideo.net,""
9813,vbestporn.com,""
9814,waca.at,""
9815,eroticlex.com,""
9816,adligature.com,""
9817,drivergenius.com,""
9818,boerse.im,""
9819,tittyfuck.name,""
9820,xxxmofodump.com,""
9821,amateurseite.com,""
9822,pixiv.co.jp,""
9823,contatoseguro.com.br,""
9824,alxbgo.com,""
9825,cheapestvpn.net,""
9826,vertexjo.com,""
9827,blmm8.cc,""
9828,gamebleaware.org,""
9829,blogspot.com.vn,""
9830,hoopsrumors.com,""
9831,xxxcom.blog,""
9832,jads.co,""
9833,nongjx.com,""
9834,videosecrets.com,""
9835,wetv.vip,""
9836,fikante.com,""
9837,fy-qcbl.com,""
9838,eros69.es,""
9839,asiansbondage.com,""
9840,beeghub.nl,""
9841,x-artvideo.net,""
9842,juegos.com.ar,""
9843,bustyangelique.com,""
9844,tnexta.com,""
9845,asiannudesex.com,""
9846,fcksex.com,""
9847,fondidigaranzia.it,""
9848,nudegymnastics.org,""
9849,1000cocks.com,""
9850,ottokasino.com,""
9851,myporntape.com,""
9852,porntaz.com,""
9853,watchdesisex.com,""
9854,adsttc.com,""
9855,yumlum.com,""
9856,indianbad.com,""
9857,bullang.com,""
9858,onstove.com,""
9859,dreamgirlcentral.com,""
9860,idbicreditcards.co.in,""
9861,bestcasinos.com,""
9862,funradio.fr,""
9863,galicia.ar,""
9864,nashstore.ru,""
9865,sex2048.com,""
9866,loverfans.com,""
9867,escortexplore.com,""
9868,all-nude-celebrities.net,""
9869,zalando.ie,""
9870,likelust.com,""
9871,pcbenchmarks.net,""
9872,newclassictube.com,""
9873,retrosex.pro,""
9874,hrajmezodpovedne.cz,""
9875,upskirt.tv,""
9876,geilefrauen.net,""
9877,broxxx.com,""
9878,roughtube.net,""
9879,echthuren.de,""
9880,velobetpartners.com,""
9881,sexjobs.it,""
9882,glassdoor.co.nz,""
9883,cams4x.com,""
9884,wankgames.com,""
9885,fattyd.com,""
9886,podcastforum.org,""
9887,cartrawler.com,""
9888,sexchangegirl.com,""
9889,thegrowthop.com,""
9890,tagcommander.com,""
9891,qhmsg.com,""
9892,getspecialissues.com,""
9893,cascadescasino.ca,""
9894,autokult.pl,""
9895,rebootcash.com,""
9896,seemomsuck.com,""
9897,quotemedia.com,""
9898,spontanficken.net,""
9899,linkdumper.com,""
9900,177pic.info,""
9901,freespinsnodepositoffers.co.uk,""
9902,myphonesunlimited.com,""
9903,sex-freecam.com,""
9904,thisgirlsucks.com,""
9905,spelberoendegruppen.com,""
9906,dirtytwelve.com,""
9907,yupao.com,""
9908,toysaiporn.com,""
9909,glassdoor.sg,""
9910,vso.org.uk,""
9911,glam0ur.net,""
9912,boobsie.net,""
9913,femdomcamsites.com,""
9914,pornomatorke.org,""
9915,tamilpornfilms.com,""
9916,mmsetv.com,""
9917,139y.com,""
9918,wicked-directory.com,""
9919,memtest86.com,""
9920,fivestarpornsites.com,""
9921,kaspersky.se,""
9922,fmm.io,""
9923,nkl.de,""
9924,gaywebcamboys.com,""
9925,bettingsites.ie,""
9926,privatevoyeurweb.net,""
9927,mobilevrxxx.com,""
9928,full4kwallpaper.com,""
9929,ggbetbestoffer.com,""
9930,cheatingpornvideo.com,""
9931,newmoney.gr,""
9932,zgjsks.com,""
9933,canada.com,""
9934,vidgina.com,""
9935,live121sex.co.uk,""
9936,jsda.or.jp,""
9937,justclassicporn.com,""
9938,amazon.com.tr,""
9939,kazakcnr.com,""
9940,dreamsports.group,""
9941,mondetube.com,""
9942,downapp.com,""
9943,scoreland2.com,""
9944,tubepleasure.top,""
9945,thenude.eu,""
9946,refpakrtsb.top,""
9947,perfectmarket.com,""
9948,hentaiknight.com,""
9949,unlimitedmilfs.com,""
9950,3dfetishgames.eu,""
9951,xingkongrukou.com,""
9952,placehold.it,""
9953,chelseablues.ru,""
9954,pissingshitting.com,""
9955,adoptium.net,""
9956,casinoodl.com,""
9957,mbed.com,""
9958,qualityindianporn.com,""
9959,allzoomovies.shop,""
9960,newscyclecloud.com,""
9961,spins4win.com,""
9962,desivdo.com,""
9963,adskeeper.com,""
9964,zohowebstatic.com,""
9965,bausch.com.tw,""
9966,sensualgirls.org,""
9967,porn2.com,""
9968,sex01.top,""
9969,erotic-free-sex-story.com,""
9970,trafficflowpartners.com,""
9971,yelp.com.mx,""
9972,flirtyones.com,""
9973,gq.com.tr,""
9974,analacrobats.com,""
9975,narrativ.com,""
9976,theoplayer.com,""
9977,interpretacje.pl,""
9978,xpicture.ai,""
9979,babesleaked.com,""
9980,alloldpics.com,""
9981,underwatershow.com,""
9982,livedolle.com,""
9983,hentaiverse.org,""
9984,bdsm.one,""
9985,mynewsdesk.com,""
9986,seovungtau.com,""
9987,pussytube.net,""
9988,neweggimages.com,""
9989,kstyle.com,""
9990,maturefuckhard.com,""
9991,meteoconsult.fr,""
9992,stepmotherxxx.com,""
9993,sexvideo.wtf,""
9994,myslutwifegoesblack.com,""
9995,bitmasteronlinesignon.com,""
9996,dating-service.info,""
9997,usbancorpassetmanagement.com,""
9998,pornoklinge.com,""
9999,pornohrvatske.com,""
10000,doctoralia.com.br,""
10001,porn00.com,""
10002,edmontonjournal.com,""
10003,zmk.pw,""
10004,huang360.com,""
10005,daogoudh.com,""
10006,51pptmoban.com,""
10007,sales-cs.com,""
10008,3pornvids.net,""
10009,lnradio.be,""
10010,loveindiansex.com,""
10011,sambagangbang.com,""
10012,ficken18.org,""
10013,lickblog.com,""
10014,verticalscope.com,""
10015,justfuckmyarse.com,""
10016,nookipedia.com,""
10017,ncell.com.np,""
10018,1337x.tw,""
10019,gqthailand.com,""
10020,vrpornparody.com,""
10021,baisebang.com,""
10022,freesex.pro,""
10023,ultimedia.com,""
10024,sexis.cc,""
10025,eatwetpussy.com,""
10026,smartbettingguide.com,""
10027,xxnx.com.pl,""
10028,segouall.com,""
10029,tubeace.com,""
10030,supertrip.com,""
10031,kadokawagamelinkage.jp,""
10032,camsex-news.com,""
10033,hot-xnxx-porn.com,""
10034,care2services.com,""
10035,fsnake.com,""
10036,packagist.com,""
10037,flixster.com,""
10038,bordelero.net,""
10039,18lulu.com,""
10040,viber.co.jp,""
10041,hentaila.tv,""
10042,zdnet.de,""
10043,luvporn.com,""
10044,doctoralia.com.pt,""
10045,sexvidio.pro,""
10046,studentsexparties.com,""
10047,bonusehdot.com,""
10048,betano.pt,""
10049,fattiesonfilm.com,""
10050,drive.com.au,""
10051,xxxrxrr.com,""
10052,egyptporn.cc,""
10053,exxxoticaexpo.com,""
10054,misterjackpot.it,""
10055,ice.id,""
10056,xxx3dcomix.com,""
10057,blue.xxx,""
10058,claro.com.gt,""
10059,kaspersky.fr,""
10060,exotickenya.com,""
10061,gapinc.com,""
10062,realvr.com,""
10063,9sdh.com,""
10064,spino-loco1.com,""
10065,relevantporn.com,""
10066,javdoe.to,""
10067,fbox.cc,""
10068,desperateamateurs.com,""
10069,friscowebsites.com,""
10070,kaspersky.es,""
10071,golepicke.com,""
10072,phone4kwallpaper.com,""
10073,collcard.com,""
10074,opodo.se,""
10075,arabsextubes.net,""
10076,faap.br,""
10077,8kmilfs.com,""
10078,coltstudiogroup.com,""
10079,account-dorcel.com,""
10080,freshsexonly.com,""
10081,027art.com,""
10082,gettyimages.hk,""
10083,erotik.com,""
10084,cinebel.be,""
10085,legislation.gov.uk,""
10086,tankroar.com,""
10087,volkswagen.com,""
10088,bbwblowjobtube.com,""
10089,bukkakephotos.com,""
10090,hairyav.com,""
10091,opodo.ch,""
10092,tube8.services,""
10093,japanesefarting.com,""
10094,homeporn.tube,""
10095,dplay.casino,""
10096,fuckcutsuckpussy.com,""
10097,blacktgirlshardcore.com,""
10098,yummygirlstore.com,""
10099,storylane.io,""
10100,zamimg.com,""
10101,waybackmachinedownloads.com,""
10102,gizbo-way-six.com,""
10103,adis.ws,""
10104,free-3d-porn.com,""
10105,te5.cn,""
10106,filthtube.com,""
10107,pressefmm.com,""
10108,secretgfs.co.uk,""
10109,vidbase.com,""
10110,mutecity.org,""
10111,top-10-hookup-sites.com,""
10112,rkdms.com,""
10113,zadapps.info,""
10114,cyberssex.com,""
10115,magyar.casino,""
10116,gamblingcontrol.org,""
10117,send.now,""
10118,leelam.af,""
10119,arabsex.name,""
10120,virtualrealamateurporn.com,""
10121,themirror.com,""
10122,getxtube.com,""
10123,amateure-sexfilme.net,""
10124,boobsrealm.com,""
10125,arcadem.com,""
10126,bitrix24.pl,""
10127,2018.cn,""
10128,sexmoviespie.com,""
10129,videosxporno.com,""
10130,faktopedia.pl,""
10131,opodo.com.au,""
10132,idn.app,""
10133,dbtdh.com,""
10134,youasianporn.com,""
10135,cougarseason.com,""
10136,lycorp.co.jp,""
10137,hardclassicfuck.com,""
10138,zhijinwang.com,""
10139,myqcloud.com,""
10140,gluecksspiel-whitelist.de,""
10141,puthinappalakai.com,""
10142,bigtimegaming.com,""
10143,indianpornsexvideo.com,""
10144,shemedia.com,""
10145,pornwatchers.com,""
10146,nortonlifelock.com,""
10147,pervertman.com,""
10148,bbvaresearch.com,""
10149,longshemaleporn.com,""
10150,falundafa.org,""
10151,trangphimxxx.click,""
10152,madurosexo.com,""
10153,pix-cdn.org,""
10154,mundoamerica.com,""
10155,jeuxjeux.fr,""
10156,ibcbakthi.com,""
10157,bondagelodge.com,""
10158,nudespree.com,""
10159,se.com,""
10160,privatepornovideos.net,""
10161,hornybitches.org,""
10162,antclash.xyz,""
10163,uidapi.com,""
10164,marketpanorama.com,""
10165,niwerat.com,""
10166,oldporn.net,""
10167,sexoepornografia.net,""
10168,herdiansyah.net,""
10169,sexfilmvrouw.com,""
10170,dumpzilla.com,""
10171,cybercrime.gov.in,""
10172,mzitu.com,""
10173,byted-static.com,""
10174,indiansex.lol,""
10175,hdbbwporn.com,""
10176,lucahxxx.com,""
10177,partnersredirect.com,""
10178,visitthecapitol.gov,""
10179,asliceofrice.org,""
10180,pornobriz.com,""
10181,betwill.io,""
10182,gotcelebrities.com,""
10183,koreasexy.com,""
10184,heyoutdoor.com,""
10185,cmtrkg.com,""
10186,businesscatalyst.com,""
10187,uycnr.com,""
10188,wpadmngr.com,""
10189,postmedia.store,""
10190,softwareadvice.com,""
10191,yanderesimulator.com,""
10192,bigboobsandhotsex.com,""
10193,sankeil.ink,""
10194,preferred411.com,""
10195,porndeepfake.net,""
10196,cnxz.com.cn,""
10197,yelp.co.jp,""
10198,homehotporno.com,""
10199,mesterahan.com,""
10200,lit.link,""
10201,hotbox.com,""
10202,olybetevents.com,""
10203,ifwe.co,""
10204,bitrix24.es,""
10205,firstsexfilm.com,""
10206,kinxxx.com,""
10207,jsml1.xyz,""
10208,bcra.gov.ar,""
10209,166dh.com,""
10210,cudacudirabhidio.com,""
10211,rapepornvideos.pro,""
10212,shenyun.com,""
10213,xiancn.com,""
10214,yelp.cl,""
10215,xtubes.cyou,""
10216,spurl.net,""
10217,perlanmuseum.is,""
10218,jijidh.com,""
10219,turlar.az,""
10220,twinspires.com,""
10221,yourxvideo.net,""
10222,free6cams.com,""
10223,airly.eu,""
10224,asiangirlfriendclub.com,""
10225,therealworkout.com,""
10226,zivotvcesku.cz,""
10227,analsex.tube,""
10228,gardenersworld.com,""
10229,xnxx2.cyou,""
10230,crimetak.in,""
10231,footballzaa.com,""
10232,llajtamasinews.com,""
10233,naverlabs.com,""
10234,affirm.com,""
10235,rat.xxx,""
10236,xvideospornos.de,""
10237,pasateatorrent.org,""
10238,d-escort.com,""
10239,fliporno.net,""
10240,univervideo.com,""
10241,apru.org,""
10242,claro.cr,""
10243,xtits.com,""
10244,dongwha.com,""
10245,shenmirukou.com,""
10246,sportal365.com,""
10247,luckycircus.partners,""
10248,zdrowiego.pl,""
10249,jsexnetwork.com,""
10250,ingyenporno.org,""
10251,fuckxxx.me,""
10252,58cdn.com.cn,""
10253,n1info.si,""
10254,aicpa.org,""
10255,amateurcommunity.de,""
10256,upsto.re,""
10257,babeshowsonline.com,""
10258,travelo.hu,""
10259,zolotorusskikh.ru,""
10260,loadshift.com.au,""
10261,apostas-pt.com,""
10262,haotougao.com,""
10263,realsexlovedoll.com,""
10264,nt.gov.au,""
10265,desicumtube.com,""
10266,opodo.co.uk,""
10267,themezhut.com,""
10268,premiumbbwcontent.com,""
10269,secret-sex-videos.com,""
10270,prensa-latina.cu,""
10271,zarchin.shop,""
10272,tehransarang.com,""
10273,hdpornza.com,""
10274,livesexbar.com,""
10275,lznews.cn,""
10276,megarotic.com,""
10277,infomigrants.net,""
10278,fotosdemulheresnuas.org,""
10279,comercio.com.pe,""
10280,pornhub1000.com,""
10281,stepstone.at,""
10282,erotic-art.net,""
10283,ontrklnk.com,""
10284,trustberrie.com,""
10285,hamdiabi.com,""
10286,gettyimages.co.jp,""
10287,semantic-mediawiki.org,""
10288,domodi.pl,""
10289,rapidshare.de,""
10290,topaz.az,""
10291,funtoken.io,""
10292,azbuka-u.ru,""
10293,latinamilfdolly.com,""
10294,indianxxxmoviestube.net,""
10295,adcetera.com,""
10296,mylesbianbabes.com,""
10297,compunode.com,""
10298,porn00.tv,""
10299,culospeludas.com,""
10300,freelancer.co.nz,""
10301,pornotube69.nl,""
10302,asstraffic.com,""
10303,dailyfunny.com,""
10304,iata.org,""
10305,fetish-games.com,""
10306,dcreators.com,""
10307,1boyz.com,""
10308,ruan01.com,""
10309,japanesespace.com,""
10310,twanal.com,""
10311,anchor.fm,""
10312,insuit.net,""
10313,bsdmporn.net,""
10314,meccabingo.com,""
10315,iapps.ir,""
10316,peldaoldal.hu,""
10317,adswizz.com,""
10318,allescortservices.com,""
10319,danskebank.com,""
10320,canyin88.com,""
10321,bohoaff.com,""
10322,supersmashcache.com,""
10323,asianphd.com,""
10324,pub.xxx,""
10325,alonaija.com,""
10326,3holewhores4phone.com,""
10327,freesexfilme.org,""
10328,recaptcha.net,""
10329,yelp.ie,""
10330,text-chat.co.uk,""
10331,juzcasino.com,""
10332,rootsweb.com,""
10333,doctoralia.co,""
10334,topindianhotsex.com,""
10335,fatgirlsfucking.net,""
10336,ahegao.online,""
10337,sexjobs.pl,""
10338,seothemesexpert.com,""
10339,tonstiparro.info,""
10340,sexyvideoshow.com,""
10341,3dsex.pics,""
10342,pornmaki.com,""
10343,doctoraliar.com,""
10344,fantasyphq.com,""
10345,desitelugusex.com,""
10346,parapuan.co,""
10347,effilee.de,""
10348,parodyandcosplay.fun,""
10349,6-xl.com,""
10350,lia-19.net,""
10351,18jin33.cc,""
10352,imglnka.com,""
10353,de.vu,""
10354,umno.mk,""
10355,geizhals.eu,""
10356,mediapass.com,""
10357,filesflash.com,""
10358,pluralsightone.org,""
10359,kasynopolska.com,""
10360,whoav.com,""
10361,rupornohd.net,""
10362,cvshealth.com,""
10363,wellindianporn.com,""
10364,sosa.org.tw,""
10365,sexpose.com,""
10366,rudderstack.com,""
10367,pbase.com,""
10368,p3k.hu,""
10369,xxxadult.net,""
10370,farazkavian.com,""
10371,deeplogic.media,""
10372,aparatmusic.com,""
10373,videosx.pro,""
10374,viggames.com,""
10375,virasty.com,""
10376,darkside.xxx,""
10377,materialdesignicons.com,""
10378,autonavi.com,""
10379,Uw99.co,""
10380,foobies.com,""
10381,vegas.us,""
10382,pornblogsurfer.com,""
10383,tychebets.gr,""
10384,eroticfandom.com,""
10385,grow.me,""
10386,carmarket.bg,""
10387,seductiveagency.com,""
10388,cao.ir,""
10389,teachermaturetube.com,""
10390,hdjavs.com,""
10391,rtmark.net,""
10392,yanjiusuo520.com,""
10393,100panty.com,""
10394,telechargervideox.com,""
10395,dream-porn.com,""
10396,spampoison.com,""
10397,results.gov.in,""
10398,beianrufsex.ch,""
10399,cockyboys.com,""
10400,elitematecams.com,""
10401,casinochick.com,""
10402,persgroep.net,""
10403,webcams.com,""
10404,warswiki.org,""
10405,vggcdn.net,""
10406,maturerape.com,""
10407,movie87hd.com,""
10408,pornocomcoroas.com,""
10409,n1info.hr,""
10410,aflamaljins.com,""
10411,barysh.org,""
10412,freebloghitcounter.com,""
10413,santander.pl,""
10414,jorgemorel.net,""
10415,thethemefoundry.com,""
10416,iab.mk,""
10417,bs3.direct,""
10418,sdjubao.cn,""
10419,bestxxxvr.com,""
10420,caoliu360.com,""
10421,rrread.xyz,""
10422,theassfactory.com,""
10423,gorgeoussexdoll.com,""
10424,ilmilanista.it,""
10425,antutu.com,""
10426,xxxporr.net,""
10427,terazgotuje.pl,""
10428,mclassbrasil.com.br,""
10429,6550101.ru,""
10430,ui-avatars.com,""
10431,thefappeningnew.com,""
10432,aol.it,""
10433,CasinoRoom.com,""
10434,uusinnettikasinot.com,""
10435,guts.com,""
10436,trademark.io,""
10437,ffccdd.live,""
10438,bbwporn.me,""
10439,bustyworld.com,""
10440,rev2.win,""
10441,api-sports.io,""
10442,meizu.cn,""
10443,otthonstartexpo.hu,""
10444,gettyimages.it,""
10445,bbpress.org,""
10446,betify.partners,""
10447,bitchute.com,""
10448,xcdnpro.com,""
10449,j2global.com,""
10450,bydayyildiz.com.tr,""
10451,tube-sex-videos.com,""
10452,davincidomains.com,""
10453,mandalaybay.com,""
10454,digifm.ro,""
10455,peachpass.com,""
10456,gitlab.io,""
10457,queensxxx.com,""
10458,russkoeporn.ru,""
10459,getmysocial.com,""
10460,crazydumper.com,""
10461,placehold.co,""
10462,abebookscdn.com,""
10463,pornopin.me,""
10464,droneporn.cz,""
10465,sinsational-phone-sex.com,""
10466,storia.ro,""
10467,dirtymovietube.com,""
10468,forbes.pl,""
10469,cwbook.com.tw,""
10470,acecr.ac.ir,""
10471,teenpornjizz.com,""
10472,camtippers.com,""
10473,pornaxx.com,""
10474,sport-interfax.ru,""
10475,allmovie.com,""
10476,fuckxxxpussy.com,""
10477,boyner.com.tr,""
10478,betmenaffiliates.com,""
10479,hornytoon.com,""
10480,debenhamsgroup.com,""
10481,northindiansex.com,""
10482,opensea.io,""
10483,employinc-roi.com,""
10484,tikporn.tube,""
10485,ibtimes.net,""
10486,bitrix24.eu,""
10487,westbill.com,""
10488,texasbids.us,""
10489,bigcockteenaddiction.com,""
10490,vecer.press,""
10491,tubedudes.net,""
10492,18mh.cc,""
10493,cv.lv,""
10494,freelancer.mx,""
10495,novecasino.net,""
10496,hdxxxclips.com,""
10497,tube18.xxx,""
10498,darkx.com,""
10499,luolishe520.com,""
10500,viralpass.com,""
10501,lookforporn.net,""
10502,oreilly.co.jp,""
10503,shedevildolls.com,""
10504,drsexfilme.com,""
10505,viva.pl,""
10506,aviator-spribe.pro,""
10507,animalszooporn.com,""
10508,szexivideok.com,""
10509,fuckixxx.com,""
10510,yzzip11.xyz,""
10511,bitkingzmedia.com,""
10512,brawl-hall.com,""
10513,mansurfer.com,""
10514,tiny.cc,""
10515,gifsfor.com,""
10516,freelancer.se,""
10517,iretropornmovies.com,""
10518,skl.de,""
10519,rvdj.be,""
10520,djsxx.com,""
10521,moesadult.com,""
10522,sex4free.co.il,""
10523,lasso.net,""
10524,lesbiantube.club,""
10525,football365.fr,""
10526,urwebcam.com,""
10527,humorenserie.com,""
10528,amateur-community.ch,""
10529,adultmovies4tgp.com,""
10530,freelancer.ph,""
10531,etargetnet.com,""
10532,rooster-partners.com,""
10533,lanse360.com,""
10534,hasilskor.com,""
10535,g-area.org,""
10536,analcamshow.com,""
10537,profeco.gob.mx,""
10538,bluefoxaffiliates.com,""
10539,yingjiesheng.com,""
10540,karlsruhe.de,""
10541,tophentaicomics.com,""
10542,zoofuckfree.shop,""
10543,obituaries.com,""
10544,1seqingpian.com,""
10545,whitebitchs.com,""
10546,flirtygf.com,""
10547,hussiebabe.com,""
10548,arabprn.com,""
10549,18touch.com,""
10550,wcgrb.co.za,""
10551,yelp.se,""
10552,continents-insolites.com,""
10553,bookmailclub.com,""
10554,cuckoldplacetube.com,""
10555,irfollower.com,""
10556,freshsroom.com,""
10557,arabicsextube.net,""
10558,toponlystars.com,""
10559,xxmoms.com,""
10560,xv8k.com,""
10561,biznisvesti.mk,""
10562,trannylovertube.com,""
10563,scar13.com,""
10564,desisexonline.com,""
10565,sergas.es,""
10566,dinokaslot.com,""
10567,astrotak.com,""
10568,videofilmx.org,""
10569,awmcash.com,""
10570,arukuto.jp,""
10571,casino-portugal.info,""
10572,nss-bg.org,""
10573,idbibank.in,""
10574,asiangrannyporn.com,""
10575,ultra4kwallpaper.com,""
10576,hrtechprivacy.com,""
10577,hornystepfamilyvids.com,""
10578,limetorrents.info,""
10579,radiomof.mk,""
10580,sparteo.com,""
10581,exoticbenin.com,""
10582,omgt3.com,""
10583,zenimax.com,""
10584,chamber.lv,""
10585,onlysearch.co,""
10586,pornhost.com,""
10587,goxxxvids.com,""
10588,horoskopy.cz,""
10589,videoshd.xxx,""
10590,cultura.gal,""
10591,deepnudeaitool.com,""
10592,altegeilefrauen.net,""
10593,vip-massage-frankfurt.de,""
10594,ronangelo.com,""
10595,nglish.com,""
10596,epicgfs.com,""
10597,suvecina.com.es,""
10598,unvan.az,""
10599,betrinaering.is,""
10600,sweet18.com,""
10601,bitrix24.co,""
10602,livegaycams.info,""
10603,ejobs.ro,""
10604,teenwhoreporn.com,""
10605,televisair.com,""
10606,danantaraindonesia.co.id,""
10607,microgaming.co.uk,""
10608,boobcritic.com,""
10609,zhisheji.com,""
10610,newskentei.jp,""
10611,live-hot-phonesex.com,""
10612,tamdam.ru,""
10613,hungfuckers.com,""
10614,hkex.com.hk,""
10615,zmxxx.xyz,""
10616,girlstop.info,""
10617,opodo.it,""
10618,fixthephoto.com,""
10619,jumia.sn,""
10620,qttube.com,""
10621,mplgames.com,""
10622,economie.gouv.fr,""
10623,xrateduniversity.com,""
10624,tube-sex.net,""
10625,notengotele.com,""
10626,pornohdgratis.net,""
10627,jumia.is,""
10628,indianaiporn.com,""
10629,ilovewwiiplanes.com,""
10630,aiko.ed.jp,""
10631,brazzers1.com,""
10632,vwgroup.ru,""
10633,fulimulu.com,""
10634,allpornmodels.com,""
10635,privatehomeclips.com,""
10636,onecompath.com,""
10637,worldporninc.com,""
10638,x0xx.net,""
10639,zombsroyale.io,""
10640,plumptitts.com,""
10641,tubepain.com,""
10642,bgpost.bg,""
10643,qlife.jp,""
10644,buypremiumporn.com,""
10645,twinrdengine.com,""
10646,ethnic-porn-4.com,""
10647,terapatrick.com,""
10648,pelosavideo.com,""
10649,greecevipescorts.gr,""
10650,alllesbiantube.com,""
10651,bbva.mx,""
10652,freaksofboobs.com,""
10653,statserv.net,""
10654,playmillionpartners.com,""
10655,vxxx.com,""
10656,deutschesexfilme.info,""
10657,40017.cn,""
10658,tiava.tv,""
10659,tgirlpornstar.com,""
10660,xxxvedios.pro,""
10661,voyeureye.com,""
10662,100upskirts.com,""
10663,clubmodels24.com,""
10664,chubbypornmovies.com,""
10665,cupid.com,""
10666,horsesexxx.shop,""
10667,gaynudesex.com,""
10668,hongkongcupid.com,""
10669,ballhoneys.com,""
10670,mybukkakeporn.com,""
10671,mixesoft.com,""
10672,maisondelaradioetdelamusique.fr,""
10673,sexprivates.com,""
10674,t.porn,""
10675,spinrio.com,""
10676,sapphicmovies.com,""
10677,feedage.com,""
10678,juray.cfd,""
10679,valampurii.lk,""
10680,chanzblog.com,""
10681,3cat.cat,""
10682,thelotter.us,""
10683,pornhub-sexfilme.net,""
10684,mailgrader.com,""
10685,orientalpornzone.com,""
10686,bestbbwp.com,""
10687,pornarab.cc,""
10688,downloadableporn.net,""
10689,chinaunicom.com.cn,""
10690,bitrix24.vn,""
10691,wunbuck.com,""
10692,nosh.jp,""
10693,thunder.partners,""
10694,h2hfinances.com,""
10695,mionestore.ir,""
10696,vintagefun.co.uk,""
10697,queue-it.net,""
10698,myphonesite.com,""
10699,zadultvideos.com,""
10700,urdu21.top,""
10701,tdrzd.ru,""
10702,fpcm.es,""
10703,hentaivideos.com,""
10704,bustyoldsluts.com,""
10705,filmeprono.com,""
10706,pornhat.click,""
10707,99express.com,""
10708,7ba.ru,""
10709,sapphic-movies.com,""
10710,freepornoboss.com,""
10711,teenpinkvideos.com,""
10712,fitclub.ru,""
10713,borneotemplates.com,""
10714,xnxxx.su,""
10715,tophentaigallery.com,""
10716,meitudata.com,""
10717,nogay.com,""
10718,porncollage.com,""
10719,drawntolife.wiki,""
10720,teensex.wiki,""
10721,sexcamsparty.com,""
10722,top-pornsites.org,""
10723,truly-movies.com,""
10724,ddlvalley.me,""
10725,nakedarabgirls.pro,""
10726,tustiquetes.com,""
10727,vanityfair.fr,""
10728,oudoll.com,""
10729,hardcorebbwtube.com,""
10730,ntd.com,""
10731,fanscentral.com,""
10732,prazerlivre.com.br,""
10733,gadget2ch.com,""
10734,gettyimages.co.nz,""
10735,pornotanja.com,""
10736,xxxrough.com,""
10737,badword.xyz,""
10738,mejapanese.com,""
10739,cam2camsex-chat.com,""
10740,funfuckmovies.com,""
10741,pornexa.com,""
10742,postech.ac.kr,""
10743,snap.com,""
10744,turkuvazdigital.com.tr,""
10745,ladyboypussy.com,""
10746,mexicanas.best,""
10747,grupocopesa.cl,""
10748,gameofporn.com,""
10749,gqportugal.pt,""
10750,eurocommpr.at,""
10751,dex.hu,""
10752,madeformums.com,""
10753,spicyamateursex.com,""
10754,fetishcall.com,""
10755,realtouch.com,""
10756,affroller.com,""
10757,pcsoft.com.cn,""
10758,emart.com,""
10759,longxxxfilms.com,""
10760,x-change.life,""
10761,bustymerilyn.com,""
10762,betamo.com,""
10763,babulki.net,""
10764,sergiev.ru,""
10765,cctvpic.com,""
10766,diagnosticsspeech.ru,""
10767,emimino.cz,""
10768,simpals.md,""
10769,bemydate.ch,""
10770,jav.st,""
10771,getspa.is,""
10772,erostocam.com,""
10773,bitrix24.it,""
10774,chinajilin.com.cn,""
10775,momandson.cc,""
10776,fatinsmoke.com,""
10777,szexvideok.org,""
10778,piekielni.pl,""
10779,sexybabetgp.com,""
10780,desi-porno-videos.com,""
10781,voa.gov,""
10782,blogtemplate4u.com,""
10783,welput.com,""
10784,casumo.es,""
10785,stepstone.nl,""
10786,teenspussysfuck.com,""
10787,camhub.com,""
10788,bossymilfs.com,""
10789,smalltitweb.com,""
10790,girls-fuck-hardcore.com,""
10791,sextop.live,""
10792,atresmediaformacion.com,""
10793,pregnantsistas.com,""
10794,carbonads.net,""
10795,limon.kg,""
10796,gazetaprawna.pl,""
10797,nakkheeran.in,""
10798,merchorders.com,""
10799,popmama.com,""
10800,dildoingbabes.com,""
10801,myfistingporn.com,""
10802,topcasinononaams.com,""
10803,frtyd.com,""
10804,freeteenpassport.com,""
10805,sitecorecontenthub.cloud,""
10806,onlygaypornfans.com,""
10807,easyads.de,""
10808,mcporno9.com,""
10809,aquainterio.ru,""
10810,slovenskecasino.net,""
10811,xunmang.com,""
10812,iphon.fr,""
10813,vietnamcupid.com,""
10814,eloterie.ma,""
10815,lingua.gal,""
10816,podcastaddict.com,""
10817,kangtya.com,""
10818,hentaicomics.pro,""
10819,ms.now,""
10820,teenslikeitbig.com,""
10821,iporder.icu,""
10822,drive-alive.co.uk,""
10823,tokyoporn.xyz,""
10824,karinahart.com,""
10825,otcams.com,""
10826,desixxxporno.com,""
10827,porntubelabs.com,""
10828,privatesexvideos.net,""
10829,aifantasyreview.com,""
10830,nvpu5.cc,""
10831,rcmg.in,""
10832,teenfilipina.com,""
10833,mustjav.com,""
10834,aiporn.company,""
10835,americancamgirl.com,""
10836,hentai51.com,""
10837,hdporntube.xxx,""
10838,blogtoplist.com,""
10839,realwifestories.com,""
10840,calcionapoli1926.it,""
10841,dssl.ru,""
10842,3cx.com,""
10843,esse-online.jp,""
10844,filmesporno.ai,""
10845,telefonsex-sexcams.top,""
10846,xgrannytube.com,""
10847,modelcentro.com,""
10848,lola3dstories.com,""
10849,zlinkw.com,""
10850,mosaferan.net,""
10851,somosohlala.com,""
10852,classicworldp.com,""
10853,keleops.com,""
10854,cheggnet.com,""
10855,xnxx2xlporn.com,""
10856,xnxx-tube.us,""
10857,bizzine.jp,""
10858,sobharealty.com,""
10859,b1jx.top,""
10860,rsf.org,""
10861,malaysiancupid.com,""
10862,labrujulaverde.com,""
10863,unforgettablexxx.com,""
10864,lesbianpornwebsites.com,""
10865,isexmovies.com,""
10866,pornstarsoff.com,""
10867,sexcams-95.com,""
10868,desisexvideohd.com,""
10869,hornystyle.com,""
10870,antyradio.pl,""
10871,secp.gov.pk,""
10872,xmxx.info,""
10873,celebsporno.com,""
10874,dating-girls.info,""
10875,teentuber.xxx,""
10876,telesex-cam.com,""
10877,japanaxxx.com,""
10878,sexcam-camsex123.com,""
10879,sexstoriespost.com,""
10880,streamporn.pw,""
10881,adtelligent.com,""
10882,isoftbet.com,""
10883,vintagesexvideos.pro,""
10884,kaspersky.com.cn,""
10885,anybunny.casa,""
10886,homeporntuber.com,""
10887,drevostavitel.cz,""
10888,gogoanime.me,""
10889,moto.pl,""
10890,hirstart.hu,""
10891,dicgc.org.in,""
10892,porntabu.icu,""
10893,filipinabj.com,""
10894,shqfree.com,""
10895,creatorcdn.com,""
10896,playamo.com,""
10897,tvasports.ca,""
10898,zytzb.gov.cn,""
10899,casinotreasure.com,""
10900,ibsrv.net,""
10901,thestarphoenix.com,""
10902,haarigemuschis.net,""
10903,myfreeblack.com,""
10904,141hongkong.com,""
10905,qiniuyun27.xyz,""
10906,heaven.porn,""
10907,kaspersky.co.in,""
10908,steelhousemedia.com,""
10909,ancdu.link,""
10910,sexsimulator.com,""
10911,exploregeorgia.org,""
10912,cosplaywebcams.com,""
10913,yumxxx.com,""
10914,kaspersky.com.pl,""
10915,w-x.co,""
10916,ecuatorianas.best,""
10917,gaytube.directory,""
10918,sockshots.com,""
10919,usefathom.com,""
10920,18comic.org,""
10921,filmelexxx.live,""
10922,empirestores.co,""
10923,opodo.reisen,""
10924,daylenerio.com,""
10925,mockplus.cn,""
10926,amateurgirlfriendporn.net,""
10927,vivastreet.info,""
10928,thekdaily.com,""
10929,ganbentvt.top,""
10930,6mature9.com,""
10931,indo.skin,""
10932,nudevista.it,""
10933,bidizhaobiao.com,""
10934,campeonaffiliatesdirect.com,""
10935,porntelegraph.com,""
10936,indobokep.me,""
10937,bigcocker.com,""
10938,bbwcupid.com,""
10939,shangzhibo.tv,""
10940,fsnovel.com,""
10941,sexodeamor.com,""
10942,filmingyen.top,""
10943,bokepxsex.com,""
10944,aidiver.jp,""
10945,erotikchat2000.com,""
10946,alicejapan.co.jp,""
10947,colombiancupid.com,""
10948,xxss.live,""
10949,thotsgirls.com,""
10950,leosafeplay.com,""
10951,easyporn.xxx,""
10952,telefonsex-date.org,""
10953,g.page,""
10954,enbank.ir,""
10955,retrosexvideos.com,""
10956,indianfriendfinder.com,""
10957,realitylovers.com,""
10958,ecopayz.com,""
10959,mypdream.com,""
10960,imobiliare.ro,""
10961,homeporn.ltd,""
10962,deecash.com,""
10963,etude000.com,""
10964,grader.com,""
10965,mrporno.org,""
10966,sexsex1.com,""
10967,Cocolita.pl,""
10968,vidikierotika.com,""
10969,numfocus.org,""
10970,grannyhdtube.com,""
10971,xfamelive.com,""
10972,yelp.no,""
10973,hypebeast.ltd,""
10974,futanari.xxx,""
10975,newstube.az,""
10976,jizlee.com,""
10977,gutesexfilme.com,""
10978,adultcarousel.com,""
10979,sa-live.com,""
10980,recruiterflow.com,""
10981,tippmixpro.hu,""
10982,99ixx.com,""
10983,deutschefrauenficken.com,""
10984,mylflatina.com,""
10985,siliconwives.com,""
10986,toxnxx.com,""
10987,grannyhdxxx.com,""
10988,seeking.com,""
10989,undressaitool.ai,""
10990,betterbonus.com,""
10991,liiift.io,""
10992,fptls2.com,""
10993,spookycash.com,""
10994,cockstuff.com,""
10995,hzcdn.com,""
10996,femjoy.com,""
10997,squirtgameporn.com,""
10998,cinematerial.com,""
10999,retrotubetv.com,""
11000,candrmediagroup.com,""
11001,webpros.com,""
11002,sissyfuck.com,""
11003,fuckitnow.com,""
11004,spyvoyeurs.com,""
11005,analgalore.com,""
11006,twentyoneaffiliates.com,""
11007,nudevista.com.pl,""
11008,northdakotabids.us,""
11009,sexsiteinc.com,""
11010,ahwang.cn,""
11011,lucknation100.com,""
11012,casinoektepenger.net,""
11013,junipersquare.com,""
11014,nativio.sk,""
11015,olybetsportsbar.com,""
11016,xxx3dcomics.com,""
11017,rawfuckingsex.com,""
11018,jumpman.uk,""
11019,cookieinformation.com,""
11020,teenpayperview.com,""
11021,check24.net,""
11022,jacquieetmichelaffiliate.com,""
11023,3wtrans.com,""
11024,pharaonsporn.com,""
11025,bitrix24.mx,""
11026,hustlerscollegegirls.com,""
11027,ancestry.com.au,""
11028,xn--2022-zeo6d9aba3jsc0aa7c7g3hnf.net,""
11029,fpovxxx.com,""
11030,xvgold.org,""
11031,campustica.com,""
11032,gq-magazin.de,""
11033,xmilf.com,""
11034,bigbuttslikeitbig.com,""
11035,allershopping.no,""
11036,kissanimes.net,""
11037,chatintime.com,""
11038,sexythief.com,""
11039,medietilsynet.no,""
11040,goldensunwiki.net,""
11041,maturephonesexhq.com,""
11042,erikalust.com,""
11043,appthemes.com,""
11044,ready.gov,""
11045,jj20.com,""
11046,latinabar.com,""
11047,ingolstadt-models.com,""
11048,wy222.xyz,""
11049,wildfortune.io,""
11050,getintoway.com,""
11051,faadforum.com,""
11052,ottawasun.com,""
11053,ammazzacasino.com,""
11054,indies-av.co.jp,""
11055,live-play-nows.com,""
11056,videohardamatoriali.com,""
11057,optage.co.jp,""
11058,netcontent.cc,""
11059,kamelego.be,""
11060,gfy.com,""
11061,bbwsxxx.com,""
11062,techweekeurope.co.uk,""
11063,2adultflashgames.com,""
11064,jiangsu.gov.cn,""
11065,filmeporno2.net,""
11066,xgay.pro,""
11067,thickumz.com,""
11068,aneros.com,""
11069,sexwank.com,""
11070,nookthem.com,""
11071,gettyimages.com.br,""
11072,avcontent.media,""
11073,longclassictube.com,""
11074,xvideoporno.xxx,""
11075,bunity.com,""
11076,cnil.fr,""
11077,kaspersky.pt,""
11078,cosmobetpartners.com,""
11079,ai-porn.cc,""
11080,iwmf.ir,""
11081,teenorgytube.com,""
11082,lkstrck2.com,""
11083,wpbuddy.net,""
11084,statuspal.io,""
11085,ganpao.cc,""
11086,crestondentistindianapolis.com,""
11087,latinasculonas.top,""
11088,xxxvideoeditor.com,""
11089,assdrill.cc,""
11090,blogvporn.com,""
11091,gayvideo.ws,""
11092,onlinecasinopulse.com,""
11093,hasiok.com,""
11094,opodo.es,""
11095,doubleclick.com,""
11096,ukg.net,""
11097,opap.gr,""
11098,onebestporno.com,""
11099,wankspider.com,""
11100,hljnews.cn,""
11101,mediadim.com.ua,""
11102,momangcasino.se,""
11103,365dm.com,""
11104,jvbill.com,""
11105,wiki.gallery,""
11106,shaoxing.com.cn,""
11107,vlan.be,""
11108,casinoajax.com,""
11109,freshadultblogs.com,""
11110,bignaturals.com,""
11111,hrzine.jp,""
11112,seancodynetwork.com,""
11113,entsoftgroup.com,""
11114,pornoculotte.com,""
11115,cxpublic.com,""
11116,spacexxx.com,""
11117,spytug.com,""
11118,gambleonline.ca,""
11119,dvdrev.com,""
11120,kalambagames.com,""
11121,yelp.com.tw,""
11122,dom.com,""
11123,dirbam.lt,""
11124,deovr.com,""
11125,uwmedicine.org,""
11126,youbunny.com,""
11127,pornstarbyface.com,""
11128,government.bg,""
11129,inews.id,""
11130,bwin.gr,""
11131,havingsexvideo.com,""
11132,xvideos.blog.br,""
11133,fc678.xyz,""
11134,milfsultra.com,""
11135,spotifycdn.com,""
11136,claro.com.ni,""
11137,papa1024.com,""
11138,gozone.me,""
11139,mathjax.org,""
11140,hima-po.com,""
11141,dmgmedia.co.uk,""
11142,mydirtyteengirlfriend.com,""
11143,xl-gaytube.com,""
11144,sakura-nsk.com,""
11145,sekasividiyo.com,""
11146,adultassociate.com,""
11147,sexvideotube.org,""
11148,livesexgerman.com,""
11149,fhaccess.com,""
11150,moms-films.com,""
11151,xnxxorg.de,""
11152,greekporn.info,""
11153,videosdesexo.biz,""
11154,finelovedolls.com,""
11155,bezzybc.com,""
11156,pornvideosday.com,""
11157,anybunny.cfd,""
11158,gaytubechannels.com,""
11159,siteassets.net,""
11160,h18ani3.xyz,""
11161,archdaily.com.br,""
11162,kostenlosepornofilme.biz,""
11163,isti.ir,""
11164,fuckmegrandpa.com,""
11165,findadultdomains.com,""
11166,hu-manity.co,""
11167,hotpornfile.org,""
11168,eefocus.com,""
11169,skullgirlsmobile.com,""
11170,aboutcookies.org,""
11171,oldnfat.com,""
11172,economx.hu,""
11173,pubg7.com,""
11174,porno365.sexy,""
11175,fuli360.com,""
11176,paparazzigr.tv,""
11177,nakedhills.com,""
11178,babelogbook.com,""
11179,citeulike.org,""
11180,rsi.ch,""
11181,extremefantasycalls.com,""
11182,bpo.travel,""
11183,pectim.it,""
11184,foxcorporation.com,""
11185,pornbimbo.com,""
11186,freepornhot.com,""
11187,whiteteenagers.com,""
11188,info.gouv.fr,""
11189,excellentbusiness.eu,""
11190,nudevista.es,""
11191,zoolivefuck.shop,""
11192,poool.fr,""
11193,cdic.ca,""
11194,meteogalicia.gal,""
11195,ehg-pp.com,""
11196,stepbrothersex.com,""
11197,seekinghardcocks.com,""
11198,javfilms.com,""
11199,contra.com,""
11200,hdxnxx.stream,""
11201,usclaro.com,""
11202,mrindianporn.com,""
11203,javhdgg.com,""
11204,spilo.dk,""
11205,winhubpartners.com,""
11206,exoticssudan.com,""
11207,eniyioyunlar.com,""
11208,exitbee.com,""
11209,3elife.net,""
11210,51avtt.com,""
11211,fhchannel.com,""
11212,highload.solutions,""
11213,lovewoman.ru,""
11214,icuf.org,""
11215,yngdha.cc,""
11216,forumfree.net,""
11217,betssonbrasil.com,""
11218,lyllocasino.com,""
11219,loup.ai,""
11220,fatfruit.live,""
11221,vetstav.ru,""
11222,kaspersky.it,""
11223,themewagon.com,""
11224,shorthandstories.com,""
11225,c212.net,""
11226,topblackporn.com,""
11227,fatmaturebabes.com,""
11228,mature.eu,""
11229,adultgames.games,""
11230,tp.media,""
11231,dp2311c.link,""
11232,sxshentai.com,""
11233,gratishard.com,""
11234,kktix.com,""
11235,wirtrauern.de,""
11236,lazybosonline.com,""
11237,hindisexfilms.com,""
11238,hotmomxxx.net,""
11239,topnudemalecelebs.com,""
11240,weborvos.hu,""
11241,javfindx.com,""
11242,bizarrmodels24.com,""
11243,diamond-fudosan.jp,""
11244,zdfheute.de,""
11245,polsatnews.pl,""
11246,haofabiao.com,""
11247,xgusta.com,""
11248,hardasian.com,""
11249,target-video.com,""
11250,zazzle.co.uk,""
11251,extremelyroughporn.com,""
11252,playojo.de,""
11253,pornomulher.cyou,""
11254,porno-shack.com,""
11255,pornovideos-hd.com,""
11256,pgportal.gov.in,""
11257,tooopen.com,""
11258,amateurpics.xyz,""
11259,popularindiansex.com,""
11260,gaysexuality.com,""
11261,freeadult100.com,""
11262,tavoos.net,""
11263,roosterpartners.media,""
11264,kznera.org.za,""
11265,18teenboys.net,""
11266,winnipegsun.com,""
11267,sex18xxx.com,""
11268,nudecams.xxx,""
11269,tsel.id,""
11270,youpornxvideos.net,""
11271,afroporn.net,""
11272,baiku-sokuho.info,""
11273,radioafrica.digital,""
11274,ineed2s.ro,""
11275,mysexporn.com,""
11276,sexytimez.net,""
11277,ottocasino.se,""
11278,eroticporn.pro,""
11279,archive.today,""
11280,vintagesextube.com,""
11281,emol.cl,""
11282,bestchange.biz,""
11283,geovisite.com,""
11284,duna.cl,""
11285,lesbianloveonly.com,""
11286,pornopishki.com,""
11287,ruvideos.net,""
11288,tube8k.com,""
11289,strato.es,""
11290,disneyhentai.com,""
11291,bitrix24.cn,""
11292,babygotboobs.com,""
11293,jobly.fi,""
11294,boobsandtits.co.uk,""
11295,adrak.net,""
11296,tnaxxx.com,""
11297,builttosend.com,""
11298,bitpin.ir,""
11299,supergames.com,""
11300,sex3dcomix.com,""
11301,toolforge.org,""
11302,hubspot.fr,""
11303,nahad.ir,""
11304,hottestbbwsite.com,""
11305,naughtylinxxx.com,""
11306,chinesemix.com,""
11307,webwag.com,""
11308,xhs03.cc,""
11309,4dex.io,""
11310,allofteens.com,""
11311,dawson-miller.ws,""
11312,sihub.in,""
11313,vegas.se,""
11314,exploredhollywood.com,""
11315,efe.com,""
11316,hubs.ly,""
11317,chigua520.com,""
11318,varbamisteenused.ee,""
11319,bestxxxclips.info,""
11320,mrvegas.com,""
11321,rotlicht-verzeichnis.com,""
11322,honeyschool.com,""
11323,tz1288.com,""
11324,abebooks.de,""
11325,yagov30.com,""
11326,metawin.com,""
11327,qqc520.com,""
11328,madou360.com,""
11329,lovethepink.com,""
11330,handjobjapan.com,""
11331,faveasians.com,""
11332,xnxxhd.tv,""
11333,gaysexxnxx.cc,""
11334,nurse666.com,""
11335,inextlive.com,""
11336,indianxxxmovies.com,""
11337,dartsearch.net,""
11338,claro.com.ec,""
11339,wikihow.jp,""
11340,teamtalk.com,""
11341,whistleblowernetwork.net,""
11342,kazino-bet.com,""
11343,rmzxb.com.cn,""
11344,popularindianxxx.com,""
11345,restofworld.org,""
11346,wedia.gr,""
11347,szandora.com,""
11348,akcniceny.cz,""
11349,gole-doma-cice.info,""
11350,eurozet.pl,""
11351,filmxfrancais.net,""
11352,pxhere.com,""
11353,rmzxw.com.cn,""
11354,mobilefuckporn.com,""
11355,mhawala.af,""
11356,eatkinda.com,""
11357,lizardporn.com,""
11358,just18teen.net,""
11359,petametrics.com,""
11360,influencehercollective.com,""
11361,nataliefiore.com,""
11362,xvideoz.pro,""
11363,bbend.com,""
11364,discuz.net,""
11365,mogobet.com,""
11366,18japanporn.cc,""
11367,applecard.apple,""
11368,directadmin.com,""
11369,fftelecoms.org,""
11370,vintagepornvideos.pro,""
11371,live-sex-xxx.info,""
11372,dregle.com,""
11373,goorientalgirls.com,""
11374,ramblergroup.com,""
11375,wifeysworld.com,""
11376,oldgaybearclips.com,""
11377,sexualstories.club,""
11378,gayporno1.de,""
11379,nordicasino.com,""
11380,ashleysageellison.com,""
11381,cookiefirst.com,""
11382,chemnitz-models.com,""
11383,damplipssex.com,""
11384,shahhure.com,""
11385,spmraf.ga,""
11386,findingpussy.com,""
11387,mycamdirect.com,""
11388,bdsm-extrem.com,""
11389,linkshare.ne.jp,""
11390,igap.net,""
11391,landh.beauty,""
11392,indishare.com,""
11393,babycentre.co.uk,""
11394,bdsmneedle.com,""
11395,peggingxxx.com,""
11396,gilfadventures.com,""
11397,gunzblazing.com,""
11398,maturescam.com,""
11399,12371.cn,""
11400,sxxy.com,""
11401,meng01.top,""
11402,analdiscounts.com,""
11403,watch-my-gf.com,""
11404,gayfuckporn.com,""
11405,mc-doualiya.com,""
11406,hal.science,""
11407,048000.xyz,""
11408,interfax.com.ua,""
11409,koreanpornotube.com,""
11410,public-sex-porn.com,""
11411,girlsgonewild.com,""
11412,ekonomickydenik.cz,""
11413,pornsitezone.com,""
11414,hairyfannies.net,""
11415,nudevista.se,""
11416,spyhospital.com,""
11417,cazinouriro.ro,""
11418,cangku.moe,""
11419,true-babesxxx.com,""
11420,tybito.com,""
11421,umotherfuckers.com,""
11422,teenfickthart.com,""
11423,pornvideoondemand.org,""
11424,ohiobids.us,""
11425,asiansexthrills.com,""
11426,18tube.sex,""
11427,lemontreeandco.com,""
11428,silicone-sexy-doll.com,""
11429,truesex.pro,""
11430,tgirl40.com,""
11431,zlatanbet.se,""
11432,velog.io,""
11433,desixxxsex.com,""
11434,secretsexcontacts.co.uk,""
11435,hubapi.com,""
11436,movie-adult-porn.com,""
11437,doseofporn.com,""
11438,gloria.hr,""
11439,realpornmovies.com,""
11440,blackporn.tube,""
11441,eurocupid.com,""
11442,noirmale.com,""
11443,massiveattack.ie,""
11444,v-cdn.net,""
11445,onlinecasino.si,""
11446,pornmadura.com,""
11447,strato.nl,""
11448,idesires.com,""
11449,yyy.partners,""
11450,bravoteens.com,""
11451,pornrater.com,""
11452,pornofilmdomaci.com,""
11453,vendosupport.com,""
11454,gaijinent.com,""
11455,fattygirlsblog.com,""
11456,pornedup.com,""
11457,bondage.com,""
11458,rtr.ch,""
11459,snowcorp.com,""
11460,nike.com.cn,""
11461,suww.com,""
11462,bocconiceu.org,""
11463,oceanoflove.ru,""
11464,shm.com.cn,""
11465,hornyboobspics.com,""
11466,voissa.com,""
11467,extreme3dsex.org,""
11468,kddi-l.jp,""
11469,rou.video,""
11470,kissuz.top,""
11471,xvediosindian.com,""
11472,natursektmodels24.com,""
11473,metroidwiki.org,""
11474,100wpthemes.com,""
11475,sizzlejs.com,""
11476,center4porn.com,""
11477,svtstatic.se,""
11478,wordpressfoundation.org,""
11479,mrplay.dk,""
11480,drawn-hentai.com,""
11481,vermaduras.com,""
11482,ringier.com,""
11483,sexualdisgrace.com,""
11484,buzznet.com,""
11485,mommylovescock.com,""
11486,av-comparatives.org,""
11487,ahanbox.com,""
11488,roundandbrown.com,""
11489,as.ro,""
11490,outdoorjp.com,""
11491,gemius.ro,""
11492,dis.la,""
11493,ai-porn.tokyo,""
11494,homerun.co,""
11495,9377.com,""
11496,saweria.co,""
11497,oreillystatic.com,""
11498,360tres.com,""
11499,nextpic.com,""
11500,nowxxxtube.com,""
11501,jibafuli.com,""
11502,alcary.com,""
11503,bartarinha.com,""
11504,nelisa.com,""
11505,brainjoltmedia.com,""
11506,worldbbwp.com,""
11507,freelancer.ie,""
11508,regions-annonceslegales.com,""
11509,karvaiset.com,""
11510,pornjourney.ai,""
11511,xxx365porno.com,""
11512,21naturals.com,""
11513,rufox.ru,""
11514,machbank.com,""
11515,porntop.com,""
11516,makfax.com.mk,""
11517,sexarab.cc,""
11518,harete.com,""
11519,sexsau.info,""
11520,continuitycentral.com,""
11521,1pondo.tv,""
11522,xxxodessa.net,""
11523,bfsexyvideo.com,""
11524,idbi.co.in,""
11525,lucahsedap.com,""
11526,topvids.net,""
11527,analmodels24.com,""
11528,videopornogostoso.com,""
11529,networknmedia.com,""
11530,ifreshporn.com,""
11531,netbet.co.uk,""
11532,ideapocket.com,""
11533,jixxporn.com,""
11534,twinsporn.net,""
11535,chanz.cloud,""
11536,canadamirror.com,""
11537,skyline.studio,""
11538,finestsexvideos.com,""
11539,d2l.com,""
11540,newgaybearsex.com,""
11541,ivintageeroticaporn.com,""
11542,flg118.xyz,""
11543,pussy888fun.club,""
11544,gid.ru,""
11545,xxxvideoondemand.org,""
11546,cittaceleste.it,""
11547,lambox.ru,""
11548,pinfaps.com,""
11549,fqbook.cc,""
11550,18teenlive.com,""
11551,pornogram.xxx,""
11552,lagaceta.com,""
11553,gaypornsky.com,""
11554,sweepstakescasino.net,""
11555,ocsc.go.th,""
11556,territorioscuola.com,""
11557,frontline.mk,""
11558,sexarab.icu,""
11559,adultnonveg.com,""
11560,nastygayphonesex.com,""
11561,tubeoriental.com,""
11562,irfarabi.com,""
11563,leather-time.ru,""
11564,corbinfisher.com,""
11565,olup-prednahora.sk,""
11566,bang-movies.com,""
11567,shoestock.com.br,""
11568,asaakira.com,""
11569,hdxxxmood.com,""
11570,anobii.com,""
11571,segurosfalabella.com,""
11572,freeadultarchives2.com,""
11573,webcam-erotik.com,""
11574,authenticjav.com,""
11575,magnum.my,""
11576,xenoserieswiki.org,""
11577,pan.gal,""
11578,starfywiki.org,""
11579,mustang.cloud,""
11580,videosxamateur.com,""
11581,redtubemov.com,""
11582,worldwidegamblers.com,""
11583,ost-models.com,""
11584,milfslist.com,""
11585,9xmovie.cc,""
11586,chinesewebcamgirls.com,""
11587,historyextra.com,""
11588,foxdcg.com,""
11589,hdpornpro.com,""
11590,desiboobs.club,""
11591,bancofalabella.cl,""
11592,etemadonline.com,""
11593,mobxvideos.com,""
11594,haps.pl,""
11595,xnxx.net,""
11596,sexhindisex.com,""
11597,slotsjudge.com,""
11598,someav.com,""
11599,catchthemes.com,""
11600,matureworld.ws,""
11601,sextflirt.com,""
11602,sexkontakte.life,""
11603,blogtrottr.com,""
11604,deepfakeporn.net,""
11605,porntube.red,""
11606,amateripremium.com,""
11607,kuroten.biz,""
11608,lyd.com.cn,""
11609,rawdicks.com,""
11610,taptapkit.com,""
11611,milf300.com,""
11612,xxxsexmovie.xyz,""
11613,radyod.com,""
11614,buildyourownfleshlight.com,""
11615,trn.mk,""
11616,hdporncomics.com,""
11617,fallsviewcasinoresort.com,""
11618,pinkgames.com,""
11619,mobileboner.com,""
11620,srxxx.live,""
11621,vcgf5e-dj02.com,""
11622,noticiasilimitadas.pt,""
11623,ondacero.es,""
11624,enterpriseholdings.com,""
11625,dorcelnetwork.com,""
11626,flameofporn.com,""
11627,bbwphonesex.uk,""
11628,gap.im,""
11629,stroeerdigitalgroup.de,""
11630,psoft.sk,""
11631,gettyimages.in,""
11632,localxlist.com,""
11633,the-feeding-tube.com,""
11634,matrix.to,""
11635,freesroom.com,""
11636,telesex-webcam.online,""
11637,fickdate.net,""
11638,studytimes.cn,""
11639,tokyoxxxo.com,""
11640,footlocker-inc.com,""
11641,xhamsterxxx.de,""
11642,eroticmv.com,""
11643,pse.is,""
11644,shegods.com,""
11645,videosxxxsenoras.com,""
11646,gizmoxxx.com,""
11647,colombianasculonas.com,""
11648,casumocares.com,""
11649,pussieshairy.org,""
11650,camonster.com,""
11651,zozovideo.com,""
11652,ipso.co.uk,""
11653,gamblersanonymous.ru,""
11654,amateurcommunity.com,""
11655,bustykerrymarie.com,""
11656,hackenproof.com,""
11657,free-xxx.xyz,""
11658,filmxporno.fr,""
11659,kinkybitches.co.uk,""
11660,sikatika.com,""
11661,niceporn.tv,""
11662,ititsporn.com,""
11663,avdvd.tv,""
11664,hd-camsex.com,""
11665,xxxnxxx.pro,""
11666,rubateen.com,""
11667,analpornovideos.net,""
11668,bukkakemovie.org,""
11669,jurnalul.ro,""
11670,nudegirls18.com,""
11671,lezsex.net,""
11672,idxchannel.com,""
11673,exclusiveclub.com,""
11674,vcyzvip.com,""
11675,symplr.de,""
11676,elitecupid.com,""
11677,vipemlak.az,""
11678,analindiantube.com,""
11679,myinstamojo.com,""
11680,topindianp.com,""
11681,coomeet.com,""
11682,novinhasafada.com.br,""
11683,kaspersky.com.vn,""
11684,12phuket.com,""
11685,maturetube.su,""
11686,liara.ir,""
11687,hollywoodraces.com,""
11688,affect3d.com,""
11689,18-porn.me,""
11690,properporn.net,""
11691,romantic-sex-video.com,""
11692,pornrewind.com,""
11693,bet3000.de,""
11694,thehealthlotteryfoundation.org.uk,""
11695,anaconda.com,""
11696,wanthookup.com,""
11697,rosewill.com,""
11698,tubiedronka.pl,""
11699,fstatic.com,""
11700,roosterspartner.media,""
11701,insexus.com,""
11702,arlinadzgn.com,""
11703,meister.co,""
11704,baojinews.com,""
11705,kaylakupcakes.com,""
11706,erstegroup.com,""
11707,i-pclub.com,""
11708,sosporntube.com,""
11709,newsmana.com,""
11710,williams-sonomainc.com,""
11711,privilegedsoftware.com,""
11712,desipornmovies.com,""
11713,voyeuraiporn.com,""
11714,porn-hab.com,""
11715,chanzaffiliates.com,""
11716,hotxxxteen.com,""
11717,leoncas.com,""
11718,hotblackbitchs.com,""
11719,hqchip.com,""
11720,iaui.gov.lv,""
11721,www-porno-365.com,""
11722,keywee.co,""
11723,graja.net,""
11724,m6.fr,""
11725,scrubtheweb.com,""
11726,frenzy-fishin.com,""
11727,bwhstatus.com,""
11728,redventures.com,""
11729,html5up.net,""
11730,uslegalforms.com,""
11731,gaysexcamboys.com,""
11732,cumbox.tv,""
11733,afuckx.com,""
11734,pussyslide.com,""
11735,livelywallpaper4k.com,""
11736,elle.pl,""
11737,escortcanadaonline.com,""
11738,itc.cn,""
11739,pianetamilan.it,""
11740,ulm-models.com,""
11741,analsexporno.info,""
11742,lustporno.com,""
11743,starbet.rs,""
11744,pornohai.com,""
11745,kuailefun.com,""
11746,onsports.gr,""
11747,torrends.to,""
11748,thesexcinema.com,""
11749,mzdiamondphonesex.com,""
11750,dial4mommy.com,""
11751,asianpclips.com,""
11752,largevintage.com,""
11753,filmepornoxxl.com,""
11754,karups.com,""
11755,hardspankingsex.com,""
11756,pornolymp.com,""
11757,sex-monsters.com,""
11758,skyprivate.com,""
11759,cloudswiftcdn.net,""
11760,vintagepornmovies.name,""
11761,tarife.at,""
11762,watchhervideo.com,""
11763,playsponsible.at,""
11764,girldh.com,""
11765,rfi-instrumental.com,""
11766,eroprn.com,""
11767,neko.games,""
11768,unlimitedaccesspass.com,""
11769,shemaleporno.dk,""
11770,huishoushang.com,""
11771,krs-sro.ru,""
11772,privatepornovideos.com,""
11773,standardbank.co.ao,""
11774,brazilcupid.com,""
11775,vejthvm.com,""
11776,duo03.top,""
11777,online.ua,""
11778,totally-shaved-pussy.com,""
11779,freepornox.com,""
11780,codivorexxx.com,""
11781,ftopx.com,""
11782,zvab.com,""
11783,ad-italia.it,""
11784,extra.cz,""
11785,casumocareers.com,""
11786,bullyporn.com,""
11787,szexlinkek.eu,""
11788,crisp.chat,""
11789,toyeebuy.com,""
11790,pornoviolaciones.pro,""
11791,sac.net.cn,""
11792,goodump.com,""
11793,list.ru,""
11794,badgirlsporn.net,""
11795,ubembed.com,""
11796,dot-st.tw,""
11797,sexxnxx.icu,""
11798,myebonygf.com,""
11799,zavdh.cc,""
11800,xnxxtubevideos.com,""
11801,opodo.at,""
11802,iGap.net,""
11803,sweetdiscreet.com,""
11804,votretania.com,""
11805,redtub.online,""
11806,sexcam6.net,""
11807,vmclnk.com,""
11808,acsbapp.com,""
11809,gyerekszoba.hu,""
11810,sportsinfosolutions.com,""
11811,incestxxxtube.com,""
11812,greatcanadian.com,""
11813,annonces-legales.fr,""
11814,hotbitchhigh.com,""
11815,casinos-slovenia.com,""
11816,xnxxorg.com,""
11817,coxautoinc.com,""
11818,mybb.com,""
11819,wildshemalemovies.com,""
11820,hustlernewsstand.com,""
11821,swappz.com,""
11822,gemius.hu,""
11823,f1g.fr,""
11824,tilda.ws,""
11825,pornoroulette.com,""
11826,eczine.jp,""
11827,ksta-medien.de,""
11828,web-date.co.uk,""
11829,andpi.link,""
11830,porndude.link,""
11831,semaox.com,""
11832,bobcasino.com,""
11833,linkhumper.com,""
11834,slack-edge.com,""
11835,bigcamtube.com,""
11836,bandao.cn,""
11837,rtl2.fr,""
11838,mtg.wiki,""
11839,slackcertified.com,""
11840,oldmaturetv.com,""
11841,adult-home-videos.com,""
11842,twgays.com,""
11843,babeimpact.com,""
11844,justuk.club,""
11845,retrofreetube.com,""
11846,monstersexblog.com,""
11847,armyweb.cz,""
11848,hostave2.net,""
11849,realsexcash.com,""
11850,kai-you.net,""
11851,sapphic-erotica-sex.net,""
11852,teens-escort.com,""
11853,falabella.io,""
11854,topxxxhd.com,""
11855,guvenilir-bahis-siteleri89.com,""
11856,asian1on1page.com,""
11857,elfsight.com,""
11858,amb888.ceo,""
11859,polygamia.pl,""
11860,jumptoon.com,""
11861,pusher.com,""
11862,apasport.az,""
11863,sportna-loterija.si,""
11864,bigboobsalert.com,""
11865,porndeals.com,""
11866,gamtest.se,""
11867,sekelekasian.com,""
11868,accessibe.com,""
11869,bca.co.id,""
11870,aic.ru,""
11871,nudeteenphoto.com,""
11872,enjoyx.com,""
11873,ba24.ir,""
11874,sportsport.mk,""
11875,kts.fox,""
11876,deezteens.com,""
11877,skillbrains.com,""
11878,kaspersky.co.th,""
11879,rule-34.xxx,""
11880,tufu.cn,""
11881,lestechnophiles.com,""
11882,hartz4-telefonsex.com,""
11883,mypickupgirls.com,""
11884,pimpbus.com,""
11885,zexy-en-soudan.net,""
11886,creative-tim.com,""
11887,porn-n.com,""
11888,olivemagazine.com,""
11889,site5.com,""
11890,rule34.top,""
11891,putishorts.com,""
11892,answerthepublic.com,""
11893,stepsiblings.com,""
11894,sekasividiyobipi.com,""
11895,madurasporno.org,""
11896,asiantubevid.com,""
11897,malayporn.me,""
11898,online-casinocz.com,""
11899,meinyouporn.com,""
11900,adultblogsearch.net,""
11901,aiporn.moda,""
11902,dnv.com,""
11903,xinhuanew.com,""
11904,casinosicuristranieri.com,""
11905,elongstatic.com,""
11906,newsfilter.org,""
11907,vonporno.com,""
11908,menatplay.com,""
11909,hm99.xyz,""
11910,smithsonianchannel.com,""
11911,milfsexdoll.com,""
11912,gayboypass.com,""
11913,doctoralia.cl,""
11914,only-amateur-porn.com,""
11915,apartmenttherapy.info,""
11916,cr.org,""
11917,yourmomlovesanal.com,""
11918,hardzooporn.shop,""
11919,pmpmedia.io,""
11920,ycen.com.cn,""
11921,SofieMarieLinks.com,""
11922,samelectronic.com,""
11923,hollywood4free.com,""
11924,fold3.com,""
11925,povlife.com,""
11926,discoverglobalnetwork.com,""
11927,historicerotica.net,""
11928,garenanow.com,""
11929,nudecam4.com,""
11930,genkit.dev,""
11931,tivolicasino.dk,""
11932,oldgaybearporn.com,""
11933,eduego.com,""
11934,myccc.ie,""
11935,seseditu.com,""
11936,androidmo.im,""
11937,outeast.com,""
11938,voymedia.com,""
11939,hairyaiporn.com,""
11940,dehati.cyou,""
11941,bandwidthtest.net,""
11942,dir-porn.com,""
11943,golssip.it,""
11944,trstd.com,""
11945,xvideos520.com,""
11946,mojtrg.me,""
11947,wetteenpanty.com,""
11948,xxxneverseen.com,""
11949,scotiabankchile.cl,""
11950,bigasiantitsporn.com,""
11951,cssn.cn,""
11952,maleto.ir,""
11953,racecoast.co.za,""
11954,excite.eu,""
11955,luckyones.site,""
11956,invertironline.com,""
11957,nfnews.com,""
11958,blackxxxwoman.com,""
11959,zadasas.com,""
11960,fucktube.monster,""
11961,kabooaffiliates.com,""
11962,crazytime-bangladesh.com,""
11963,fullporn.me,""
11964,fangrowth.biz,""
11965,sex2xs.com,""
11966,chazidian.com,""
11967,porn7gifs.com,""
11968,jep.be,""
11969,vkis.top,""
11970,louisianabids.us,""
11971,masseporno.com,""
11972,tiaojie.net.cn,""
11973,saggytits.org,""
11974,sexmeet.com,""
11975,cc-dt.com,""
11976,BtemplateBox.com,""
11977,mistressdestiny.com,""
11978,jaggle.nl,""
11979,xnxx.club,""
11980,filejungle.com,""
11981,babelcube.com,""
11982,pornotorrent.com.br,""
11983,homefuckingporn.com,""
11984,aperturefilmandvideo.com,""
11985,amateurviolations.com,""
11986,pornoblesk.net,""
11987,epratibha.net,""
11988,zodiacbet.com,""
11989,awmmazilla.com,""
11990,clothoff.io,""
11991,bookingholdings.com,""
11992,aldi-sued.com,""
11993,sexcam-monster.com,""
11994,vodgc.net,""
11995,pornforarab.com,""
11996,classicalmusicmp3freedownload.com,""
11997,informa.com,""
11998,pornohans.com,""
11999,eapressportal.com,""
12000,quizscape.com,""
12001,coolasianpussy.com,""
12002,orgyhaven.com,""
12003,socialmediapornstars.com,""
12004,jacquieetmichelelite.com,""
12005,apagroup.az,""
12006,spincasino.com,""
12007,mamacitaz.com,""
12008,nudify.online,""
12009,pornwebsite.ai,""
12010,sexy.cool,""
12011,xfuckster.com,""
12012,bellesafilms.com,""
12013,edgewall.org,""
12014,animopron.com,""
12015,ssn.sk,""
12016,toppornblogs.com,""
12017,wowhdporn.com,""
12018,bahalmag.ir,""
12019,reviews.co.uk,""
12020,livecasinos.com,""
12021,bigtitsexgf.com,""
12022,kaspersky.de,""
12023,whitexxxporn.com,""
12024,condenast.it,""
12025,glaad.org,""
12026,elkjopnordic.com,""
12027,vibragame.biz,""
12028,cheapphonesex.co.uk,""
12029,sexchineseporn.com,""
12030,gammacash.com,""
12031,camfancy.com,""
12032,thueringen.de,""
12033,sexplaycam.com,""
12034,solocamteens.net,""
12035,porn-lovers.com,""
12036,gfporndiscounts.com,""
12037,cuminhorse.shop,""
12038,smokinmovies.com,""
12039,z00.monster,""
12040,pornvideogifs.com,""
12041,affilas.com,""
12042,egyptsex.org,""
12043,nbcstore.com,""
12044,xxxdump.net,""
12045,pck.tv,""
12046,asiansexboobs.com,""
12047,rootzaffiliate.com,""
12048,madurases.com,""
12049,gq.com.cn,""
12050,filmnow.ro,""
12051,b2n.ir,""
12052,digicairn.fr,""
12053,momporncomics.com,""
12054,freelancer.pl,""
12055,shegotass.info,""
12056,turboimg.net,""
12057,cartoonsexmania.com,""
12058,simpals.com,""
12059,sextelefon-cam.com,""
12060,mixkit.co,""
12061,analyt.ir,""
12062,estanok.sk,""
12063,sekspornofilmovi.org,""
12064,tibetcnr.com,""
12065,tugjobs.com,""
12066,hdsexdb.com,""
12067,nederlandsepornofilm.com,""
12068,hcxo.shop,""
12069,sanoma-sndp.fi,""
12070,moonbingo.com,""
12071,hypebae.com,""
12072,netxinvestor.com,""
12073,myintimate.app,""
12074,adultasiantube.info,""
12075,arnas.com,""
12076,pgslots.shop,""
12077,sexycamgirlporn.com,""
12078,longisland.com,""
12079,fickente.com,""
12080,bbva.com,""
12081,topgeargreece.gr,""
12082,bizarre-mature-sex.com,""
12083,onmed.gr,""
12084,teentiger.com,""
12085,dirtyflix.com,""
12086,atom.com,""
12087,sexclips.cyou,""
12088,indianxxxhdvideo.com,""
12089,chinaqw.com,""
12090,nonnetroie.org,""
12091,pornofilmitaliani.com,""
12092,kaspersky.com.au,""
12093,cazinouriinternationale.com,""
12094,bankrolls.com,""
12095,mexicancupid.com,""
12096,amorporno.net,""
12097,ai-bot.cn,""
12098,marialovesporn.com,""
12099,story.hu,""
12100,om.cn,""
12101,jagex.com,""
12102,opodo.no,""
12103,vedetexxx.top,""
12104,claro.com.pe,""
12105,rtb-serve.com,""
12106,stubhubstatic.com,""
12107,zadn.vn,""
12108,imovirtual.com,""
12109,hydoll.de,""
12110,mywonderdoll.com,""
12111,fuliji520.com,""
12112,bidchance.com,""
12113,fuckyou4free.com,""
12114,t10.org,""
12115,free-videos-xxx.net,""
12116,leap-gaming.com,""
12117,tracking-genesisaffiliates.com,""
12118,tap.bio,""
12119,bnewporn.com,""
12120,chicamas.com,""
12121,aura.com,""
12122,videospornomulheres.com,""
12123,kuntcams.com,""
12124,eviewporn.com,""
12125,jdpower.com,""
12126,dothewife.com,""
12127,buckfuddiez.com,""
12128,starlightcasino.ca,""
12129,angelasian.com,""
12130,kovopedia.com,""
12131,magalu.com,""
12132,xxxtubes.party,""
12133,picsofpussy.com,""
12134,psjia.com,""
12135,shaggit.org,""
12136,xvideos-vi.com,""
12137,ninecareers.com.au,""
12138,acg123.co,""
12139,hdshemalez.com,""
12140,rotorbuilds.com,""
12141,imik.edu.in,""
12142,togetter.co.jp,""
12143,chicksin.com,""
12144,casinoudl.com,""
12145,joyourself.com,""
12146,youtopin.com,""
12147,frtyj.com,""
12148,confirmtkt.com,""
12149,nored.no,""
12150,aftrk3.com,""
12151,24casino.live,""
12152,dengroup.org,""
12153,bilan.ch,""
12154,mktoresp.com,""
12155,sexptv.com,""
12156,reteclima.it,""
12157,ijia.cc,""
12158,nr1hardcore.com,""
12159,femdomgoddessphonesex.com,""
12160,ibiznes24.pl,""
12161,3dmonsterporn.net,""
12162,f9tmep.net,""
12163,wyborcza.biz,""
12164,simplemachines.org,""
12165,lee.net,""
12166,superliga.ro,""
12167,18qingse.com,""
12168,rosyhub.com,""
12169,freelancer.gr,""
12170,64365.com,""
12171,pagesuite-professional.co.uk,""
12172,nc-img.com,""
12173,kaspersky.be,""
12174,svenskaspel.net,""
12175,jquery.org,""
12176,atmbandits.com,""
12177,realasianexposed.com,""
12178,acceptableads.com,""
12179,gettyimages.ch,""
12180,maradjonjatek.hu,""
12181,cdn3x.com,""
12182,xbooks.vip,""
12183,bitrix24.in,""
12184,cnxxxx.com,""
12185,mfemediaforeurope.com,""
12186,chibi-robo.wiki,""
12187,younganaltryouts.com,""
12188,regiedesmediasregionaux.be,""
12189,crowdcast.io,""
12190,gamblingorb-it.com,""
12191,tssnapsex.com,""
12192,thefappening.pm,""
12193,778345.com,""
12194,justgayxxx.com,""
12195,sarapbabe.com,""
12196,fanqie520.com,""
12197,pozefete.com,""
12198,postman.com,""
12199,scorevideos.com,""
12200,sexiestpornstars.com,""
12201,hrtya.com,""
12202,exclusiveindianporn.com,""
12203,rubabes.com,""
12204,locanto.co.id,""
12205,adultfans.net,""
12206,putasfotosgratis.com,""
12207,vrsex4k.com,""
12208,npdigital.com,""
12209,sensualmommyphonesex.com,""
12210,oddthemes.com,""
12211,ukikipedia.net,""
12212,okopka.ru,""
12213,thethingsnetwork.org,""
12214,91sqdh.com,""
12215,xxx-videosex.com,""
12216,bbwgottits.com,""
12217,xxoo360.com,""
12218,xxxtube1india.pro,""
12219,wildbbwporn.com,""
12220,milfavcisi.com,""
12221,sexiestegirls.com,""
12222,joiasmr.com,""
12223,quickerala.com,""
12224,viously.com,""
12225,thesocialadultnetwork.com,""
12226,harem69.com.br,""
12227,casinoluv.net,""
12228,gcavixens.com,""
12229,gamepro.de,""
12230,Fulltaboo.tv,""
12231,holylol.com,""
12232,free-bdsm-comics.com,""
12233,portfolium.com,""
12234,nbcolympics.com,""
12235,unionworks.org,""
12236,pornguide.blog,""
12237,slotvibeaffiliates.com,""
12238,musaclass.com.br,""
12239,best-dating-sites.com,""
12240,payu.pl,""
12241,bitrix24.site,""
12242,msnwebcamgirls.com,""
12243,ourjav.com,""
12244,nyacasino.se,""
12245,hitnspinpromo.com,""
12246,theadal-search.net,""
12247,sibche.com,""
12248,classy.org,""
12249,hotretroporn.com,""
12250,yeswegays.com,""
12251,gamania.com,""
12252,hot-amateur-phone-sex.com,""
12253,c-dn.net,""
12254,picszone.net,""
12255,bs-cams.com,""
12256,qingmifuli.xyz,""
12257,pypl.com,""
12258,clikfix.com,""
12259,vodafonethree.com,""
12260,bengalisexvideos.com,""
12261,bibian.co.jp,""
12262,the-3d-monster-sex.com,""
12263,bcd5.top,""
12264,hrvatskiporno.com,""
12265,virtualhotgirls.pro,""
12266,17ce.com,""
12267,penulisjaya.com,""
12268,pornsheriff.com,""
12269,sexwithmuslims.com,""
12270,memorybenchmark.net,""
12271,clikfixresident.com,""
12272,hottiemoms.com,""
12273,mlbstatic.com,""
12274,superzooi.com,""
12275,hotasianphonesex.com,""
12276,pornosbrasileiro.com,""
12277,apstylebook.com,""
12278,redtiger.com,""
12279,newgaybearporn.com,""
12280,shelovesfuck.com,""
12281,free4klivewallpaper.com,""
12282,nwnavi.info,""
12283,fuck25.com,""
12284,forzaroma.info,""
12285,pornjavhd.com,""
12286,adorethemes.com,""
12287,rctiplus.com,""
12288,1qh.cn,""
12289,you1news.com,""
12290,kaspersky.kz,""
12291,szexkepek.net,""
12292,tubetubetube.com,""
12293,grv.media,""
12294,fkdpanda.com,""
12295,lotarija.mk,""
12296,analonly.com,""
12297,exoticmozambique.com,""
12298,desipapa.xxx,""
12299,wsrv.nl,""
12300,hlx.page,""
12301,halloporno.net,""
12302,bestamateurtgp.com,""
12303,gocertify.me,""
12304,sexxxtube.net,""
12305,sakuralive.com,""
12306,pornselect.org,""
12307,eroticmonkey.ch,""
12308,clc2l.com,""
12309,alltube8.com,""
12310,porno-bar.com,""
12311,ping.pe,""
12312,cuckoldsporn.porn,""
12313,surfshark.com,""
12314,jkt48.com,""
12315,infocasino.es,""
12316,gentingcasino.se,""
12317,ifeedreaders.com,""
12318,pornomineiro.com,""
12319,momrape.com,""
12320,lbanke.com,""
12321,onepornlist.com,""
12322,videosmamas.top,""
12323,lucahcikgu.com,""
12324,ignimgs.com,""
12325,reason.org,""
12326,fansmetrics.com,""
12327,videosxxxcerdas.net,""
12328,intercom.help,""
12329,evolutiongaming.com,""
12330,bestasianvideos.com,""
12331,feedherfuckher.com,""
12332,softgarden.io,""
12333,enterprisezine.jp,""
12334,jastrzabpost.pl,""
12335,stringr.com,""
12336,himalayanbank.com,""
12337,chinawuliu.com.cn,""
12338,toptrendyinc.com,""
12339,theyeshivaworld.com,""
12340,telegraph.bg,""
12341,mtmx18.jp,""
12342,teqsa.gov.au,""
12343,premiumindianporn.com,""
12344,bcbd123.com,""
12345,groupe-telegramme.com,""
12346,shinsegaetvshopping.com,""
12347,uibcdn.com,""
12348,gamepcfull.com,""
12349,xxxtube.vip,""
12350,luckymeslots.dk,""
12351,hqthaiporn.com,""
12352,bgocoldchain.com,""
12353,gcs-web.com,""
12354,chengdu.gov.cn,""
12355,tokyoslaves.com,""
12356,viveport.com,""
12357,findbigcocks.com,""
12358,line-apps.com,""
12359,eep.io,""
12360,backlinkcheck.com,""
12361,lezporn.net,""
12362,liveneongirls.com,""
12363,bustycafe.com,""
12364,ratemyamateurporn.com,""
12365,vlibras.gov.br,""
12366,carfax.ca,""
12367,mynitro.io,""
12368,filthflix.com,""
12369,pussy-pics.net,""
12370,dreambdsm.com,""
12371,phonesexwithdaddysgirl.com,""
12372,basile.io,""
12373,xxxpornblogs.org,""
12374,luma.com,""
12375,tayori.com,""
12376,predpredaj.sk,""
12377,sexivideo.net,""
12378,shanghairanking.com,""
12379,airtimechicks.com,""
12380,tangotiger.com,""
12381,32redapp.com,""
12382,tinomedia.com,""
12383,moesenreport.com,""
12384,vampland.com,""
12385,forum-candaulisme.fr,""
12386,herzindagi.com,""
12387,bushporn.com,""
12388,freshteenporn.com,""
12389,manoramahorizon.com,""
12390,vintagesextube.name,""
12391,livesexl.com,""
12392,oc.eu,""
12393,milkmycock.com,""
12394,sexyindiafilms.com,""
12395,cumphotos.net,""
12396,nangaspace.com,""
12397,echo24.cz,""
12398,doubleclickbygoogle.com,""
12399,lunion.fr,""
12400,guilinlife.com,""
12401,muslimporn.com,""
12402,indoporntv.com,""
12403,pornlive.com,""
12404,ostexport.com,""
12405,titsplz.com,""
12406,ftuapps.dev,""
12407,shenyuncreations.com,""
12408,gaypornolist.com,""
12409,redirspinner.com,""
12410,customs.gov.cn,""
12411,cntronics.com,""
12412,babylonmoscow.com,""
12413,softnep.com,""
12414,italianxxx.pro,""
12415,nobonusaffiliates.com,""
12416,newgaypass.com,""
12417,porntv.top,""
12418,bienici.com,""
12419,teens-erotica.com,""
12420,goasiantube.com,""
12421,wefunder.com,""
12422,fortunejackpartners.com,""
12423,heyzo.com,""
12424,xxxtubezoo.shop,""
12425,hdsexz.com,""
12426,bftgirls.com,""
12427,ottawacitizen.com,""
12428,9cha11.cc,""
12429,podme.com,""
12430,B2n.ir,""
12431,pinchalou.com,""
12432,doncaprio.com,""
12433,boniohneeinzahlung.com,""
12434,nudewomenpics.net,""
12435,milfpayperview.com,""
12436,dapao.xyz,""
12437,latinamericancupid.com,""
12438,cottonbureau.com,""
12439,femmesnues.biz,""
12440,seexxarab.com,""
12441,lady-sonia.com,""
12442,contineljs.com,""
12443,xxnxx.lat,""
12444,adultvideodump.com,""
12445,errrotica.com,""
12446,kariyerkapisi.gov.tr,""
12447,myballoonporn.com,""
12448,36dianping.com,""
12449,celebsuncensored.com,""
12450,taose520.com,""
12451,theporndata.com,""
12452,i-movieth.com,""
12453,kinkvr.com,""
12454,bazoocam.org,""
12455,cdnjhd.com,""
12456,mailchimpmarketingsuccess.com,""
12457,freelancer.co.ke,""
12458,shandong.gov.cn,""
12459,free-gang-bangs.com,""
12460,baberoticavr.com,""
12461,webpay365.com,""
12462,www.uz,""
12463,aleysk22.ru,""
12464,ihookup.com,""
12465,cctvmall.com,""
12466,starlinktalk.com,""
12467,u.to,""
12468,videozzone.com,""
12469,go-vip.net,""
12470,vayagif.com,""
12471,miravia.es,""
12472,pixel.google,""
12473,pornpleasure.biz,""
12474,docuchina.cn,""
12475,publio.pl,""
12476,fuckingmegood.com,""
12477,coovun.com,""
12478,femdomlive.com,""
12479,sexfilme.best,""
12480,sorare.com,""
12481,best-sex-cam.info,""
12482,vintageteenporn.pro,""
12483,dynadot.com,""
12484,hornysexblogs.com,""
12485,braziltgirls.xxx,""
12486,over-blog.net,""
12487,mopoga.com,""
12488,sexxxydesiporn.com,""
12489,kondice.cz,""
12490,gdconf.com,""
12491,bragg.games,""
12492,thotslife.com,""
12493,dianyuan.com,""
12494,movzer.com,""
12495,intimcams.com,""
12496,porngifs.xxx,""
12497,facesittingmoms.com,""
12498,swoogo.com,""
12499,egeszsegkalauz.hu,""
12500,newsie.social,""
12501,spanish18.com,""
12502,milffabrik.com,""
12503,pagerankr.com,""
12504,pornox365.com,""
12505,pornosaitebi.com,""
12506,takepornmovies.com,""
12507,journalismtrustinitiative.org,""
12508,gogamepartners.com,""
12509,my.club,""
12510,webscountry.com,""
12511,xiangpiniu.com,""
12512,bluedaohang.club,""
12513,jkbrkwjuibr.com,""
12514,naughtydiscount.club,""
12515,mangahentai.co,""
12516,citytourgirls.com,""
12517,seduo.sk,""
12518,vacancesweb.be,""
12519,videoscaserosmadurasxxx.com,""
12520,kampyle.com,""
12521,itsmyurls.com,""
12522,groupem6.fr,""
12523,xinghuodh.com,""
12524,insurads.com,""
12525,raredownload.net,""
12526,lacasadelosfamososmexico.tv,""
12527,casinorama.com,""
12528,ldwgroup.com,""
12529,affitown.jp,""
12530,yelp.it,""
12531,freelancer.com.pe,""
12532,topu2020.com,""
12533,party.pl,""
12534,thebondagefiles.com,""
12535,ettelaat.com,""
12536,hockey-reference.com,""
12537,religija.mk,""
12538,grannymommy.com,""
12539,biomar.com,""
12540,sexo-vids.com,""
12541,whoreisland.net,""
12542,lesbianx.com,""
12543,porntourist.com,""
12544,paye1.org,""
12545,yanksvr.com,""
12546,nisshokyo.or.jp,""
12547,arousingvids.life,""
12548,fpncash.com,""
12549,xxxmobilporn.net,""
12550,incsr.eu,""
12551,fanza.com,""
12552,pvvstream.pro,""
12553,ai-dreamgirls.com,""
12554,rockradio.pl,""
12555,fznews.com.cn,""
12556,gqhongkong.com,""
12557,gmo.media,""
12558,freemomxxx.com,""
12559,kaipai.com,""
12560,ynetnews.com,""
12561,cached.cyou,""
12562,tnc.com.cn,""
12563,mykhel.com,""
12564,fhcontent.com,""
12565,partyhardcore.name,""
12566,chaturbate-ebony.com,""
12567,xxxindian.cyou,""
12568,onlinekasiinod.com,""
12569,glassdoor.be,""
12570,gettyimages.be,""
12571,planetkenthir.com,""
12572,8591.com.hk,""
12573,myvintagep.com,""
12574,lesbiansexcupid.com,""
12575,plussmobil.no,""
12576,telehit.com,""
12577,centresuite.com,""
12578,nudevista.tw,""
12579,prop24.com,""
12580,presse-citron.net,""
12581,bioeg.de,""
12582,japanhqxxx.com,""
12583,foxsports.android,""
12584,gizmodo.com.br,""
12585,tamilnet.com,""
12586,eurosexscene.com,""
12587,xxxvideo.lol,""
12588,amateur-pornofotos.com,""
12589,amateurcuntlips.com,""
12590,phimhinh.com,""
12591,crispindiansex.com,""
12592,shemalephonesex.co.uk,""
12593,interracialsexstories.net,""
12594,healthing.ca,""
12595,analqts.com,""
12596,violanews.com,""
12597,teamio.com,""
12598,ayacnews2nd.com,""
12599,tebeo.bzh,""
12600,ahanprice.com,""
12601,churchgatepartners.com,""
12602,gaminglabs.com,""
12603,exgirlfriendsluts.com,""
12604,gruppotim.it,""
12605,momporn.xxx,""
12606,freepovporn.com,""
12607,iol.it,""
12608,igape.es,""
12609,tokyoadultguide.com,""
12610,kakh-labkhand.net,""
12611,lesvoyagesdelalibre.be,""
12612,dismall.com,""
12613,szse.cn,""
12614,yelp.com.sg,""
12615,cartoonxxx.info,""
12616,momspussy.net,""
12617,fantasymaturep.com,""
12618,milkandt.com,""
12619,cuantafauna.com,""
12620,tuboporno.net,""
12621,lamalinks.com,""
12622,sexyaf.net,""
12623,videovecchietroie.com,""
12624,blogmarks.net,""
12625,gettogether.community,""
12626,18huluwa.com,""
12627,footballi.net,""
12628,gqmagazine.fr,""
12629,artlib.ru,""
12630,itshirts.ru,""
12631,kiosquemag.com,""
12632,omni.se,""
12633,xvideos-de.com,""
12634,singleamericangirls.com,""
12635,jit.si,""
12636,moodyz.com,""
12637,fapfappy.com,""
12638,modelcastingcall.com,""
12639,sexyvintage80s.com,""
12640,Adultgamesworld.com,""
12641,harddrivebenchmark.net,""
12642,conselleriadefacenda.es,""
12643,freelancer.cl,""
12644,banothamot.org,""
12645,sexyfuck.me,""
12646,slotxo24hr.win,""
12647,canada-tgirl.com,""
12648,okno.mk,""
12649,videospornogratisx.net,""
12650,fuck55.net,""
12651,bidswitch.net,""
12652,anal.media,""
12653,haosebao.com,""
12654,bigtitinvasion.com,""
12655,teenassholeporn.com,""
12656,dirtyzooporn.shop,""
12657,casinogrounds.com,""
12658,bezzymigraine.com,""
12659,go8.edu.au,""
12660,livefyre.com,""
12661,lasolitaire.com,""
12662,porn-avi.com,""
12663,bulevar.mk,""
12664,pornx.to,""
12665,partnerbcgame.com,""
12666,kit.com,""
12667,phonesexwork.net,""
12668,desifakes.com,""
12669,blockedpages.com,""
12670,sexvideo-film.com,""
12671,sexyescortsinbeirut.com,""
12672,skypixel.com,""
12673,indianmovs.com,""
12674,gamesdirectoryworld.com,""
12675,storyporntube.com,""
12676,eidolocal.gal,""
12677,caesars.com,""
12678,spletnestave.com,""
12679,topsitedirectory.net,""
12680,zenim-se.info,""
12681,badteenspunished.com,""
12682,waqi.info,""
12683,mangahere.com,""
12684,privatmodels24.com,""
12685,gentlefieldpattern.com,""
12686,freegrannyvideos.com,""
12687,hentaia.net,""
12688,indonesianescorts.info,""
12689,videosxxxmexicanas.com,""
12690,snipurl.com,""
12691,hotasiantgp.com,""
12692,trustpilot.net,""
12693,cuckoldphonesexwife.com,""
12694,bestgaypass.com,""
12695,miakhalifa.com,""
12696,escortdude.com,""
12697,meetingtransexuals.com,""
12698,dirtylittlewhore.com,""
12699,pornmovieshot.com,""
12700,profreeporno.com,""
12701,pathivu.com,""
12702,ohmygaming.partners,""
12703,ancestry.ca,""
12704,lacynylons.com,""
12705,evolova.com,""
12706,thefreesite.com,""
12707,11freunde.de,""
12708,eroticfuckvids.com,""
12709,recruitment.lv,""
12710,allblackx.com,""
12711,edgedatg.com,""
12712,chargebee.com,""
12713,oksexdoll.com,""
12714,starzinotracker.com,""
12715,cash.app,""
12716,bliss-babes.com,""
12717,gamesrv1.com,""
12718,freelancer.com.ua,""
12719,tuttobolognaweb.it,""
12720,freematuresgallery.com,""
12721,xvideos2.pro,""
12722,interracialcupid.com,""
12723,jobteaser.com,""
12724,thaisexfilms.com,""
12725,sdf.org,""
12726,abcnewsstore.com,""
12727,dragalialost.wiki,""
12728,bola88pp.org,""
12729,mipang.com,""
12730,20aff.com,""
12731,a-hentai.tv,""
12732,freevoyeurnude.com,""
12733,ssref.net,""
12734,wpcdn.pl,""
12735,grandpoker.eu,""
12736,bezzyms.com,""
12737,classicpornonline.com,""
12738,amazing-asses.com,""
12739,morf.id,""
12740,audible.com.br,""
12741,adultmediafinder.com,""
12742,imake.porn,""
12743,bustycafe.net,""
12744,sipradi.com.np,""
12745,oldgaysbear.com,""
12746,xxxmom.pro,""
12747,vrpornjack.com,""
12748,tube8-pornos.com,""
12749,kyodonews.net,""
12750,emily-grayson.online,""
12751,nylonpicks.com,""
12752,top-sex-videos.com,""
12753,xxxgirlsporn.com,""
12754,japanesefemdomvideos.com,""
12755,mrpornsites.net,""
12756,click-here-porn.com,""
12757,doctoralia.com.mx,""
12758,openbadges.me,""
12759,gifhubporn.com,""
12760,wifemovies.net,""
12761,vxsbill.com,""
12762,dmm-corp.com,""
12763,thesportstak.com,""
12764,xxxtubeshub.com,""
12765,transbella.com,""
12766,bigmouthfuls.com,""
12767,promoslotoro.com,""
12768,idbi.bank.in,""
12769,fuchsporn.com,""
12770,porn-film.pro,""
12771,kaspersky.com.hk,""
12772,sarinavalentina.com,""
12773,sourdline.com,""
12774,pszn.cz,""
12775,limetorrent.to,""
12776,amateurincest.org,""
12777,pornwatts.com,""
12778,nicegirlsfucked.com,""
12779,themeruby.com,""
12780,bondageaiporn.com,""
12781,tiava.name,""
12782,france24-mcd-rfi.com,""
12783,voxi.co.uk,""
12784,asianxxxgirls.cc,""
12785,yourimmo.de,""
12786,37status.com,""
12787,imgwet.com,""
12788,primepornlist.com,""
12789,twelvefifteen.net,""
12790,rundfunkbeitrag.de,""
12791,teenporn24.net,""
12792,db.jobs,""
12793,glassdoor.de,""
12794,alpinefloor.su,""
12795,megatitspost.com,""
12796,teenadultvideo.com,""
12797,virtualgirls.pro,""
12798,monkeycdn.com,""
12799,fastsoso.cn,""
12800,xxxtik.net,""
12801,kaspersky.dk,""
12802,demandbase.com,""
12803,seshop.com,""
12804,xHamster.com,""
12805,eroticjapan.com,""
12806,amateur-tagebuch.com,""
12807,afterlife-ragnarok.com,""
12808,gettyimages.de,""
12809,mix.com,""
12810,ok-xxx.com,""
12811,amateurcommunity.gratis,""
12812,ndchost.com,""
12813,cgu.gov.br,""
12814,perfectgirls.click,""
12815,samuraipartners.com,""
12816,sweetlicious.net,""
12817,hijabhookup.com,""
12818,shogakukan.co.jp,""
12819,jali.me,""
12820,shuzio.com,""
12821,smithsonianjourneys.org,""
12822,ticketac.com,""
12823,ynpxrz.com,""
12824,ai-girlfriend.co,""
12825,ptcdn.info,""
12826,wankworld.com,""
12827,f1technical.net,""
12828,escortamsterdam1.com,""
12829,hamstube.com,""
12830,jordanaviation.jo,""
12831,teendailytube.com,""
12832,fritz.com,""
12833,goidirectory.gov.in,""
12834,tjeezers.cam,""
12835,dream.bet,""
12836,okcis.cn,""
12837,lezbohoneys.com,""
12838,football.fr,""
12839,brasiltudoliberado.com,""
12840,rant.li,""
12841,sexycams69.com,""
12842,tightsexporn.com,""
12843,ynjn.jp,""
12844,sonp.or.th,""
12845,justbet.co,""
12846,fu8k.com,""
12847,primeslots.co.uk,""
12848,sexyxxxass.com,""
12849,lavenir.net,""
12850,jdoqocy.com,""
12851,free-assparade-pics.com,""
12852,vendasta.com,""
12853,dtscdn.com,""
12854,erotischekontakte.com,""
12855,site123.me,""
12856,stepstone.be,""
12857,exiraz.com,""
12858,casinocosmopol.se,""
12859,ashemaletv.com,""
12860,bauer-plus.de,""
12861,bizbudding.com,""
12862,rapidapi.com,""
12863,gettyimages.fi,""
12864,impact-ad.jp,""
12865,connexity.com,""
12866,sextaped.com,""
12867,babecall.com,""
12868,downkuai.com,""
12869,gamingcontrolcuracao.org,""
12870,iltapulu.fi,""
12871,hitwebcounter.com,""
12872,chips2.win,""
12873,yesvids.com,""
12874,erotische-schweiz.ch,""
12875,unimap.edu.my,""
12876,sexpornpictures.com,""
12877,nudepornpictures.com,""
12878,bigtitssexmovies.com,""
12879,stripporntube.com,""
12880,presidente.gal,""
12881,babesandbitches.net,""
12882,dachix.com,""
12883,ocsport.com,""
12884,srgssr.ch,""
12885,winzmedia.top,""
12886,tynulis.com,""
12887,traffic-media.co.uk,""
12888,tegna-media.com,""
12889,8wayrun.com,""
12890,gamedeveloper.com,""
12891,virtualgirlporn.com,""
12892,mianhuatang.co,""
12893,vironlisenssikasinot.com,""
12894,goldfmnews.lk,""
12895,pizdefrumoase.top,""
12896,sexytext.com,""
12897,sdc.com,""
12898,lightspeedhq.com,""
12899,ticketswizard.com,""
12900,maduras.best,""
12901,hqvsex.com,""
12902,boabronha.com,""
12903,sjzdaily.com.cn,""
12904,amcnconnect.com,""
12905,berbuatbaik.id,""
12906,jenmadison.com,""
12907,livescoregroup.com,""
12908,mixretro.com,""
12909,vintagemilf.pro,""
12910,edmontonsun.com,""
12911,fapster.xxx,""
12912,anal.casa,""
12913,techaro.lol,""
12914,eispop.com,""
12915,moustique.be,""
12916,tube4k.com,""
12917,asiantube.tv,""
12918,fotzenporno.com,""
12919,sexysets.net,""
12920,anzhuo.cn,""
12921,phone-sex.co.uk,""
12922,pewex.pl,""
12923,freetubep.com,""
12924,miodottore.it,""
12925,wildfortune8.io,""
12926,gqkorea.co.kr,""
12927,nostrabet.co.uk,""
12928,thecreepybookclub.com,""
12929,firstanaldate.com,""
12930,kostenlosereifefrauen.com,""
12931,vaginke.me,""
12932,xxx-sex.org,""
12933,casinosiderudenomrofus.com,""
12934,lesbianpornq.com,""
12935,qlitics.com,""
12936,setka.ru,""
12937,intel.cn,""
12938,shuzik.com,""
12939,billieeilishporn.com,""
12940,ppxcm.com,""
12941,nudecams.cam,""
12942,sex-cam-webcams.com,""
12943,connect.de,""
12944,ikea.es,""
12945,gfx.ms,""
12946,idbibank.com,""
12947,impureteens.com,""
12948,youngjump.jp,""
12949,refresher.hu,""
12950,emiratescasino.com,""
12951,shorturl.asia,""
12952,watchmyexgf.net,""
12953,bayan.co.ir,""
12954,boodigo.com,""
12955,sinajs.cn,""
12956,lotustechnologies.lk,""
12957,cdnbunny.org,""
12958,lemensuel.com,""
12959,milfslikeitbig.com,""
12960,sexhdr.com,""
12961,pussyporn.vip,""
12962,求人ボックス.com,""
12963,hairypornotube.com,""
12964,damnbang.com,""
12965,pornoliveshows.com,""
12966,traffic-manager.net,""
12967,francemm.com,""
12968,zzfull.com,""
12969,lookfreshp.com,""
12970,europemodels24.com,""
12971,fingerfrigging.com,""
12972,betanything.eu,""
12973,casinochileonline.net,""
12974,bettermodelpayout.com,""
12975,s-onetag.com,""
12976,yelp.com.ph,""
12977,18sqdh.com,""
12978,porn-porn.biz,""
12979,gotporn.tel,""
12980,ziweishuba.icu,""
12981,biomart.cn,""
12982,adultplace.com,""
12983,gettyimages.se,""
12984,insidevoa.com,""
12985,69ycc.xyz,""
12986,gentingcasino.dk,""
12987,yts.do,""
12988,bbwdatingsites.org,""
12989,pornosaiti.com,""
12990,realfilipinaamateurs.com,""
12991,luckypantsbingo.com,""
12992,unidadeditorial.com,""
12993,asiansexstar.com,""
12994,x-stars.tv,""
12995,commerzbank.com,""
12996,qtts.net,""
12997,freeporn8.click,""
12998,manning.com,""
12999,pornegypt.com,""
13000,gramedia.com,""
13001,gujarativideos.link,""
13002,dayshot.com,""
13003,foshannews.net,""
13004,fxopenprime.com,""
13005,hardxnxx.com,""
13006,pertunda.com,""
13007,hrtyj.com,""
13008,rocketgate.com,""
13009,wonderpush.com,""
13010,schleswig-holstein.de,""
13011,bukkakeaiporn.com,""
13012,restomp-excity.online,""
13013,lnk.bio,""
13014,zeldawiki.wiki,""
13015,collegehdsex.com,""
13016,kingdomgames.com,""
13017,titssexq.com,""
13018,southafricanporn.info,""
13019,sports-reference.com,""
13020,asoti.net,""
13021,pornsitesnow.com,""
13022,nineforbrands.com.au,""
13023,loquax.co.uk,""
13024,cqcb.com,""
13025,playluxx.com.au,""
13026,intesasanpaoloprivatebanking.it,""
13027,gaydemon.com,""
13028,hot-xnxx-video.com,""
13029,ipcworldwide.com,""
13030,p24.hu,""
13031,xxxmofovideos.com,""
13032,photoanywhere.com,""
13033,videolesbichemature.casa,""
13034,gywb.cn,""
13035,ebdoor.com,""
13036,cumdropinn.com,""
13037,teenqueens.net,""
13038,aboutcamgirls.com,""
13039,12idr.com,""
13040,allisonangel.info,""
13041,giants.jp,""
13042,installwhatsapp.net,""
13043,bitrix24.com.tr,""
13044,3d-sex-comic.com,""
13045,fatsexvideos.net,""
13046,sexy-teeny.com,""
13047,ccleaner.com,""
13048,leakslove.com,""
13049,mobivate.com,""
13050,sourcemobile.fr,""
13051,casinovilag.net,""
13052,3d-gays.com,""
13053,bobvoyeur.com,""
13054,bitrix24.ae,""
13055,wsj.net,""
13056,freexnxxporn.com,""
13057,dqklyz.cn,""
13058,maateen.me,""
13059,bitrix24.com.br,""
13060,jquerymobile.com,""
13061,shopdraftkings.com,""
13062,kenyancupid.com,""
13063,nudecosplaygirls.com,""
13064,vebeet.com,""
13065,tlg-api.com,""
13066,gluexmagazin-lotto-sh.de,""
13067,atn.edu.au,""
13068,aiporn.contact,""
13069,jocurigratuite.ro,""
13070,cumonphoto.com,""
13071,lions-matome.com,""
13072,fapello.com,""
13073,scam-detector.com,""
13074,footmarseillais.com,""
13075,daily.it,""
13076,truyen-hentai.com,""
13077,adult-matrix.net,""
13078,vidscrazy.com,""
13079,supertop-100.com,""
13080,indianporngirl.net,""
13081,burningangellive.com,""
13082,dads-banging-teens.com,""
13083,pornodot.net,""
13084,pikminwiki.com,""
13085,freelancer.ec,""
13086,razorcandi.com,""
13087,fussballtransfers.com,""
13088,zaya.io,""
13089,s-microsoft.com,""
13090,porkbrothers.com,""
13091,yznews.com.cn,""
13092,gotgayporn.com,""
13093,casinosapostas.com,""
13094,xn--spilavtinnetinuslandi-i0bg1zla.com,""
13095,adultreviews.net,""
13096,iransexi.com,""
13097,milfswildholiday.com,""
13098,smut-blogs.com,""
13099,chegg.org,""
13100,filmgratuitdesexe.com,""
13101,helpscout.com,""
13102,bookfinder.com,""
13103,topatoco.com,""
13104,pornbub62.com,""
13105,35p-cheap-phone-sex.com,""
13106,nastiestpornstars.com,""
13107,xipics.com,""
13108,yelp.com.tr,""
13109,pornplaybb.com,""
13110,orange.jo,""
13111,hentai2w.com,""
13112,marriedbutt.com,""
13113,privatetreffen.net,""
13114,spinwise.partners,""
13115,spillespille.no,""
13116,teenpornfap.com,""
13117,jotsex.com,""
13118,zhuhai.gov.cn,""
13119,hrvatska-lutrija.com,""
13120,aquickspank.com,""
13121,metropormetro.com,""
13122,friendlyjerk.com,""
13123,amateureindeutschland.com,""
13124,52tea.xyz,""
13125,japaneseflashers.com,""
13126,radiomango.fm,""
13127,latex-sexy-doll.com,""
13128,bet365.gr,""
13129,hhhbook.com,""
13130,openxcdn.net,""
13131,gaypasswordlinks.com,""
13132,dailynews.lk,""
13133,czechhunter.com,""
13134,personare.com.br,""
13135,blogoscop.com,""
13136,kaspersky.co.uk,""
13137,filmesexigratis.com,""
13138,marketban.com,""
13139,buttmobile.com,""
13140,bytednsdoc.com,""
13141,jumpmancares.co.uk,""
13142,BetDon.com,""
13143,ipadcasespot.com,""
13144,molindo.at,""
13145,randyblue.com,""
13146,dirtyfuckingsluts.com,""
13147,street-of-porn.com,""
13148,nurulive.com,""
13149,theme4all.com,""
13150,oldnanny.com,""
13151,diplomeo.com,""
13152,theocc.com,""
13153,velocityxfilms.com,""
13154,europafm.com,""
13155,adultxxxgames.eu,""
13156,goldenbull.se,""
13157,videosxxxfamiliares.com,""
13158,cricketbetpro.com,""
13159,quince.com,""
13160,cargurus.co.uk,""
13161,gedivisual.it,""
13162,manoramayearbook.in,""
13163,planet-katie.info,""
13164,betchan.com,""
13165,nhadatso.com,""
13166,lusthd.com,""
13167,tonicporn.com,""
13168,franceinfo.fr,""
13169,eroanime-movie.com,""
13170,dhapress.com,""
13171,celebritytube.video,""
13172,mosgu.ru,""
13173,alyporn.com,""
13174,pornvie.com,""
13175,hdxxxnow.com,""
13176,yelp.at,""
13177,deutschegratisporno.de,""
13178,cgw520.com,""
13179,multichain.com,""
13180,gtflixtv.com,""
13181,doctoralia.pe,""
13182,happynakedteengirls.com,""
13183,rapeporn.tv,""
13184,sxs34.cfd,""
13185,kingtraf.com,""
13186,tv2.com.tr,""
13187,sexyoung18.com,""
13188,arabmilf.pro,""
13189,fetishuno.com,""
13190,fullvideotube.me,""
13191,filebokep.com,""
13192,feetshows.com,""
13193,sexadept.com,""
13194,art-lingerie.com,""
13195,fantezii-erotice.net,""
13196,runet.me,""
13197,epochtimes.co.kr,""
13198,pornretroclips.com,""
13199,exelator.com,""
13200,asistentefinanciero.com,""
13201,adamandevefranchise.com,""
13202,poundedpussies.net,""
13203,hotgirlscumming.com,""
13204,8muses.xxx,""
13205,pornopodborki.ru,""
13206,9cha23.cc,""
13207,pornhub000.com,""
13208,ttcache.com,""
13209,hentaifucking.com,""
13210,stockroom.com,""
13211,gayvideoondemand.org,""
13212,male-sex-toys.org.uk,""
13213,speedtorrent.com,""
13214,wggames.cn,""
13215,leaderpost.com,""
13216,giochi123.it,""
13217,fantasygf.ai,""
13218,sexoasis.biz,""
13219,trans4fans.com,""
13220,sexybaccarat168.com,""
13221,aisan-porn.org,""
13222,bola88mu.org,""
13223,indonesiancupid.com,""
13224,sava.insure,""
13225,ipmadvertising.be,""
13226,fetishstudy.com,""
13227,pragmaticplay.com,""
13228,sex-austria.com,""
13229,sexvr.com,""
13230,pornvideoclip.tv,""
13231,balitour.net,""
13232,esm.sh,""
13233,pika-kasinot.com,""
13234,gostories.com,""
13235,calgaryherald.com,""
13236,fanbyte.com,""
13237,pornononna.com,""
13238,tubegaybear.com,""
13239,vintagetube.me,""
13240,hugescock.com,""
13241,xxxfilm.bid,""
13242,app17.com,""
13243,gallerybloggertemplates.com,""
13244,thinakaran.lk,""
13245,artofwar.ru,""
13246,eua.eu,""
13247,getproton.me,""
13248,fuckables.org,""
13249,cnnmexico.com,""
13250,out.be,""
13251,glassdoor.nl,""
13252,beachmodel.com,""
13253,devpost.com,""
13254,genesysaffiliates.com,""
13255,donnenudegratis.com,""
13256,smutsubmit.com,""
13257,whitehousecams.com,""
13258,pelmorex.com,""
13259,mposport.site,""
13260,adm.gov.it,""
13261,premianasledie.ru,""
13262,exclusivepornblogs.com,""
13263,videosxxxveteranas.com,""
13264,hartmann-shop.ru,""
13265,dreamtv.com.tr,""
13266,newstool.de,""
13267,maravilha.info,""
13268,welovecatz.hu,""
13269,iid.jp,""
13270,videosporno.ai,""
13271,xxx-tube.me,""
13272,bseipf.com,""
13273,governo.it,""
13274,gplusmedia.com,""
13275,imctrck.com,""
13276,bluepixelsprofits.com,""
13277,lightpdf.com,""
13278,aspiringminds.com,""
13279,bookmarklinks.com,""
13280,tube-for-porn.com,""
13281,americanmusclehunks.com,""
13282,actionpass.com,""
13283,yeniasir.com.tr,""
13284,gndaily.com,""
13285,archdaily.mx,""
13286,watchyoujerk.com,""
13287,reblog.hu,""
13288,skirtporn.com,""
13289,pornbase.org,""
13290,ososedki.com,""
13291,hdxxxfree.com,""
13292,ehi.com,""
13293,astrology.gr,""
13294,yourxxxtube.net,""
13295,aiporn.ink,""
13296,japanese-manga.com,""
13297,tube8.institute,""
13298,olympic-casino.com,""
13299,geilicdn.com,""
13300,amateurporn24.net,""
13301,hongxiuzh.com,""
13302,escortnews.com,""
13303,billeriq.com,""
13304,maximum.dating,""
13305,oldnfatmovies.com,""
13306,hotsexyplumpers.com,""
13307,opodo.nl,""
13308,blowjobindianporn.com,""
13309,stmikroyal.ac.id,""
13310,beemoov.com,""
13311,freelancer.pt,""
13312,bunnytube.pro,""
13313,placeholder.com,""
13314,adultlinks.top,""
13315,langdd.com,""
13316,newstakers.com,""
13317,realmomsonfuck.com,""
13318,united-internet-for-unicef-stiftung.de,""
13319,free-6-xxx.com,""
13320,lustex.net,""
13321,teens-love-oldmen.com,""
13322,digivarsity.com,""
13323,bbwafx.com,""
13324,casino1128.com,""
13325,alliance4creativity.com,""
13326,amfiles.xyz,""
13327,Augustinepay.com,""
13328,sexcelebrity.net,""
13329,tuberb.com,""
13330,pervxxxmedia.com,""
13331,coloringcrew.com,""
13332,atam.gov.tr,""
13333,intensedebate.com,""
13334,bustyarianna.com,""
13335,mgln.ai,""
13336,sexlist.tv,""
13337,olecams.com,""
13338,dickfree.com,""
13339,betmaze.com,""
13340,tetonas.best,""
13341,createyourowncareer.com,""
13342,uniconsent.com,""
13343,brutalbdsmtube.com,""
13344,1porn.press,""
13345,mat6tube.makeup,""
13346,rakutenmarketing.com,""
13347,nubilescash.com,""
13348,soundcloud.android,""
13349,lexology.com,""
13350,brionydouglas.com,""
13351,xxxmaturesexporntube.com,""
13352,sitelock.com,""
13353,hanman100.com,""
13354,marporno.com,""
13355,joypornvideos.com,""
13356,zhainandaohang.com,""
13357,morian.icu,""
13358,idbitc.in,""
13359,admarketplace.com,""
13360,sbgi.net,""
13361,3dbadgirls.com,""
13362,buliang520.com,""
13363,xxxpornozinho.blog.br,""
13364,classicpornmovies.pro,""
13365,pralinevideo.net,""
13366,livesexcam.org.uk,""
13367,amateure.net,""
13368,imlive.com.pl,""
13369,fuckingmotherfucker.com,""
13370,onzemondial.com,""
13371,rhodeislandbids.us,""
13372,hornyhill.se,""
13373,3dsexpictures.net,""
13374,1kmovies.cc,""
13375,ice-spin.com,""
13376,xxxmom.net,""
13377,ratemyhornywife.com,""
13378,skopje1.mk,""
13379,freelancer.com.ar,""
13380,capitaller.ru,""
13381,thephatness.com,""
13382,7feel.net,""
13383,taylorbow.tv,""
13384,povheaven.com,""
13385,sexy168.vip,""
13386,spy.sex,""
13387,phonesexleaderboard.com,""
13388,r10s.jp,""
13389,doctoralia.es,""
13390,zarinplus.com,""
13391,allnakedsluts.com,""
13392,takesbigcock.com,""
13393,homebbwp.com,""
13394,zinkra.com,""
13395,firebase.blog,""
13396,aamulehti.fi,""
13397,madoohd.com,""
13398,diwdzong11.cc,""
13399,vertbaudet.co.uk,""
13400,fireemblemwiki.org,""
13401,favefreeporn.com,""
13402,hotanimaltube.shop,""
13403,speedysurfcdn.net,""
13404,1xbetth.vip,""
13405,mthcdn.com,""
13406,suckcock.one,""
13407,readme.io,""
13408,kissablekaydin.com,""
13409,101milf.com,""
13410,devdojo.com,""
13411,porntuber.net,""
13412,education.gov.in,""
13413,matchwebcam.com,""
13414,hubsluts.com,""
13415,leovegasgroup.com,""
13416,outdoorbanger.com,""
13417,otsintood.ee,""
13418,burdamedia.pl,""
13419,static6.com,""
13420,zeroasian.com,""
13421,aiporn.casa,""
13422,aiservice.vn,""
13423,macstadium.com,""
13424,playhugelottos.com,""
13425,iheartmedia.com,""
13426,wikihowfarsi.com,""
13427,iphone4kwallpaper.com,""
13428,chesscomfiles.com,""
13429,crazytimescore.com,""
13430,babedump.com,""
13431,eseninpremia.ru,""
13432,okashi-oroshi.net,""
13433,joinaff.com,""
13434,horsebestiality.shop,""
13435,xvds.mobi,""
13436,nudeyoga.biz,""
13437,allurecams.com,""
13438,resalat-news.com,""
13439,oldbdsm.com,""
13440,digital-thread.com,""
13441,bodyinmind.com,""
13442,hoaxbuster.com,""
13443,svenvanbolt.de,""
13444,cam-free.com,""
13445,pornoincesto.pro,""
13446,fucking-homemade.com,""
13447,porn-movies.xyz,""
13448,thefetishguide.com,""
13449,mymp4movies.club,""
13450,eventim.us,""
13451,norskecasinosider.net,""
13452,yotafiles.com,""
13453,borderbangers.com,""
13454,zaiim.com,""
13455,jasmin.com.co,""
13456,subaonet.com,""
13457,freelancer.de,""
13458,duelbits.io,""
13459,mrsquirt.com,""
13460,freelancer.com.co,""
13461,mhrdnats.gov.in,""
13462,xhamsterpornos.de,""
13463,fbref.com,""
13464,tra.gov.eg,""
13465,velesa-mebel.ru,""
13466,areaporn.com,""
13467,jinja-modoki.com,""
13468,juggworld.com,""
13469,luckymeslots.de,""
13470,gigporno.com,""
13471,voodoo.com,""
13472,lesbianpworld.com,""
13473,selfdesire.com,""
13474,usersporn.com,""
13475,vmo2digital.co.uk,""
13476,kaspersky.co.za,""
13477,pakistanporntube.net,""
13478,bunnybbwphonesex.com,""
13479,topescort.com,""
13480,tuaskbgnekr.com,""
13481,upbbw.com,""
13482,lottoindeutschland.de,""
13483,monsterhighdolls.ru,""
13484,ladysuzie.com,""
13485,recself.ru,""
13486,adrecover.com,""
13487,hdjavporn.com,""
13488,freelancer.cn,""
13489,mrplaypartners.com,""
13490,litres.com,""
13491,mr-play.de,""
13492,amateurfucking.xyz,""
13493,trainingindustry.com,""
13494,hdrsextube.com,""
13495,fastclick.net,""
13496,sexstories.xxx,""
13497,arabxvid.com,""
13498,177pica.com,""
13499,imgtiger.com,""
13500,sexarab.club,""
13501,qianzhengdaiban.com,""
13502,traveler.es,""
13503,prachtvoll.com,""
13504,phone-sex-perts.com,""
13505,osaka69.com,""
13506,8kteens.com,""
13507,elle.ro,""
13508,tanhualou.com,""
13509,tmwradio.com,""
13510,tranny.one,""
13511,line-scdn.net,""
13512,forceswarrecords.com,""
13513,gettyimages.com.mx,""
13514,elementscasinoflamboro.com,""
13515,girlfolio.com,""
13516,techdirt.com,""
13517,ahanmelal.com,""
13518,msecure103.com,""
13519,100dicks.com,""
13520,pornotamil.com,""
13521,visitcq.net,""
13522,thelifeerotic.com,""
13523,raped.name,""
13524,betting.bet,""
13525,guidingtechmedia.com,""
13526,poznatsvet.cz,""
13527,web.money,""
13528,aipornpictures.net,""
13529,17k.com,""
13530,fhyx.com,""
13531,asiacomics.com,""
13532,score24.com,""
13533,casinogruppen.de,""
13534,tube8.repair,""
13535,kds.tw,""
13536,jalebino.com,""
13537,myxxxdl.com,""
13538,playcity.gov.ua,""
13539,ageverif.com,""
13540,porn8.top,""
13541,racin.mk,""
13542,pornotube.com,""
13543,lazybuguru.lt,""
13544,favsite.jp,""
13545,whiskeybabes.com,""
13546,jbzx.live,""
13547,ikissgirls.com,""
13548,deinesexfilme.com,""
13549,reviewedporn.com,""
13550,alticefrance.com,""
13551,beyondaiporn.com,""
13552,kolsa.or.kr,""
13553,gobdsmporn.com,""
13554,mgn-doctor.ru,""
13555,feedpress.me,""
13556,zhazhiji520.com,""
13557,nudethaichicks.com,""
13558,porner.tv,""
13559,dinocams.com,""
13560,xxxarab.org,""
13561,thanhnien.com.vn,""
13562,net.com,""
13563,glance2shop.com,""
13564,yelp.be,""
13565,bhaskarassets.com,""
13566,onlineuthayan.com,""
13567,blackmodels24.com,""
13568,queen.gr,""
13569,bsexvideos.com,""
13570,newsbreak.com,""
13571,watchpfree.com,""
13572,Baixaki.com.br,""
13573,desicamgirls.com,""
13574,ramarventures.com,""
13575,1000novel.com,""
13576,vainporno.com,""
13577,xhamster.desi,""
13578,faponhd.com,""
13579,juejin.cn,""
13580,bigtithooker.com,""
13581,mommy4adultbaby.com,""
13582,bookmarkbutton.com,""
13583,bejav.net,""
13584,roboperv.com,""
13585,sexvideo.one,""
13586,sexecherche.com,""
13587,2eroticporn.cc,""
13588,gamblizard.com,""
13589,videospornogratuites.com,""
13590,fantasyhd.com,""
13591,grannytubexxx.com,""
13592,nubbwporn.com,""
13593,onlyindianporn2.com,""
13594,asianteengfs.com,""
13595,pornogrube.com,""
13596,profm.ro,""
13597,blogwars.com,""
13598,vieillecochonne.net,""
13599,sexybaccarat168.fun,""
13600,roosterspartners.media,""
13601,doxxbet.sk,""
13602,yandexcloud.net,""
13603,orientalpornmov.com,""
13604,vista.com,""
13605,bustycollegecoeds.com,""
13606,meps.school.nz,""
13607,digitalbox.com,""
13608,pisspanty.com,""
13609,gullvivalimited.se,""
13610,herfreshmanyear.com,""
13611,arabporn.me,""
13612,worldcasinoexpert.ro,""
13613,bestsextube.net,""
13614,fwicki.com,""
13615,clubtaylorrain.com,""
13616,pornmoz.com,""
13617,myclassictube.com,""
13618,mobify.cz,""
13619,kaspersky.fi,""
13620,xhamstervideos.de,""
13621,zattevrienden.be,""
13622,hdfuckvids.com,""
13623,williamhiggins.com,""
13624,red-life.de,""
13625,imlive.org.uk,""
13626,yelp.cz,""
13627,porn6tube.com,""
13628,gujarati.icu,""
13629,ecommerce4all.mk,""
13630,transsensual.com,""
13631,hotbabessexy.com,""
13632,usmint.gov,""
13633,yappy.media,""
13634,bigmarker.com,""
13635,oldbdsmovies.com,""
13636,klbd.in,""
13637,gamepix.com,""
13638,fckporn.com,""
13639,918fkw.com,""
13640,momswap.com,""
13641,zurnal.mk,""
13642,atmoskop.cz,""
13643,fuckytube.com,""
13644,mhaka.com,""
13645,needtwat.com,""
13646,japanpornhd.com,""
13647,jumia.com.gh,""
13648,parler.com,""
13649,connecto.io,""
13650,skipthegames.com,""
13651,sr.de,""
13652,gmgard.moe,""
13653,gettyimages.pt,""
13654,asiayounggirls.com,""
13655,themill.tech,""
13656,m6pub.fr,""
13657,realspin100.com,""
13658,wildteenparties.com,""
13659,ofkd2020.hu,""
13660,gamblingpro.pro,""
13661,chatterbate.net,""
13662,xxxcosplaypornvideos.com,""
13663,xn--stdlinjen-17a.se,""
13664,servenobid.com,""
13665,jacquieetmichelstars.com,""
13666,afcdn.com,""
13667,xerotica.com,""
13668,visa.co.in,""
13669,fullxxxmovie.com,""
13670,happywithvegas.com,""
13671,nolimitsphonesexhq.com,""
13672,hdsexok.com,""
13673,roosterpartner.media,""
13674,logsss.com,""
13675,numiopa.com,""
13676,lecrabeinfo.net,""
13677,mpires.ru,""
13678,topxxxhindi.com,""
13679,xfollow.com,""
13680,tgstc.com,""
13681,twlesbian.com,""
13682,jokeaday.com,""
13683,masterfap.net,""
13684,xxxszex.org,""
13685,mihoyo.com,""
13686,ncdex.com,""
13687,thexporn.com,""
13688,alexandramayerslive.com,""
13689,rlsredirect.com,""
13690,russiandatingmall.com,""
13691,liveshow-cams.com,""
13692,ratedicks.net,""
13693,7sobh.com,""
13694,shatelbox.ir,""
13695,18teenporno.tv,""
13696,digitalbloom.it,""
13697,watchmyamateurporn.com,""
13698,hotmoza.com,""
13699,petiteteens18.com,""
13700,fuckingmachineporn.com,""
13701,kissfatass.com,""
13702,pornasiansexvideo.com,""
13703,phimsexhd.cyou,""
13704,vintagepornlink.com,""
13705,mothersblog.gr,""
13706,redealeluia.com.br,""
13707,homepornbay.com,""
13708,wordpress.net,""
13709,50u.org,""
13710,livesexxx.de,""
13711,orias.fr,""
13712,readthedocs.org,""
13713,berezovo.ru,""
13714,vegasmaster.com,""
13715,boyfun.com,""
13716,njoag.gov,""
13717,ketchjs.com,""
13718,pg-demo.com,""
13719,indiatodayne.in,""
13720,metaporn.com,""
13721,videospornomexicanas.org,""
13722,goldcircle.co.za,""
13723,kosmetichka74.ru,""
13724,servclick1move.com,""
13725,gaybubble.com,""
13726,xhentai.pro,""
13727,openverse.org,""
13728,calgarysun.com,""
13729,yelp.es,""
13730,diabolic.com,""
13731,merkurporn.com,""
13732,gqindia.com,""
13733,pixmenow.com,""
13734,footballmanager.com,""
13735,preference.be,""
13736,cum-porn-tube.com,""
13737,pricerunner.com,""
13738,bigboobdreams.com,""
13739,freelancer.pk,""
13740,databasebenchmarks.net,""
13741,rbb24.de,""
13742,disneynow.com,""
13743,chinesepornhot.com,""
13744,wildfortune25.io,""
13745,playfinapartners.com,""
13746,predb.me,""
13747,picx.space,""
13748,filipinofuck.com,""
13749,ratenow.us,""
13750,hotshag.com,""
13751,cryoutcreations.eu,""
13752,fresonmagic.com,""
13753,thelotter.mx,""
13754,desiraesworld.com,""
13755,libertateapentrufemei.ro,""
13756,buondua.com,""
13757,adultcamslover.com,""
13758,forbes.hu,""
13759,red-life.net,""
13760,maturetroie.com,""
13761,e-i.com,""
13762,boobychristmas.com,""
13763,gapemypussy.com,""
13764,redwap.pro,""
13765,gentlemanbonus.com,""
13766,claro.com.hn,""
13767,thinakkural.lk,""
13768,kompozme.top,""
13769,betzrd.com,""
13770,weloveboyz.com,""
13771,logmeinrescue.com,""
13772,dancingbear.com,""
13773,simonscans.com,""
13774,yts.lt,""
13775,corporate.epson,""
13776,sexyrealsexdolls.com,""
13777,zgjx.cn,""
13778,sachsen-models.net,""
13779,creatorzine.jp,""
13780,mrfuck.net,""
13781,kostenlosepirnos.de,""
13782,exposure.co,""
13783,relax.by,""
13784,hsappstatic.net,""
13785,freehostia.com,""
13786,purrdesign.com,""
13787,locanto.com,""
13788,katsubet.partners,""
13789,wazdan.com,""
13790,hornybbwporn.com,""
13791,relax-gaming.com,""
13792,tinaporn.com,""
13793,starfoxwiki.info,""
13794,freebearporn.com,""
13795,distritocomedia.com,""
13796,bestcasinosnetwork.com,""
13797,xxxfreshpics.com,""
13798,pressenaevnet.dk,""
13799,beautifulandbusty.com,""
13800,ladyboy.xxx,""
13801,588tool.com,""
13802,abebooks.ca,""
13803,tetonas.icu,""
13804,cybernavidad.com,""
13805,digi-world.tv,""
13806,wargers.org,""
13807,allmimi.live,""
13808,fsb.com.br,""
13809,aiporn.beauty,""
13810,purebbwtube.com,""
13811,pgslotfish1.com,""
13812,rapesexvideo.com,""
13813,primeslots.de,""
13814,unglobalcompact.org,""
13815,hypemaps.com,""
13816,indiatodaygroup.com,""
13817,reneerossvideos.com,""
13818,lunubetplay.com,""
13819,avon.com.tw,""
13820,bojana-nudist.com,""
13821,khoshgelshoo.com,""
13822,grayvee.com,""
13823,woxxxo.com,""
13824,tube8.news,""
13825,potato7.com,""
13826,wurfl.io,""
13827,tagstat.com,""
13828,blueidea.com,""
13829,baharan.co,""
13830,japxnxx.com,""
13831,pervxxxtubes.com,""
13832,service-cmp.com,""
13833,wikibound.info,""
13834,jpostlite.co.il,""
13835,mdstrm.com,""
13836,adtech.de,""
13837,deutscheamateure24.com,""
13838,officialmemorabilia.com.au,""
13839,sexdating-community.com,""
13840,barecdn.com,""
13841,1fetish.org,""
13842,xn--tiniporn-23a.hu,""
13843,magentacloud.de,""
13844,nudeballet.org,""
13845,ywxi.net,""
13846,zaloapp.com,""
13847,xitongzhijia.net,""
13848,hqmilfsex.com,""
13849,hornyandhappy.com,""
13850,gayvideo.blog,""
13851,asianbabecams.com,""
13852,beeg18.com,""
13853,madamdolly.com,""
13854,click.ro,""
13855,granny-phonesex.com,""
13856,xingba360.com,""
13857,hazipatika.com,""
13858,pornstarslikeitbig.com,""
13859,emagazin.mk,""
13860,freesex-only4you.com,""
13861,join-shortest.com,""
13862,dagfs.com,""
13863,drakensang.com,""
13864,c-ctrip.com,""
13865,dmcGO.com.my,""
13866,swissinfo.ch,""
13867,i-love-mature.com,""
13868,drmahdighazi.com,""
13869,100voyeur.com,""
13870,bestchange.app,""
13871,vanitha.in,""
13872,pornohirschxxx.de,""
13873,partsmansxxxlinks.com,""
13874,jobijoba.com,""
13875,chinaporn.tv,""
13876,kidicaruswiki.org,""
13877,bitcasino.io,""
13878,phonesexy.com,""
13879,forrst.com,""
13880,shishnet.org,""
13881,signnow.com,""
13882,quebecormedia.com,""
13883,tgirlpostop.com,""
13884,webone.co,""
13885,tukuppt.com,""
13886,exoticdrc.com,""
13887,mr-gamble.com,""
13888,metamedialinks.com,""
13889,sex18.cam,""
13890,undressaiapp.pro,""
13891,blowjobpayperview.com,""
13892,sndimg.com,""
13893,bengali21.top,""
13894,boobslover.net,""
13895,dpgmediagroup.gr,""
13896,blacksonsluts.com,""
13897,topsport.mk,""
13898,paerchencams.com,""
13899,leovegas.es,""
13900,helixstudios.com,""
13901,ancestry.it,""
13902,nicesextube.pro,""
13903,visa.de,""
13904,mooon-princess.com,""
13905,baomitu.com,""
13906,freeusemilf.com,""
13907,gossipmembers.com,""
13908,lfx.dev,""
13909,thescottishsun.co.uk,""
13910,ya-zdorovyi.com,""
13911,crobox.com,""
13912,adameve.ca,""
13913,anysex.monster,""
13914,bbwfire.com,""
13915,asian-porn-videos.net,""
13916,onemall.vn,""
13917,pornrabbit.com,""
13918,skul.pl,""
13919,rideaucarletoncasino.com,""
13920,2girlsteachsex.com,""
13921,squirters.name,""
13922,ai-nudes.ai,""
13923,thepornclips.net,""
13924,foxcincy.com,""
13925,bureauveritas.lv,""
13926,manydicks.com,""
13927,vivid.com,""
13928,wycs001.xyz,""
13929,eroticjp.com,""
13930,fuckmypussy.club,""
13931,simplecastcdn.com,""
13932,torrentgalaxy.to,""
13933,polskiefilmyporno.com,""
13934,jib.store,""
13935,productzine.jp,""
13936,zhongche.com,""
13937,theme-junkie.com,""
13938,pornitro.com,""
13939,sekasavidiyo.com,""
13940,sex-xnxx.com,""
13941,yelp.com.br,""
13942,megastock.ru,""
13943,ozerny.ru,""
13944,grooby.com,""
13945,kick.com,""
13946,24xcdn.top,""
13947,internationalcupid.com,""
13948,gq-magazine.co.uk,""
13949,usercash.com,""
13950,md1234.com,""
13951,ometria.com,""
13952,newsprivacy.co.uk,""
13953,deutschefickfilme.net,""
13954,bbwhdmovie.com,""
13955,stepstone.com,""
13956,spelletjes.io,""
13957,withgrandma.com,""
13958,ah-soft.com,""
13959,yourmomsgotbigtits.com,""
13960,paypay.ne.jp,""
13961,kazinolietuva.com,""
13962,lostbetsgames.com,""
13963,lapor.go.id,""
13964,mediaflux.ro,""
13965,atp.fox,""
13966,urbanlifehk.com,""
13967,sexfilm.best,""
13968,madresculonas.top,""
13969,neuerotik.com,""
13970,milfhunter.com,""
13971,yuhhhh.com,""
13972,indianporncloud.com,""
13973,wildpartners.app,""
13974,goldenhero.com,""
13975,portaldaqueixa.com,""
13976,unlimited-porn-free.com,""
13977,xdom.biz,""
13978,bank.gov.ua,""
13979,blogsome.com,""
13980,hotchicksdaily.com,""
13981,nordicbet.dk,""
13982,bustyparadise.com,""
13983,theweek.in,""
13984,camzter.tv,""
13985,pornforfreegallery.com,""
13986,pornorips.com,""
13987,splatoonwiki.org,""
13988,admissions.nic.in,""
13989,videosxxxalemanas.com,""
13990,teengirlphotos.com,""
13991,freelancer.co.it,""
13992,ipornu.com,""
13993,animal-zilla.com,""
13994,dlsite.jp,""
13995,huatu.com,""
13996,analdriveway.com,""
13997,hotgirlsonfire.com,""
13998,ssstiktok.org,""
13999,govtech.com,""
14000,cceconptnr.org,""
14001,hypb.st,""
14002,toytoplist.com,""
14003,abcnewsfe.com,""
14004,bestbloggertemplates.net,""
14005,ismytube.com,""
14006,in35.com,""
14007,qmra.eu,""
14008,mompornotube.com,""
14009,moviepervert.com,""
14010,exoticcamgirls.com,""
14011,tourofbooty.com,""
14012,thrillsaffiliates.com,""
14013,teensanalyzed.com,""
14014,miibeian.gov.cn,""
14015,slutsimulator.com,""
14016,qingdao.gov.cn,""
14017,erogarga.com,""
14018,itunman.com,""
14019,os-templates.com,""
14020,hqavhd.com,""
14021,horuscasino.com,""
14022,wowpornlist.xyz,""
14023,technolife.com,""
14024,box.org,""
14025,hotassblog.com,""
14026,sextube.kim,""
14027,69avdh.com,""
14028,passmachine.eu,""
14029,rhwiki.net,""
14030,netflav.com,""
14031,xxxteencams.net,""
14032,latingalore.com,""
14033,fapforfun.net,""
14034,pornlive.tv,""
14035,casascm.pt,""
14036,audiohobby.ru,""
14037,kellyshibarixxx.com,""
14038,pheinc.com,""
14039,vintagesex.name,""
14040,stars-datespots.top,""
14041,sex-files.net,""
14042,ancestrycdn.com,""
14043,churchofjesuschrist.org,""
14044,xmaker.com,""
14045,hotsexypussies.com,""
14046,everydayhealth.care,""
14047,youngporno.com,""
14048,indianworldp.com,""
14049,michelle-aston.com,""
14050,damnlinks.com,""
14051,nengyuanjie.net,""
14052,idleriot.com,""
14053,kinghost.com,""
14054,freetrannydating.com,""
14055,alefbatour.com,""
14056,xn--szrspunci-27a31h.hu,""
14057,voidstar.com,""
14058,fairskypartners.com,""
14059,arm.com,""
14060,cyberoptik.net,""
14061,erosblog.com,""
14062,xvideosbr.blog,""
14063,kolesa.group,""
14064,freshlesbiansclip.com,""
14065,kaspersky.co.jp,""
14066,Bloggernity.com,""
14067,luckymeslots.co.uk,""
14068,socialmediagirls.com,""
14069,stuntswithcunts.com,""
14070,dominicancupid.com,""
14071,femmebelle.net,""
14072,adultptv.com,""
14073,dreamgf.ai,""
14074,sxyprn.top,""
14075,mytattoogirls.com,""
14076,hypeart.com,""
14077,alayans-media.com,""
14078,letmesendtraffic.com,""
14079,relevant-digital.com,""
14080,flyercity.ca,""
14081,gloriaglam.hr,""
14082,celebrityf.com,""
14083,mommygotboobs.com,""
14084,pornpaysites.net,""
14085,rakuten.net,""
14086,yequ360.com,""
14087,blogspottemplate.com,""
14088,bestjapanporn.cc,""
14089,reddxxx.com,""
14090,herzporno.com,""
14091,glassdoor.jp,""
14092,awsd.com,""
14093,ultimatesexvideos.com,""
14094,viagogo.net,""
14095,krcnr.cn,""
14096,javdb.com,""
14097,sexyasianescorts.co.uk,""
14098,freegayporno.net,""
14099,gslut.com,""
14100,github.community,""
14101,herodevs.com,""
14102,shetian.top,""
14103,dps.org.hk,""
14104,singular.net,""
14105,clearsale.com.br,""
14106,videosdemamas.top,""
14107,hostave4.net,""
14108,lanzhou.cn,""
14109,mrsexe.org,""
14110,takeindianporn.pro,""
14111,ovh.us,""
14112,chucklefish.org,""
14113,sex-travel.info,""
14114,gifporntube.com,""
14115,freenode.net,""
14116,3sat.de,""
14117,prenly.com,""
14118,footjob-hd.net,""
14119,pawoo.net,""
14120,jinan.gov.cn,""
14121,topchats.com,""
14122,onliporno.net,""
14123,putalocura.com,""
14124,ynicom.ru,""
14125,crazynovel.xyz,""
14126,heidh12.buzz,""
14127,cookinggames.com,""
14128,hydoll.jp,""
14129,all18.me,""
14130,pro-football-reference.com,""
14131,minute.ly,""
14132,bitmovin.com,""
14133,pornolisa.com,""
14134,allfreegaycams.com,""
14135,fundjournalism.org,""
14136,amateurxx.org,""
14137,severeporn.com,""
14138,pornstarsnaked.com,""
14139,indojavku.com,""
14140,kinkedai.com,""
14141,discourse-cdn.com,""
14142,identi.io,""
14143,camszone.com,""
14144,monogay.com,""
14145,thepornguy.org,""
14146,pornflix.to,""
14147,playgrandaffiliates.com,""
14148,topgirl.info,""
14149,camhub.live,""
14150,moblbaros.com,""
14151,0-dix.com,""
14152,tube8.rent,""
14153,clickandpledge.com,""
14154,audible.es,""
14155,hercampusmedia.com,""
14156,yiren115.cc,""
14157,incity.ru,""
14158,varentia.com,""
14159,softwaremarketshare.net,""
14160,dogsandcats.bg,""
14161,zumst.com,""
14162,autoxy.it,""
14163,joker123auto.com,""
14164,shld.net,""
14165,okstate.com,""
14166,cynthiasays.com,""
14167,iscoolmovies.com,""
14168,filtercams.com,""
14169,emedia.mk,""
14170,wickedphoneaddiction.com,""
14171,baddies.xxx,""
14172,painaltube.com,""
14173,17321.xyz,""
14174,porntaboofree.com,""
14175,zzdh520.com,""
14176,desipornmovies.net,""
14177,tnx.africa,""
14178,kleinanzeigenmarkt-rheinland.de,""
14179,teenhardsex.com,""
14180,roosterspartners.com,""
14181,hdpornly.com,""
14182,sexyactresses.top,""
14183,sedotv.com,""
14184,missouribids.us,""
14185,bideford.com,""
14186,zavitinsk.info,""
14187,website-hit-counters.com,""
14188,thirdworldporn.com,""
14189,printfriendly.com,""
14190,utsystem.edu,""
14191,hatena.co.jp,""
14192,baharnews.ir,""
14193,monstersofcock.com,""
14194,lale25725.com,""
14195,aidejeu.ca,""
14196,ttt520.com,""
14197,oe24cdn.biz,""
14198,picturesaiporn.com,""
14199,ats-tuning.ru,""
14200,32red.com,""
14201,sutekini.shop,""
14202,ajutacopiii.ro,""
14203,3d-lesbian.net,""
14204,mypornhd.com,""
14205,tronscan.io,""
14206,anal-beauty.com,""
14207,eurogirlsongirls.com,""
14208,robtex.com,""
14209,retropornfilms.com,""
14210,dirtygaybear.com,""
14211,xnxxbokep.vip,""
14212,3d-porn-comics.com,""
14213,fastmui.com,""
14214,boycam.net,""
14215,freehotgallery.com,""
14216,4kwallpaperengine.com,""
14217,una-europa.eu,""
14218,phimsexnhatbankhongche.org,""
14219,porn-hat.net,""
14220,leannecrowvideos.com,""
14221,virgool.io,""
14222,brandnewamateurs.com,""
14223,padapawn.com,""
14224,onlyxhamster.com,""
14225,camworldx.com,""
14226,geiledamen.com,""
14227,totoleak.com,""
14228,yummygirl.com,""
14229,vishivay.com,""
14230,91p789.com,""
14231,coxenterprises.com,""
14232,pornohdv.com,""
14233,ancestry.mx,""
14234,sexyfreundin.com,""
14235,seksmet.nl,""
14236,myamateurwebsite.com,""
14237,sexkontakt.com,""
14238,adtima.vn,""
14239,tragaperrasgratis.com,""
14240,gayvideo.gay,""
14241,xxx-shemaletube.com,""
14242,canlitv.direct,""
14243,classicpornotube.com,""
14244,sdk.mk,""
14245,alumaetg.com,""
14246,onlyallsites.com,""
14247,bestrealincestvideos.com,""
14248,api.cn,""
14249,trybbwporn.com,""
14250,imagendigital.com,""
14251,znanylekarz.pl,""
14252,teencreeper.com,""
14253,acx.com,""
14254,wowgayfuck.com,""
14255,bravesites.com,""
14256,juvenews.eu,""
14257,grannypornmovies.com,""
14258,tmwvrnet.com,""
14259,biolinky.co,""
14260,porntube2020.pro,""
14261,bestialityhorsefuck.shop,""
14262,linkin.bio,""
14263,auto-ping.com,""
14264,cbs.sa.gov.au,""
14265,iohentai.com,""
14266,hdpornwow.com,""
14267,archivx.to,""
14268,bestnudeamateurs.com,""
14269,livesex.com,""
14270,livedoor.net,""
14271,watchdisneyfe.com,""
14272,iab.cl,""
14273,ftimg.com,""
14274,instiengage.com,""
14275,ipinfo.io,""
14276,sexcam-free.com,""
14277,hentaifriday.com,""
14278,france-casinoenligne.com,""
14279,hostave3.net,""
14280,gohuskies.com,""
14281,xfun.bet,""
14282,medcitynews.com,""
14283,asiaxxxvids.click,""
14284,digi-life.tv,""
14285,cybersexpartner.com,""
14286,xxxelf.net,""
14287,onesiterip.com,""
14288,adult-list.com,""
14289,indiegamemag.com,""
14290,zalando.lu,""
14291,fruits.co,""
14292,rupay.co.in,""
14293,co.ro,""
14294,1xxx.org,""
14295,sayesazan-sk.com,""
14296,dahu3.xyz,""
14297,swallowed.com,""
14298,shopwalrus.com,""
14299,rawattack.com,""
14300,gfpics.com,""
14301,sportslogos.net,""
14302,bbwadventures.com,""
14303,analdrilledteens.com,""
14304,toptubeporn.com,""
14305,kooshacompressor.com,""
14306,xnxxoo.com,""
14307,nimg.jp,""
14308,sexegypt.org,""
14309,mindbox.ru,""
14310,pulsembed.eu,""
14311,visionplus.id,""
14312,ellas.pa,""
14313,enscape3d.com,""
14314,yelp.fr,""
14315,javdino.com,""
14316,luxevisa.com,""
14317,askmoney.com,""
14318,allinfo.kz,""
14319,firsttimeauditions.com,""
14320,lex-irrs01.com,""
14321,red-life.sk,""
14322,chocofuck.com,""
14323,jugendfest.de,""
14324,reclamefolder.nl,""
14325,dormtherapy.com,""
14326,ero-pick.com,""
14327,sewenvip.top,""
14328,12hanoi.com,""
14329,celebrity-captures.com,""
14330,wicked.com,""
14331,numberonephonesex.com,""
14332,businessclick.com,""
14333,toiimg.com,""
14334,computeremuzone.com,""
14335,theonlinecasino.co.uk,""
14336,trustly.net,""
14337,busty-britain.com,""
14338,tubesex.pro,""
14339,curator.io,""
14340,allpornomovies.net,""
14341,iphonebenchmark.net,""
14342,vintagextube.com,""
14343,zendesk.org,""
14344,themeinwp.com,""
14345,fetishtaboophonesex.com,""
14346,enwhore.com,""
14347,economia.cz,""
14348,mondoudinese.it,""
14349,tok.xxx,""
14350,wikihow.com.tr,""
14351,tokyofacefuck.com,""
14352,pressable.com,""
14353,vergewaltigungen.pro,""
14354,hotsexvideo.pro,""
14355,fetishfone.co.uk,""
14356,newsnationnow.com,""
14357,xen-factory.com,""
14358,listpasswords.com,""
14359,teachmyass.name,""
14360,talktome123.com,""
14361,little-lupe.info,""
14362,hobbyhuren-anzeigen.net,""
14363,deutschehausfrauenpornos.net,""
14364,relax-porn.com,""
14365,spankon.com,""
14366,firebase.community,""
14367,slot-pgsoft.com,""
14368,9377s.com,""
14369,letmefap.com,""
14370,eroticspankinginternet.com,""
14371,mygfporn.com,""
14372,navimro.com,""
14373,schibsted.media,""
14374,123apps.io,""
14375,chinajoy.net,""
14376,yaseksoeb.com,""
14377,milfbulucu.com,""
14378,freelancer.co.za,""
14379,augsburg-models.com,""
14380,desi-video-tube.com,""
14381,hellpartners.com,""
14382,hometubeporn.com,""
14383,zst.com.br,""
14384,disgraced18.com,""
14385,pingfarm.com,""
14386,qingting.fm,""
14387,robota.ua,""
14388,almamedia.fi,""
14389,ifriends.net,""
14390,africanfucktour.com,""
14391,vibez.pl,""
14392,ashakumara.com,""
14393,akhbar-rooz.com,""
14394,analpornhouse.com,""
14395,xxxporn4k.com,""
14396,over-blog.fr,""
14397,casumo.de,""
14398,i2chmeijin.com,""
14399,assdevotion.com,""
14400,fsiblog2.com,""
14401,drbdsmporn.com,""
14402,seseall.com,""
14403,ruik.cz,""
14404,adultvirtuality.com,""
14405,creamher.com,""
14406,pregnantsexxx.com,""
14407,pervertedlogic.com,""
14408,epochbase.com,""
14409,actionmatures.com,""
14410,vladimir-city.ru,""
14411,gioca-responsabile.it,""
14412,rollafuck.com,""
14413,poonmovies.com,""
14414,inbo.ir,""
14415,malltail.com,""
14416,121contacts.co.uk,""
14417,igli.me,""
14418,crazybabe.com,""
14419,hungarianhoneys.com,""
14420,video-tube-hd.com,""
14421,thesun.ie,""
14422,bosscreator.id,""
14423,porngull.com,""
14424,javbucks.com,""
14425,xxxvideo.wtf,""
14426,microformats.org,""
14427,sextubexxx.art,""
14428,tabaneshahr.com,""
14429,sonics.ir,""
14430,anyflip.com,""
14431,ggqx.com,""
14432,windsorstar.com,""
14433,porn-girls-tube.com,""
14434,vintagenudes.pro,""
14435,glass.com.cn,""
14436,wikimediafoundation.org,""
14437,mujeresmaduras.info,""
14438,gaycam.online,""
14439,talarkadeh.com,""
14440,jznews.com.cn,""
14441,adultdazzle.com,""
14442,stripcamfun.com,""
14443,hookup-nsa.com,""
14444,indianpornana.com,""
14445,hsck360.com,""
14446,275.com,""
14447,porrfilmsvensk.com,""
14448,bigcocksgay.com,""
14449,sexedchat.com,""
14450,gambleboost.com,""
14451,sanoma.fi,""
14452,32aa.com,""
14453,porno007.com,""
14454,xnxxhamster.net,""
14455,pin.porn,""
14456,paypal-corp.com,""
14457,gayfriendfinder.com,""
14458,vchelpu.com,""
14459,wpcc.io,""
14460,casinosinternacionalesonline.com,""
14461,jiuxinban.com,""
14462,bluedaohang.pw,""
14463,freepornc.com,""
14464,anal-cam.com,""
14465,martesfinanciero.com,""
14466,phonesexchatlines.co.uk,""
14467,xxxhot.video,""
14468,nastyblackphonesex.com,""
14469,surfwatch.com,""
14470,18bdsm.com,""
14471,ecommbanx.com,""
14472,pudcat.com,""
14473,charisma.ir,""
14474,impressholdings.com,""
14475,rakuten-life.co.jp,""
14476,playngo.com,""
14477,px-xcdn.com,""
14478,chubbyteensex.org,""
14479,lnk0.com,""
14480,needbang.com,""
14481,znxx.xyz,""
14482,mas.to,""
14483,lesbianpclips.com,""
14484,lazyporntube.com,""
14485,kangaroohanger.com,""
14486,pornito.xxx,""
14487,toppornpictures.com,""
14488,hotpreality.com,""
14489,slack-status.com,""
14490,swachhbharatmission.gov.in,""
14491,muffia.com,""
14492,jokeraffiliates.com,""
14493,hpjav.tv,""
14494,losangelesescortsxxx.com,""
14495,gaycamboys4.com,""
14496,psasolutions.info,""
14497,south-plus.net,""
14498,eemates.com,""
14499,cisa.gov,""
14500,lajiaodh.com,""
14501,qidianla.com,""
14502,grandeaffiliates.com,""
14503,connectbilling.com,""
14504,co2neutralwebsite.com,""
14505,bgodatacenters.com,""
14506,imagenpic.com,""
14507,thefaptube.com,""
14508,cumonphotos.com,""
14509,kcdn.online,""
14510,erotic-beauties.com,""
14511,bitrix24.id,""
14512,all-nude-celebs.net,""
14513,hardcoreorgies.org,""
14514,opodo.pl,""
14515,api-rfr.com,""
14516,shemalepower.xyz,""
14517,gridoto.com,""
14518,stream-leak.com,""
14519,abeta.co.uk,""
14520,progenealogists.com,""
14521,beianrufsex.at,""
14522,olaporno.com,""
14523,thefrappening.so,""
14524,analfuckthrills.com,""
14525,yelp.com.hk,""
14526,asiansexyporn.com,""
14527,hottestvintagesite.com,""
14528,geetest.com,""
14529,glamourescorts.net,""
14530,scoutboys.com,""
14531,naidunia.com,""
14532,centrohelp.eu,""
14533,fx678img.com,""
14534,yottaa.net,""
14535,hawaiibids.us,""
14536,superonlinecasino.com,""
14537,smartsurvey.co.uk,""
14538,xxxdaily.info,""
14539,bt4g.org,""
14540,bpsecure.com,""
14541,pornsv.com,""
14542,xxxporno.biz,""
14543,db.no,""
14544,karriere-lotto-sh.de,""
14545,uniquedump.com,""
14546,jihlavske-listy.cz,""
14547,cartacapital.com.br,""
14548,bookmaker.help,""
14549,studivz.net,""
14550,mojohost.com,""
14551,brokestraightboys.com,""
14552,fistingfans.com,""
14553,royalcamslive.com,""
14554,xxxvideohd.sex,""
14555,digi.ro,""
14556,watchandwager.com,""
14557,ksxxoo.com,""
14558,hernudepics.com,""
14559,monsterofcocks.net,""
14560,newfucktube.com,""
14561,xoxoav.com,""
14562,toyota.com.au,""
14563,idn789kw03.shop,""
14564,cum-on.com,""
14565,freeadultmedia.com,""
14566,heyhentai.com,""
14567,pornxxxpictures.net,""
14568,erogames.com,""
14569,messyasiancreampies.com,""
14570,coara.eu,""
14571,tl-log.com,""
14572,bluporn.com,""
14573,national-geographic.pl,""
14574,pantydirectory.com,""
14575,xexetv.com,""
14576,chaopx.com,""
14577,irannsr.org,""
14578,oralmodels24.com,""
14579,bidsxchange.com,""
14580,free-sex-station.com,""
14581,cammodels.com,""
14582,agamecdn.com,""
14583,branders.partners,""
14584,w3techs.com,""
14585,leafmedia.io,""
14586,casinoniagara.com,""
14587,2500sz.com,""
14588,xxxdan.cc,""
14589,assesinpublic.com,""
14590,gaypornblog.com,""
14591,thismustbetheplace.net,""
14592,khabeyalda.com,""
14593,affiliateedge.com,""
14594,theteenbay.co,""
14595,swag.live,""
14596,purevolume.com,""
14597,netgamingsolutions.com,""
14598,shrtfly.com,""
14599,blogteacher.net,""
14600,mzansiadultblog.com,""
14601,pornomagia.net,""
14602,webmasterhome.cn,""
14603,myagentstats.com,""
14604,nordstellar.com,""
14605,fapista.com,""
14606,prisaradio.com,""
14607,humanoid.fr,""
14608,homepornalbum.com,""
14609,pickeringcasino.com,""
14610,privateclassics.com,""
14611,laosiji2048.com,""
14612,animalporn.me,""
14613,jizzfreecams.com,""
14614,gettyimages.fr,""
14615,punciszoros.top,""
14616,myargirls.com,""
14617,bangbus.me.uk,""
14618,moviefap.com,""
14619,dsmart.com.tr,""
14620,bluegaypics.com,""
14621,vkontakte.android,""
14622,wildfreevideos.com,""
14623,mainichi.co.jp,""
14624,bhaskarenglish.in,""
14625,pingates.com,""
14626,ditnhau.click,""
14627,nupornclips.com,""
14628,niwanetwork.org,""
14629,sexyhomemadeporn.com,""
14630,audion.fm,""
14631,tittyattack.com,""
14632,scarleteen.com,""
14633,excellenttechindia.com,""
14634,kebirsut.com.tr,""
14635,pornxhamster.com,""
14636,rg.to,""
14637,pornofrancais.org,""
14638,matureschaudes.net,""
14639,cookingchanneltv.com,""
14640,betplays.com,""
14641,piyangosepeti.com.tr,""
14642,savehealth.org,""
14643,missav.com,""
14644,nicesexdolls.com,""
14645,posthog.com,""
14646,fuckinghorses.shop,""
14647,macwelt.de,""
14648,porn-spider.com,""
14649,viart.com,""
14650,synchronybankterms.com,""
14651,goldupskirt.com,""
14652,girlstyle.com,""
14653,toto.nl,""
14654,porno600.com,""
14655,johndalysoccercamp.com,""
14656,trackingjustbit.io,""
14657,crjmpy.com,""
14658,koreanporn.tube,""
14659,hdfilme.to,""
14660,jumia.android,""
14661,sweetmilfporn.com,""
14662,scientific-python.org,""
14663,porno365tv.com,""
14664,traffic-nova.com,""
14665,ancestry.de,""
14666,hentai-3d.net,""
14667,badmofo.nl,""
14668,nujapanese.com,""
14669,indicers.com,""
14670,kaspersky.ma,""
14671,journal-digitallife.com,""
14672,nova.bg,""
14673,qudsonline.ir,""
14674,bdsmtubeclub.com,""
14675,lesbianinferno.com,""
14676,visidarbi.lv,""
14677,nurumassage.com,""
14678,motorbargh.com,""
14679,siteripz.net,""
14680,tube8.run,""
14681,auto.it,""
14682,lfpress.com,""
14683,teenroughfuck.com,""
14684,atube.xxx,""
14685,hdpornostars.com,""
14686,spermhospital.com,""
14687,ggwp.id,""
14688,boxinvestorrelations.com,""
14689,mycamchat.com,""
14690,diyizhan.xyz,""
14691,amateurbbwpussy.com,""
14692,angel-live.com,""
14693,fullporntube.pro,""
14694,afftrackio.com,""
14695,outlookindir.pro,""
14696,desinude.me,""
14697,hotwildsluts.com,""
14698,ghanahotgirls.com,""
14699,fetishlatexporn.com,""
14700,japxvideos.com,""
14701,asianphq.com,""
14702,perimeterx.net,""
14703,nakedgirls.mobi,""
14704,socialsweethearts.de,""
14705,johnnybet.com,""
14706,zamsino.com,""
14707,singlewifecams.com,""
14708,fulirukou.com,""
14709,ml0987.com,""
14710,playsuisse.ch,""
14711,aiporn.homes,""
14712,xarthunter.com,""
14713,detik.net.id,""
14714,zaobao.sg,""
14715,famethemes.com,""
14716,luckydreams.info,""
14717,porngifhub.com,""
14718,mathtag.com,""
14719,canli.mobi,""
14720,freetastyteen.com,""
14721,dzxx.live,""
14722,playojo.dk,""
14723,tripod.com,""
14724,gettyimages.ae,""
14725,wpf-medien.de,""
14726,sexumi.com,""
14727,aqddh1k112p.cc,""
14728,christymarks.com,""
14729,vbulletin.org,""
14730,amlg.io,""
14731,pornvideo.ws,""
14732,slotgenius.com,""
14733,atf.gov.ir,""
14734,hentailegendado.com,""
14735,firstclass.hu,""
14736,pornone.icu,""
14737,ahstatic.com,""
14738,cherryandmint.com,""
14739,doc.gov,""
14740,javdaddy.com,""
14741,3d-comics-tgp.com,""
14742,magazyn-kuchnia.pl,""
14743,persianapi.com,""
14744,seo.domains,""
14745,pornx.ai,""
14746,hardx.com,""
14747,backblazeb2.com,""
14748,69.is,""
14749,12bharat.com,""
14750,storspelare.se,""
14751,japanesepussyfuck.com,""
14752,irondogstudio.com,""
14753,generationhired.com,""
14754,obido.pl,""
14755,mapporntube.com,""
14756,conos.top,""
14757,waybackmachinedownloader.com,""
14758,tv21.tv,""
14759,supplyframe.com,""
14760,18yearsold.com,""
14761,pgslot.golf,""
14762,shemalepornclips.com,""
14763,stathead.com,""
14764,boytube.tv,""
14765,passmark.com,""
14766,sexcam-camsex99.com,""
14767,mpljogos.com,""
14768,xvideos-bg.com,""
14769,katporn.com,""
14770,asianotube.com,""
14771,xn--90acsajcqg6l.xn--p1ai,""
14772,accor.com,""
14773,ones.cn,""
14774,government.ru,""
14775,ghotporn.com,""
14776,nudegirls.red,""
14777,gaypornvideos.net,""
14778,pornhdsex.com,""
14779,hanafn.com,""
14780,bloxcms.com,""
14781,smtownandstore.com,""
14782,internationalcareersfestival.org,""
14783,viamedia-publicite.com,""
14784,malestars.com,""
14785,element.io,""
14786,cribeo.com,""
14787,trustutn.org,""
14788,sexliveporn.com,""
14789,milfmycum.com,""
14790,imobile.com.cn,""
14791,zavod-elecon.ru,""
14792,mymodel24.com,""
14793,masteram.us,""
14794,tcsapps.com,""
14795,moms.red,""
14796,pixeldrain.com,""
14797,aiporn.mobi,""
14798,bokepviralterbaru.cc,""
14799,gbhcasino.com,""
14800,makina.al,""
14801,dsccash.com,""
14802,lottstift.no,""
14803,videosxxxargentina.com,""
14804,pornbro.pro,""
14805,buddypress.org,""
14806,xvideosbrasileiro.net,""
14807,hairyoldsex.com,""
14808,7bit.partners,""
14809,tube8.social,""
14810,yekanser.ir,""
14811,tate.org.uk,""
14812,misteraladin.com,""
14813,bookie.ag,""
14814,porno365sex.com,""
14815,coedsororityprincessphonesex.com,""
14816,mennetwork.com,""
14817,divany.hu,""
14818,downloadxxxgames.eu,""
14819,petardas.xxx,""
14820,thelesbiansexblog.com,""
14821,bigcocksgaytube.com,""
14822,abcsr.sk,""
14823,turn.com,""
14824,flashfootball.com,""
14825,shemale.porn,""
14826,noklapja.hu,""
14827,elitesingles.com,""
14828,porno.org.in,""
14829,loupan.com,""
14830,gipvpn.com,""
14831,yeezyporno.net,""
14832,1sylviasaint.com,""
14833,plannedgiving.org,""
14834,gfoodd.com,""
14835,admin5.cn,""
14836,ecrating.ir,""
14837,ecmwf.int,""
14838,exploitedteens.com,""
14839,talkmobile.co.uk,""
14840,videos.zone,""
14841,hetzner.com,""
14842,shakhesban.com,""
14843,girlcum.com,""
14844,kaspersky.com.br,""
14845,bollyocean.com,""
14846,sexberuf.com,""
14847,desivdo.club,""
14848,videolucahbudak.com,""
14849,mimi2048.com,""
14850,kaocko.cz,""
14851,javhard.org,""
14852,tamilmirror.lk,""
14853,tipp24.com,""
14854,civiccomputing.com,""
14855,videosmadurasxx.com,""
14856,tynews.com.cn,""
14857,antarvasnaphotos2.com,""
14858,sexymodernbull.com,""
14859,skankwank.com,""
14860,hkwb.net,""
14861,cumonmyphoto.com,""
14862,retroporn.name,""
14863,avguo.com,""
14864,constantcontactpages.com,""
14865,handjobtube4free.com,""
14866,secrethostess.com,""
14867,grtya.com,""
14868,adsgrader.com,""
14869,retrosex.name,""
14870,91haijiao.com,""
14871,1cdn.rest,""
14872,ilike-movie.com,""
14873,bestpornmovies.vip,""
14874,wiki.gg,""
14875,glassdoor.com.hk,""
14876,oldfreep.com,""
14877,seriousarea.com,""
14878,porn-manga.com,""
14879,fuck-porn-videos.com,""
14880,shoeisha.co.jp,""
14881,hotclassicfuck.com,""
14882,3d-sex-comics.org,""
14883,lesbianpersonals.com,""
14884,m-porn.xxx,""
14885,gigaviewer.com,""
14886,markazeahan.com,""
14887,sex-toons-gallerys.com,""
14888,worldpornguru.com,""
14889,nopeakasinot.com,""
14890,sellhealth.com,""
14891,pandora11.com,""
14892,hessenschau.de,""
14893,mmss.ro,""
14894,bbcav.com,""
14895,xxxclub.club,""
14896,xsexcomics.com,""
14897,fondsindependancepresse.org,""
14898,virtueelstation.nl,""
14899,theporngay.com,""
14900,pervert.chat,""
14901,domacice.tv,""
14902,spunksplash.com,""
14903,rakuteneagles.jp,""
14904,fhg-tgp.com,""
14905,clubthaichix.com,""
14906,tgirlbbw.com,""
14907,eporning.cc,""
14908,mindblowingphonesex.com,""
14909,oppdagenettcasinoer.com,""
14910,momsanaladventure.com,""
14911,sexpornjapan.com,""
14912,solopornoitaliani.xxx,""
14913,wifewantsdick.com,""
14914,twteens.com,""
14915,nudevista.net,""
14916,littv.com,""
14917,nastymommyphonesex.com,""
14918,esexxxx.com,""
14919,4dxx.com,""
14920,pinpointhq.com,""
14921,youskbe.com,""
14922,nuevvo.com,""
14923,3dsex.pro,""
14924,simpcity.su,""
14925,the-pornstar-list.com,""
14926,mediagol.it,""
14927,realteenphonesex.com,""
14928,gotanynudes.com,""
14929,calciomatome.net,""
14930,media-server.com,""
14931,pornoshd.net,""
14932,texxto.ai,""
14933,swf.ir,""
14934,myusenet.net,""
14935,zalando.at,""
14936,gw2ru.com,""
14937,desipapa.info,""
14938,nsfw.sex,""
14939,402dy.com,""
14940,hubspot.de,""
14941,glassdoor.com.ar,""
14942,live-cam-sex-chat.net,""
14943,awsstatic.com,""
14944,rzw.com.cn,""
14945,pornhub520.com,""
14946,sexmanga.pro,""
14947,9porntube.com,""
14948,freephouse.com,""
14949,skibbel.com,""
14950,anotepad.com,""
14951,russkoepornovideos.ru,""
14952,justpicsplease.com,""
14953,q4cdn.com,""
14954,adsymptotic.com,""
14955,italianfriendfinder.com,""
14956,city8.com,""
14957,outdoorrevival.com,""
14958,thepornapp.com,""
14959,hardcore-hd-videos.com,""
14960,ponysfm.com,""
14961,familytaboo.net,""
14962,cunsewen.top,""
14963,fxopen.net,""
14964,kaspersky.gr,""
14965,garesoku.com,""
14966,georgiabids.us,""
14967,istanbuleskort.net,""
14968,sexting-username.com,""
14969,daddysfriend.com,""
14970,flexible-girls.com,""
14971,gratisspiele.at,""
14972,ccpgames.com,""
14973,watchjavpornonline.com,""
14974,povo.jp,""
14975,freelancer.co.id,""
14976,mobinhost.com,""
14977,pornblogreview.com,""
14978,rivacom.fr,""
14979,bobstgirls.com,""
14980,gettyimages.dk,""
14981,gqmiddleeast.com,""
14982,refpa483247.pro,""
14983,hjced7.top,""
14984,kameleoon.eu,""
14985,asiamodels24.com,""
14986,btheme.info,""
14987,ripa-center.ru,""
14988,recombee.com,""
14989,claro.com.uy,""
14990,tgju.gold,""
14991,designkit.com,""
14992,creative3dcash.com,""
14993,xxnxxx.today,""
14994,pestapora.com,""
14995,rokt.com,""
14996,hdholetube.com,""
14997,dolfwin.com,""
14998,kates-playground.info,""
